"subjid","ficat","fitest","fidtc","fistresn","chg"
"DIOD","BALANCE SHEET","otherCurrentLiabilities","2020-12-31",0.0004311694862168132,""
"DIOD","BALANCE SHEET","tradeandOtherPayablesNonCurrent","2020-12-31",0.0298987565234723,""
"DIOD","BALANCE SHEET","prepaidAssets","2020-12-31",0.05710392404908824,""
"DIOD","BALANCE SHEET","incomeTaxPayable","2020-12-31",0.015601013655056275,""
"DIOD","BALANCE SHEET","properties","2020-12-31",0,""
"DIOD","BALANCE SHEET","additionalPaidInCapital","2020-12-31",0.3657602616303901,""
"DIOD","BALANCE SHEET","pensionandOtherPostRetirementBenefitPlansCurrent","2020-12-31",0.039657830403957,""
"DIOD","BALANCE SHEET","currentCapitalLeaseObligation","2020-12-31",0.008795857518822989,""
"DIOD","BALANCE SHEET","otherNonCurrentLiabilities","2020-12-31",0.003990351565836733,""
"DIOD","BALANCE SHEET","totalTaxPayable","2020-12-31",0.021993711433719896,""
"DIOD","BALANCE SHEET","commonStockEquity","2020-12-31",0.784093913595262,""
"DIOD","BALANCE SHEET","cashCashEquivalentsAndShortTermInvestments","2020-12-31",0.22307488925859187,""
"DIOD","BALANCE SHEET","cashAndCashEquivalents","2020-12-31",0.21807820438247175,""
"DIOD","BALANCE SHEET","totalCapitalization","2020-12-31",1.018535406743328,""
"DIOD","BALANCE SHEET","accountsPayable","2020-12-31",0.13670920058736674,""
"DIOD","BALANCE SHEET","otherCurrentAssets","2020-12-31",0.05710392404908824,""
"DIOD","BALANCE SHEET","totalNonCurrentLiabilitiesNetMinorityInterest","2020-12-31",0.36899321924968376,""
"DIOD","BALANCE SHEET","capitalStock","2020-12-31",0.02903641755103867,""
"DIOD","BALANCE SHEET","workInProcess","2020-12-31",0.05976659900831018,""
"DIOD","BALANCE SHEET","nonCurrentDeferredAssets","2020-12-31",0.04705523443823904,""
"DIOD","BALANCE SHEET","netDebt","2020-12-31",0.14849883868973288,""
"DIOD","BALANCE SHEET","goodwillAndOtherIntangibleAssets","2020-12-31",0.218775397306411,""
"DIOD","BALANCE SHEET","grossPPE","2020-12-31",1.0756157384997742,""
"DIOD","BALANCE SHEET","accumulatedDepreciation","2020-12-31",-0.6437832275069861,""
"DIOD","BALANCE SHEET","receivables","2020-12-31",0.26037837156233856,""
"DIOD","BALANCE SHEET","nonCurrentDeferredTaxesAssets","2020-12-31",0.04705523443823904,""
"DIOD","BALANCE SHEET","nonCurrentDeferredLiabilities","2020-12-31",0.04991396948458976,""
"DIOD","BALANCE SHEET","currentAccruedExpenses","2020-12-31",0.07498200070776878,""
"DIOD","BALANCE SHEET","otherEquityAdjustments","2020-12-31",-0.059880492834858016,""
"DIOD","BALANCE SHEET","commonStock","2020-12-31",0.02903641755103867,""
"DIOD","BALANCE SHEET","constructionInProgress","2020-12-31",0.03665754160175397,""
"DIOD","BALANCE SHEET","workingCapital","2020-12-31",0.4183360925468693,""
"DIOD","BALANCE SHEET","currentLiabilities","2020-12-31",0.4147053200619908,""
"DIOD","BALANCE SHEET","netPPE","2020-12-31",0.4318325109927881,""
"DIOD","BALANCE SHEET","machineryFurnitureEquipment","2020-12-31",0.7666722257701053,""
"DIOD","BALANCE SHEET","totalLiabilitiesNetMinorityInterest","2020-12-31",0.7836985393116745,""
"DIOD","BALANCE SHEET","finishedGoods","2020-12-31",0.0695614680914242,""
"DIOD","BALANCE SHEET","otherIntangibleAssets","2020-12-31",0.08996880122679922,""
"DIOD","BALANCE SHEET","totalDebt","2020-12-31",0.397391017844722,""
"DIOD","BALANCE SHEET","buildingsAndImprovements","2020-12-31",0.21778126690611488,""
"DIOD","BALANCE SHEET","otherNonCurrentAssets","2020-12-31",0.07963781763157787,""
"DIOD","BALANCE SHEET","otherCurrentBorrowings","2020-12-31",0.01778370748811233,""
"DIOD","BALANCE SHEET","treasurySharesNumber","2020-12-31",0.007533147577925749,""
"DIOD","BALANCE SHEET","lineOfCredit","2020-12-31",0.11435184243602624,""
"DIOD","BALANCE SHEET","treasuryStock","2020-12-31",0.27327196625488626,""
"DIOD","BALANCE SHEET","inventory","2020-12-31",0.24980332976737185,""
"DIOD","BALANCE SHEET","gainsLossesNotAffectingRetainedEarnings","2020-12-31",-0.059880492834858016,""
"DIOD","BALANCE SHEET","ordinarySharesNumber","2020-12-31",0.03601989399738858,""
"DIOD","BALANCE SHEET","investedCapital","2020-12-31",1.1506709566674667,""
"DIOD","BALANCE SHEET","totalAssets","2020-12-31",1.610342372977876,""
"DIOD","BALANCE SHEET","tangibleBookValue","2020-12-31",0.565318516288851,""
"DIOD","BALANCE SHEET","currentAssets","2020-12-31",0.8330414126088601,""
"DIOD","BALANCE SHEET","longTermDebt","2020-12-31",0.23444149314806603,""
"DIOD","BALANCE SHEET","preferredStock","2020-12-31",0,""
"DIOD","BALANCE SHEET","grossAccountsReceivable","2020-12-31",0.26347465658977476,""
"DIOD","BALANCE SHEET","minorityInterest","2020-12-31",0.042549920070939586,""
"DIOD","BALANCE SHEET","currentDebt","2020-12-31",0.1321355499241386,""
"DIOD","BALANCE SHEET","shareIssued","2020-12-31",0.043553041575314325,""
"DIOD","BALANCE SHEET","longTermDebtAndCapitalLeaseObligation","2020-12-31",0.25645961040176046,""
"DIOD","BALANCE SHEET","otherShortTermInvestments","2020-12-31",0.004996684876120126,""
"DIOD","BALANCE SHEET","restrictedCash","2020-12-31",0.042680897971469595,""
"DIOD","BALANCE SHEET","nonCurrentDeferredTaxesLiabilities","2020-12-31",0.02814641864930057,""
"DIOD","BALANCE SHEET","totalNonCurrentAssets","2020-12-31",0.777300960369016,""
"DIOD","BALANCE SHEET","capitalLeaseObligations","2020-12-31",0.03081397477251742,""
"DIOD","BALANCE SHEET","payables","2020-12-31",0.15870291202108663,""
"DIOD","BALANCE SHEET","payablesAndAccruedExpenses","2020-12-31",0.23368491272885542,""
"DIOD","BALANCE SHEET","netTangibleAssets","2020-12-31",0.565318516288851,""
"DIOD","BALANCE SHEET","goodwill","2020-12-31",0.12880659607961178,""
"DIOD","BALANCE SHEET","totalEquityGrossMinorityInterest","2020-12-31",0.8266438336662016,""
"DIOD","BALANCE SHEET","accountsReceivable","2020-12-31",0.26037837156233856,""
"DIOD","BALANCE SHEET","allowanceForDoubtfulAccountsReceivable","2020-12-31",-0.0030962850274362094,""
"DIOD","BALANCE SHEET","longTermCapitalLeaseObligation","2020-12-31",0.02201811725369443,""
"DIOD","BALANCE SHEET","landAndImprovements","2020-12-31",0.05450470422180009,""
"DIOD","BALANCE SHEET","employeeBenefits","2020-12-31",0.02873053127402448,""
"DIOD","BALANCE SHEET","retainedEarnings","2020-12-31",0.7224496935035775,""
"DIOD","BALANCE SHEET","currentDebtAndCapitalLeaseObligation","2020-12-31",0.14093140744296156,""
"DIOD","BALANCE SHEET","rawMaterials","2020-12-31",0.12047526266763747,""
"DIOD","BALANCE SHEET","stockholdersEquity","2020-12-31",0.784093913595262,""
"DIOD","BALANCE SHEET","allowanceForDoubtfulAccountsReceivable","2021-12-31",-0.002395352882455979,0.0007009321449802305
"DIOD","BALANCE SHEET","currentDebtAndCapitalLeaseObligation","2021-12-31",0.025849757528687175,-0.11508164991427439
"DIOD","BALANCE SHEET","longTermCapitalLeaseObligation","2021-12-31",0.012361217441980276,-0.009656899811714154
"DIOD","BALANCE SHEET","stockholdersEquity","2021-12-31",0.6853911172515265,-0.09870279634373558
"DIOD","BALANCE SHEET","retainedEarnings","2021-12-31",0.6186752213928722,-0.10377447211070523
"DIOD","BALANCE SHEET","employeeBenefits","2021-12-31",0.010861075072486568,-0.01786945620153791
"DIOD","BALANCE SHEET","landAndImprovements","2021-12-31",0.03706093968297582,-0.01744376453882427
"DIOD","BALANCE SHEET","rawMaterials","2021-12-31",0.08768243514986467,-0.03279282751777281
"DIOD","BALANCE SHEET","restrictedCash","2021-12-31",0.0017832194562039307,-0.04089767851526566
"DIOD","BALANCE SHEET","otherShortTermInvestments","2021-12-31",0.00362405147017276,-0.0013726334059473654
"DIOD","BALANCE SHEET","shareIssued","2021-12-31",0.030075022075581027,-0.013478019499733297
"DIOD","BALANCE SHEET","grossAccountsReceivable","2021-12-31",0.20099027123327434,-0.062484385356500416
"DIOD","BALANCE SHEET","minorityInterest","2021-12-31",0.03627486064962591,-0.006275059421313678
"DIOD","BALANCE SHEET","currentDebt","2021-12-31",0.01963757269430666,-0.11249797722983193
"DIOD","BALANCE SHEET","longTermDebtAndCapitalLeaseObligation","2021-12-31",0.15948042336366486,-0.0969791870380956
"DIOD","BALANCE SHEET","netTangibleAssets","2021-12-31",0.5499794478279512,-0.01533906846089983
"DIOD","BALANCE SHEET","goodwill","2021-12-31",0.0830340988786602,-0.045772497200951584
"DIOD","BALANCE SHEET","payablesAndAccruedExpenses","2021-12-31",0.19252344110944059,-0.04116147161941483
"DIOD","BALANCE SHEET","totalEquityGrossMinorityInterest","2021-12-31",0.7216659779011524,-0.10497785576504925
"DIOD","BALANCE SHEET","accountsReceivable","2021-12-31",0.19859491835081838,-0.06178345321152018
"DIOD","BALANCE SHEET","nonCurrentDeferredTaxesLiabilities","2021-12-31",0.01785435323810273,-0.010292065411197843
"DIOD","BALANCE SHEET","payables","2021-12-31",0.14026940518357908,-0.01843350683750755
"DIOD","BALANCE SHEET","totalNonCurrentAssets","2021-12-31",0.5577466177550824,-0.21955434261393358
"DIOD","BALANCE SHEET","capitalLeaseObligations","2021-12-31",0.01857340227636079,-0.012240572496156628
"DIOD","BALANCE SHEET","accumulatedDepreciation","2021-12-31",-0.4633179736777087,0.18046525382927742
"DIOD","BALANCE SHEET","grossPPE","2021-12-31",0.7857704737857323,-0.28984526471404193
"DIOD","BALANCE SHEET","receivables","2021-12-31",0.19859491835081838,-0.06178345321152018
"DIOD","BALANCE SHEET","nonCurrentDeferredAssets","2021-12-31",0.01177512046010275,-0.03528011397813629
"DIOD","BALANCE SHEET","goodwillAndOtherIntangibleAssets","2021-12-31",0.13541166942357527,-0.08336372788283572
"DIOD","BALANCE SHEET","otherCurrentLiabilities","2021-12-31",0.002055771171784028,0.0016246016855672148
"DIOD","BALANCE SHEET","currentCapitalLeaseObligation","2021-12-31",0.006212184834380515,-0.0025836726844424736
"DIOD","BALANCE SHEET","incomeTaxPayable","2021-12-31",0.016442845572862713,0.000841831917806438
"DIOD","BALANCE SHEET","tradeandOtherPayablesNonCurrent","2021-12-31",0.021293933730047496,-0.008604822793424803
"DIOD","BALANCE SHEET","pensionandOtherPostRetirementBenefitPlansCurrent","2021-12-31",0.040508275711542786,0.0008504453075857885
"DIOD","BALANCE SHEET","prepaidAssets","2021-12-31",0.05938192804856295,0.002278003999474712
"DIOD","BALANCE SHEET","additionalPaidInCapital","2021-12-31",0.26127793516592973,-0.10448232646446037
"DIOD","BALANCE SHEET","properties","2021-12-31",0,0
"DIOD","BALANCE SHEET","totalNonCurrentLiabilitiesNetMinorityInterest","2021-12-31",0.23307437227240546,-0.1359188469772783
"DIOD","BALANCE SHEET","otherCurrentAssets","2021-12-31",0.05938192804856295,0.002278003999474712
"DIOD","BALANCE SHEET","accountsPayable","2021-12-31",0.12256739284341239,-0.014141807743954349
"DIOD","BALANCE SHEET","totalCapitalization","2021-12-31",0.832510323173211,-0.18602508357011704
"DIOD","BALANCE SHEET","capitalStock","2021-12-31",0.020050832002889492,-0.00898558554814918
"DIOD","BALANCE SHEET","workInProcess","2021-12-31",0.04530562907927377,-0.014460969929036414
"DIOD","BALANCE SHEET","totalTaxPayable","2021-12-31",0.0177020123401667,-0.004291699093553196
"DIOD","BALANCE SHEET","cashAndCashEquivalents","2021-12-31",0.20142181144960952,-0.016656392932862224
"DIOD","BALANCE SHEET","cashCashEquivalentsAndShortTermInvestments","2021-12-31",0.20504586291978227,-0.018029026338809595
"DIOD","BALANCE SHEET","commonStockEquity","2021-12-31",0.6853911172515265,-0.09870279634373558
"DIOD","BALANCE SHEET","otherNonCurrentLiabilities","2021-12-31",0.004628947429648973,0.0006385958638122401
"DIOD","BALANCE SHEET","gainsLossesNotAffectingRetainedEarnings","2021-12-31",-0.02798474596739794,0.03189574686746008
"DIOD","BALANCE SHEET","tangibleBookValue","2021-12-31",0.5499794478279512,-0.01533906846089983
"DIOD","BALANCE SHEET","preferredStock","2021-12-31",0,0
"DIOD","BALANCE SHEET","investedCapital","2021-12-31",0.8521478958675177,-0.29852306079994895
"DIOD","BALANCE SHEET","currentAssets","2021-12-31",0.65793097793993,-0.17511043466893006
"DIOD","BALANCE SHEET","ordinarySharesNumber","2021-12-31",0.024938356779059166,-0.011081537218329413
"DIOD","BALANCE SHEET","totalAssets","2021-12-31",1.2156775956950123,-0.39466477728286375
"DIOD","BALANCE SHEET","longTermDebt","2021-12-31",0.1471192059216846,-0.08732228722638144
"DIOD","BALANCE SHEET","machineryFurnitureEquipment","2021-12-31",0.5332468775655592,-0.23342534820454608
"DIOD","BALANCE SHEET","totalDebt","2021-12-31",0.18533018089235204,-0.21206083695237
"DIOD","BALANCE SHEET","otherNonCurrentAssets","2021-12-31",0.08810732776338079,0.008469510131802915
"DIOD","BALANCE SHEET","currentLiabilities","2021-12-31",0.2609372455214546,-0.1537680745405362
"DIOD","BALANCE SHEET","buildingsAndImprovements","2021-12-31",0.15342556512933464,-0.06435570177678024
"DIOD","BALANCE SHEET","totalLiabilitiesNetMinorityInterest","2021-12-31",0.49401161779386005,-0.2896869215178145
"DIOD","BALANCE SHEET","netPPE","2021-12-31",0.32245250010802357,-0.10938001088476451
"DIOD","BALANCE SHEET","finishedGoods","2021-12-31",0.060136984935424076,-0.009424483156000127
"DIOD","BALANCE SHEET","otherIntangibleAssets","2021-12-31",0.052377570544915084,-0.037591230681884136
"DIOD","BALANCE SHEET","nonCurrentDeferredLiabilities","2021-12-31",0.03680999267655756,-0.0131039768080322
"DIOD","BALANCE SHEET","workingCapital","2021-12-31",0.39699373241847546,-0.021342360128393856
"DIOD","BALANCE SHEET","constructionInProgress","2021-12-31",0.062037091407862566,0.025379549806108598
"DIOD","BALANCE SHEET","currentAccruedExpenses","2021-12-31",0.0522540359258615,-0.02272796478190728
"DIOD","CASH FLOWS","changesInAccountReceivables","2022-12-31",-0.010078577212608344,0.01912711180588418
"DIOD","CASH FLOWS","changesInCash","2022-12-31",0.0007622789391076587,-0.019110175721471282
"DIOD","CASH FLOWS","amortizationOfIntangibles","2022-12-31",0.007802737206210199,-0.0011803900699013086
"DIOD","CASH FLOWS","changeInCashSupplementalAsReported","2022-12-31",-0.01285577182617041,-0.038498345733664584
"DIOD","CASH FLOWS","netIncomeFromContinuingOperations","2022-12-31",0.1695783222865369,0.03868259104468716
"DIOD","CASH FLOWS","changeInAccruedExpense","2022-12-31",0.015875396135120814,-0.0003846403602186625
"DIOD","CASH FLOWS","endCashPosition","2022-12-31",0.17050005498405463,-0.032704975921758805
"DIOD","CASH FLOWS","interestPaidSupplementalData","2022-12-31",0.0036764338341880856,-0.00017031233042207137
"DIOD","CASH FLOWS","netOtherFinancingCharges","2022-12-31",-0.0067890311809575225,-0.0013280254651270315
"DIOD","CASH FLOWS","changeInAccountPayable","2022-12-31",-0.025030741085085326,-0.05584681188648709
"DIOD","CASH FLOWS","netIncome","2022-12-31",0.1655934778914115,0.0388663475839931
"DIOD","CASH FLOWS","deferredTax","2022-12-31",-0.01960681402393306,-0.03149438976505768
"DIOD","CASH FLOWS","cashFlowFromContinuingInvestingActivities","2022-12-31",-0.13259304801607533,-0.05269495576729101
"DIOD","CASH FLOWS","commonStockPayments","2022-12-31",0,0
"DIOD","CASH FLOWS","beginningCashPosition","2022-12-31",0.18335582681022503,0.0057933698119057575
"DIOD","CASH FLOWS","saleOfBusiness","2022-12-31",0.00963220666006858,0.004126329625209659
"DIOD","CASH FLOWS","repurchaseOfCapitalStock","2022-12-31",0,0
"DIOD","CASH FLOWS","purchaseOfPPE","2022-12-31",-0.10583330834058123,-0.027615951671207506
"DIOD","CASH FLOWS","commonStockIssuance","2022-12-31",0.00006997970588529327,-0.002332574746291298
"DIOD","CASH FLOWS","saleOfInvestment","2022-12-31",0.00871297323776105,0.004653503782942036
"DIOD","CASH FLOWS","gainLossOnSaleOfPPE","2022-12-31",-0.0018124743824290957,-0.0019470883395143878
"DIOD","CASH FLOWS","changeInIncomeTaxPayable","2022-12-31",-0.004165292065301062,-0.0033592702234940667
"DIOD","CASH FLOWS","saleOfPPE","2022-12-31",0.0002089394075718042,-0.0015676324458130998
"DIOD","CASH FLOWS","purchaseOfInvestment","2022-12-31",-0.006704055823811094,0.0058560357358384
"DIOD","CASH FLOWS","saleOfPPE","2023-12-31",0.0016663266614071162,0.001457387253835312
"DIOD","CASH FLOWS","purchaseOfInvestment","2023-12-31",-0.01638283749734465,-0.009678781673533554
"DIOD","CASH FLOWS","saleOfInvestment","2023-12-31",0.003930220088714293,-0.0047827531490467565
"DIOD","CASH FLOWS","gainLossOnSaleOfPPE","2023-12-31",-0.0012306385058062667,0.000581835876622829
"DIOD","CASH FLOWS","changeInIncomeTaxPayable","2023-12-31",-0.005600759204664511,-0.001435467139363449
"DIOD","CASH FLOWS","changesInAccountReceivables","2023-12-31",-0.0015712455445770967,0.008507331668031248
"DIOD","CASH FLOWS","changesInCash","2023-12-31",-0.013317975927627623,-0.014080254866735281
"DIOD","CASH FLOWS","cashFlowFromContinuingFinancingActivities","2023-12-31",-0.08709129412019577,-0.024253017220496678
"DIOD","CASH FLOWS","longTermDebtIssuance","2023-12-31",0.01516724347204946,-0.1711542233025859
"DIOD","CASH FLOWS","commonStockIssuance","2023-12-31",0,-0.00006997970588529327
"DIOD","CASH FLOWS","purchaseOfPPE","2023-12-31",-0.09072965128699513,0.0151036570535861
"DIOD","CASH FLOWS","cashFlowFromContinuingInvestingActivities","2023-12-31",-0.09527488973900233,0.037318158277072994
"DIOD","CASH FLOWS","netIncome","2023-12-31",0.1367134068587185,-0.028880071032692994
"DIOD","CASH FLOWS","beginningCashPosition","2023-12-31",0.2052662903139422,0.02191046350371717
"DIOD","CASH FLOWS","saleOfBusiness","2023-12-31",0.003786394855028377,-0.005845811805040204
"DIOD","CASH FLOWS","deferredTax","2023-12-31",-0.008033150813695773,0.011573663210237287
"DIOD","CASH FLOWS","netOtherFinancingCharges","2023-12-31",-0.012228153759405056,-0.005439122578447534
"DIOD","CASH FLOWS","endCashPosition","2023-12-31",0.19165645146439964,0.021156396480345008
"DIOD","CASH FLOWS","interestPaidSupplementalData","2023-12-31",0.0027723968685816483,-0.0009040369656064372
"DIOD","CASH FLOWS","changeInAccountPayable","2023-12-31",-0.0013028520122594462,0.02372788907282588
"DIOD","CASH FLOWS","changeInCashSupplementalAsReported","2023-12-31",-0.013609838849542557,-0.0007540670233721469
"DIOD","CASH FLOWS","changeInAccruedExpense","2023-12-31",-0.010680979383645687,-0.026556375518766502
"DIOD","CASH FLOWS","netIncomeFromContinuingOperations","2023-12-31",0.1387991736367745,-0.030779148649762417
"DIOD","CASH FLOWS","amortizationOfIntangibles","2023-12-31",0.009196390046812405,0.0013936528406022063
"DIOD","CASH FLOWS","changeInPayable","2023-12-31",-0.0069036112169239576,0.02229242193346243
"DIOD","CASH FLOWS","changeInInventory","2023-12-31",-0.017419703094168217,-0.002586504721696234
"DIOD","CASH FLOWS","changeInOtherCurrentAssets","2023-12-31",-0.010814574370584069,-0.011737806633227902
"DIOD","CASH FLOWS","amortizationCashFlow","2023-12-31",0.009196390046812405,0.0013936528406022063
"DIOD","CASH FLOWS","netPPEPurchaseAndSale","2023-12-31",-0.08906332462558801,0.01656104430742142
"DIOD","CASH FLOWS","operatingCashFlow","2023-12-31",0.1690482079315705,-0.027145395923311583
"DIOD","CASH FLOWS","netBusinessPurchaseAndSale","2023-12-31",0.0037845895173670473,0.03612970943259163
"DIOD","CASH FLOWS","investingCashFlow","2023-12-31",-0.09527488973900233,0.037318158277072994
"DIOD","CASH FLOWS","capitalExpenditure","2023-12-31",-0.09072965128699513,0.0151036570535861
"DIOD","CASH FLOWS","cashFlowFromContinuingOperatingActivities","2023-12-31",0.1690482079315705,-0.027145395923311583
"DIOD","CASH FLOWS","repaymentOfDebt","2023-12-31",-0.10743444066727686,0.19210069414362796
"DIOD","CASH FLOWS","issuanceOfCapitalStock","2023-12-31",0,-0.00006997970588529327
"DIOD","CASH FLOWS","effectOfExchangeRateChanges","2023-12-31",-0.0002918629219149337,0.013326187843363136
"DIOD","CASH FLOWS","netLongTermDebtIssuance","2023-12-31",-0.07758739489173691,-0.011074683578017885
"DIOD","CASH FLOWS","netOtherInvestingChanges","2023-12-31",0.0024564627778489883,-0.000911060640359731
"DIOD","CASH FLOWS","otherNonCashItems","2023-12-31",-0.003367556517599936,-0.0018350009587120132
"DIOD","CASH FLOWS","longTermDebtPayments","2023-12-31",-0.09268543375343541,0.16011425433701837
"DIOD","CASH FLOWS","changeInPayablesAndAccruedExpense","2023-12-31",-0.017584590600569643,-0.00426395358530407
"DIOD","CASH FLOWS","financingCashFlow","2023-12-31",-0.08709129412019577,-0.024253017220496678
"DIOD","CASH FLOWS","freeCashFlow","2023-12-31",0.07831855664457535,-0.01204173886972551
"DIOD","CASH FLOWS","changeInWorkingCapital","2023-12-31",-0.04669024437652363,-0.006148001626921015
"DIOD","CASH FLOWS","incomeTaxPaidSupplementalData","2023-12-31",0.05877457290224277,0.014443928789035602
"DIOD","CASH FLOWS","shortTermDebtIssuance","2023-12-31",0.01747326144478766,-0.039655671164755574
"DIOD","CASH FLOWS","depreciation","2023-12-31",0.07344595029664706,0.01738770718714882
"DIOD","CASH FLOWS","shortTermDebtPayments","2023-12-31",-0.014749006913841463,0.031986439806609604
"DIOD","CASH FLOWS","netShortTermDebtIssuance","2023-12-31",0.0027242545309461956,-0.007669231358145968
"DIOD","CASH FLOWS","operatingGainsLosses","2023-12-31",-0.012903951823962728,-0.019201625498597084
"DIOD","CASH FLOWS","netIssuancePaymentsOfDebt","2023-12-31",-0.07486314036079071,-0.018743914936163855
"DIOD","CASH FLOWS","deferredIncomeTax","2023-12-31",-0.008033150813695773,0.011573663210237287
"DIOD","CASH FLOWS","depreciationAmortizationDepletion","2023-12-31",0.08264234034345948,0.018781360027751035
"DIOD","CASH FLOWS","netInvestmentPurchaseAndSale","2023-12-31",-0.012452617408630356,-0.014461534822580311
"DIOD","CASH FLOWS","changeInTaxPayable","2023-12-31",-0.005600759204664511,-0.001435467139363449
"DIOD","CASH FLOWS","depreciationAndAmortization","2023-12-31",0.08264234034345948,0.018781360027751035
"DIOD","CASH FLOWS","netCommonStockIssuance","2023-12-31",0,-0.00006997970588529327
"DIOD","CASH FLOWS","purchaseOfBusiness","2023-12-31",-0.0000018053376613294867,0.04197552123763183
"DIOD","CASH FLOWS","changeInOtherCurrentLiabilities","2023-12-31",0.0006998692333753977,0.003932931645275946
"DIOD","CASH FLOWS","stockBasedCompensation","2023-12-31",0.018601597483118588,0.00046335757269260966
"DIOD","CASH FLOWS","issuanceOfDebt","2023-12-31",0.03264050491683712,-0.21080989446734147
"DIOD","CASH FLOWS","changeInReceivables","2023-12-31",-0.0015712455445770967,0.008507331668031248
"DIOD","CASH FLOWS","stockBasedCompensation","2024-09-30",0.01819823703130347,""
"DIOD","CASH FLOWS","depreciationAndAmortization","2024-09-30",0.10574799481816054,""
"DIOD","CASH FLOWS","changeInOtherCurrentLiabilities","2024-09-30",-0.0008860420186308295,""
"DIOD","CASH FLOWS","changeInReceivables","2024-09-30",0.04891616281234526,""
"DIOD","CASH FLOWS","issuanceOfDebt","2024-09-30",0.06722950033255544,""
"DIOD","CASH FLOWS","netIssuancePaymentsOfDebt","2024-09-30",0.0017265073336006137,""
"DIOD","CASH FLOWS","depreciationAmortizationDepletion","2024-09-30",0.10574799481816054,""
"DIOD","CASH FLOWS","deferredIncomeTax","2024-09-30",-0.008634081641008528,""
"DIOD","CASH FLOWS","netShortTermDebtIssuance","2024-09-30",0.003951268461461807,""
"DIOD","CASH FLOWS","operatingGainsLosses","2024-09-30",-0.007103013392598498,""
"DIOD","CASH FLOWS","changeInTaxPayable","2024-09-30",-0.021028627577304657,""
"DIOD","CASH FLOWS","netInvestmentPurchaseAndSale","2024-09-30",-0.003766644187309437,""
"DIOD","CASH FLOWS","netIncomeFromContinuingOperations","2024-09-30",0.050767812959388064,""
"DIOD","CASH FLOWS","changeInAccruedExpense","2024-09-30",-0.027247916410780514,""
"DIOD","CASH FLOWS","amortizationOfIntangibles","2024-09-30",0.011821360951270779,""
"DIOD","CASH FLOWS","changeInCashSupplementalAsReported","2024-09-30",0.015022545018582164,""
"DIOD","CASH FLOWS","saleOfPPE","2024-09-30",0.0013750259748586543,""
"DIOD","CASH FLOWS","gainLossOnSaleOfPPE","2024-09-30",-0.004647278800421159,""
"DIOD","CASH FLOWS","changeInIncomeTaxPayable","2024-09-30",-0.021028627577304657,""
"DIOD","CASH FLOWS","purchaseOfInvestment","2024-09-30",-0.015616587139181211,""
"DIOD","CASH FLOWS","saleOfInvestment","2024-09-30",0.011849942951871773,""
"DIOD","CASH FLOWS","interestPaidSupplementalData","2024-09-30",0.0015442005189564324,""
"DIOD","CASH FLOWS","endCashPosition","2024-09-30",0.22111267410880164,""
"DIOD","CASH FLOWS","netOtherFinancingCharges","2024-09-30",-0.00912770051625273,""
"DIOD","CASH FLOWS","changeInAccountPayable","2024-09-30",-0.011337784400562061,""
"DIOD","CASH FLOWS","beginningCashPosition","2024-09-30",0.2299205652129243,""
"DIOD","CASH FLOWS","netIncome","2024-09-30",0.04717961315420916,""
"DIOD","CASH FLOWS","purchaseOfPPE","2024-09-30",-0.062281724282572476,""
"DIOD","CASH FLOWS","deferredTax","2024-09-30",-0.008634081641008528,""
"DIOD","CASH FLOWS","cashFlowFromContinuingInvestingActivities","2024-09-30",-0.060119534561432375,""
"DIOD","CASH FLOWS","changesInAccountReceivables","2024-09-30",0.04891616281234526,""
"DIOD","CASH FLOWS","longTermDebtIssuance","2024-09-30",0.004853532696649958,""
"DIOD","CASH FLOWS","changesInCash","2024-09-30",-0.008807891104122683,""
"DIOD","CASH FLOWS","cashFlowFromContinuingFinancingActivities","2024-09-30",-0.007401193182652116,""
"DIOD","CASH FLOWS","shortTermDebtPayments","2024-09-30",-0.05842469917444367,""
"DIOD","CASH FLOWS","depreciation","2024-09-30",0.09392663386688976,""
"DIOD","CASH FLOWS","shortTermDebtIssuance","2024-09-30",0.06237596763590548,""
"DIOD","CASH FLOWS","changeInInventory","2024-09-30",-0.10042865276036464,""
"DIOD","CASH FLOWS","changeInOtherCurrentAssets","2024-09-30",0.021507569208996997,""
"DIOD","CASH FLOWS","netPPEPurchaseAndSale","2024-09-30",-0.06090669830771382,""
"DIOD","CASH FLOWS","changeInPayable","2024-09-30",-0.032366411977866716,""
"DIOD","CASH FLOWS","operatingCashFlow","2024-09-30",0.05871283663996181,""
"DIOD","CASH FLOWS","amortizationCashFlow","2024-09-30",0.011821360951270779,""
"DIOD","CASH FLOWS","incomeTaxPaidSupplementalData","2024-09-30",0.021818881269597017,""
"DIOD","CASH FLOWS","freeCashFlow","2024-09-30",-0.0035688876426106645,""
"DIOD","CASH FLOWS","financingCashFlow","2024-09-30",-0.007401193182652116,""
"DIOD","CASH FLOWS","changeInWorkingCapital","2024-09-30",-0.09050529114630045,""
"DIOD","CASH FLOWS","repaymentOfDebt","2024-09-30",-0.06541261207813547,""
"DIOD","CASH FLOWS","cashFlowFromContinuingOperatingActivities","2024-09-30",0.05871283663996181,""
"DIOD","CASH FLOWS","investingCashFlow","2024-09-30",-0.060119534561432375,""
"DIOD","CASH FLOWS","capitalExpenditure","2024-09-30",-0.062281724282572476,""
"DIOD","CASH FLOWS","longTermDebtPayments","2024-09-30",-0.0069879129036917904,""
"DIOD","CASH FLOWS","changeInPayablesAndAccruedExpense","2024-09-30",-0.05961432838864723,""
"DIOD","CASH FLOWS","otherNonCashItems","2024-09-30",-0.009758821988982798,""
"DIOD","CASH FLOWS","netOtherInvestingChanges","2024-09-30",-0.00030435968207545496,""
"DIOD","CASH FLOWS","effectOfExchangeRateChanges","2024-09-30",0.023830436122704846,""
"DIOD","CASH FLOWS","netLongTermDebtIssuance","2024-09-30",-0.0022247611278611934,""
"DIOD","INCOME STATEMENT","depreciationAndAmortizationInIncomeStatement","2020-12-31",0.013228767953531319,""
"DIOD","INCOME STATEMENT","netIncomeContinuousOperations","2020-12-31",0.08072550367510972,""
"DIOD","INCOME STATEMENT","dilutedAverageShares","2020-12-31",0.04241162042441721,""
"DIOD","INCOME STATEMENT","otherNonOperatingIncomeExpenses","2020-12-31",0.0035274545136530226,""
"DIOD","INCOME STATEMENT","sellingGeneralAndAdministration","2020-12-31",0.1505570628409188,""
"DIOD","INCOME STATEMENT","depreciationAmortizationDepletionIncomeStatement","2020-12-31",0.013228767953531319,""
"DIOD","INCOME STATEMENT","basicEPS","2020-12-31",1.561972478370342e-9,""
"DIOD","INCOME STATEMENT","interestExpenseNonOperating","2020-12-31",0.009487355751434858,""
"DIOD","INCOME STATEMENT","taxProvision","2020-12-31",0.017175189043413887,""
"DIOD","INCOME STATEMENT","amortization","2020-12-31",0.013228767953531319,""
"DIOD","INCOME STATEMENT","costOfRevenue","2020-12-31",0.6492712828919269,""
"DIOD","INCOME STATEMENT","totalUnusualItemsExcludingGoodwill","2020-12-31",-0.006375613704681443,""
"DIOD","INCOME STATEMENT","operatingRevenue","2020-12-31",1,""
"DIOD","INCOME STATEMENT","netIncomeFromContinuingAndDiscontinuedOperation","2020-12-31",0.07979726898874485,""
"DIOD","INCOME STATEMENT","basicAverageShares","2020-12-31",0.04149314806604215,""
"DIOD","INCOME STATEMENT","totalRevenue","2020-12-31",1,""
"DIOD","INCOME STATEMENT","normalizedEBITDA","2020-12-31",0.20163030877429905,""
"DIOD","INCOME STATEMENT","netIncomeFromContinuingOperationNetMinorityInterest","2020-12-31",0.07979726898874485,""
"DIOD","INCOME STATEMENT","netIncomeCommonStockholders","2020-12-31",0.07979726898874485,""
"DIOD","INCOME STATEMENT","minorityInterests","2020-12-31",-0.0009282346863648751,""
"DIOD","INCOME STATEMENT","otherOperatingExpenses","2020-12-31",0.0008680336637610182,""
"DIOD","INCOME STATEMENT","totalOperatingIncomeAsReported","2020-12-31",0.10928275362731499,""
"DIOD","INCOME STATEMENT","normalizedIncome","2020-12-31",0.08505715029510703,""
"DIOD","INCOME STATEMENT","reconciledDepreciation","2020-12-31",0.08786664659965913,""
"DIOD","INCOME STATEMENT","researchAndDevelopment","2020-12-31",0.07670586512530354,""
"DIOD","INCOME STATEMENT","eBITDA","2020-12-31",0.1952546950696176,""
"DIOD","INCOME STATEMENT","interestIncomeNonOperating","2020-12-31",0.0008672201364285337,""
"DIOD","INCOME STATEMENT","pretaxIncome","2020-12-31",0.09790069271852361,""
"DIOD","INCOME STATEMENT","dilutedNIAvailtoComStockholders","2020-12-31",0.07979726898874485,""
"DIOD","INCOME STATEMENT","totalUnusualItems","2020-12-31",-0.006375613704681443,""
"DIOD","INCOME STATEMENT","totalExpenses","2020-12-31",0.8906310124754416,""
"DIOD","INCOME STATEMENT","specialIncomeCharges","2020-12-31",-0.00008623389724336263,""
"DIOD","INCOME STATEMENT","interestIncome","2020-12-31",0.0008672201364285337,""
"DIOD","INCOME STATEMENT","ebit","2020-12-31",0.10738804846995847,""
"DIOD","INCOME STATEMENT","otherIncomeExpense","2020-12-31",-0.002848159191028421,""
"DIOD","INCOME STATEMENT","operatingIncome","2020-12-31",0.10936898752455836,""
"DIOD","INCOME STATEMENT","dilutedEPS","2020-12-31",1.52943138507096e-9,""
"DIOD","INCOME STATEMENT","netInterestIncome","2020-12-31",-0.008620135615006325,""
"DIOD","BALANCE SHEET","nonCurrentDeferredTaxesAssets","2021-12-31",0.01177512046010275,-0.03528011397813629
"DIOD","BALANCE SHEET","otherEquityAdjustments","2021-12-31",-0.02798474596739794,0.03189574686746008
"DIOD","BALANCE SHEET","commonStock","2021-12-31",0.020050832002889492,-0.00898558554814918
"DIOD","BALANCE SHEET","inventory","2021-12-31",0.19312504916456252,-0.05667828060280933
"DIOD","BALANCE SHEET","otherCurrentBorrowings","2021-12-31",0.009628498716458688,-0.008155208771653643
"DIOD","BALANCE SHEET","treasuryStock","2021-12-31",0.18662812534276702,-0.08664384091211924
"DIOD","BALANCE SHEET","treasurySharesNumber","2021-12-31",0.005136665296521864,-0.0023964822814038856
"DIOD","BALANCE SHEET","lineOfCredit","2021-12-31",0.010009073977847971,-0.10434276845817826
"DIOD","BALANCE SHEET","treasuryStock","2022-12-31",0.16869607813734017,-0.01793204720542685
"DIOD","BALANCE SHEET","otherCurrentBorrowings","2022-12-31",0.0008462545861700107,-0.008782244130288677
"DIOD","BALANCE SHEET","lineOfCredit","2022-12-31",0.01813474092513171,0.00812566694728374
"DIOD","BALANCE SHEET","treasurySharesNumber","2022-12-31",0.004639445060932329,-0.0004972202355895345
"DIOD","BALANCE SHEET","currentLiabilities","2022-12-31",0.21620230133261353,-0.04473494418884105
"DIOD","BALANCE SHEET","buildingsAndImprovements","2022-12-31",0.16192354217276989,0.008497977043435245
"DIOD","BALANCE SHEET","finishedGoods","2022-12-31",0.04831548850833258,-0.011821496427091495
"DIOD","BALANCE SHEET","totalLiabilitiesNetMinorityInterest","2022-12-31",0.3525942476681762,-0.14141737012568384
"DIOD","BALANCE SHEET","totalDebt","2022-12-31",0.1068060262523868,-0.07852415463996523
"DIOD","BALANCE SHEET","otherNonCurrentAssets","2022-12-31",0.06533555268971998,-0.022771775073660808
"DIOD","BALANCE SHEET","otherIntangibleAssets","2022-12-31",0.039557028461746094,-0.01282054208316899
"DIOD","BALANCE SHEET","netPPE","2022-12-31",0.36825820512051505,0.04580570501249148
"DIOD","BALANCE SHEET","machineryFurnitureEquipment","2022-12-31",0.5687035759629707,0.0354566983974115
"DIOD","BALANCE SHEET","gainsLossesNotAffectingRetainedEarnings","2022-12-31",-0.06409791160563437,-0.036113165638236425
"DIOD","BALANCE SHEET","totalAssets","2022-12-31",1.1438242909556229,-0.07185330473938945
"DIOD","BALANCE SHEET","ordinarySharesNumber","2022-12-31",0.02272826980175749,-0.002210086977301677
"DIOD","BALANCE SHEET","longTermDebt","2022-12-31",0.0737136230493157,-0.0734055828723689
"DIOD","BALANCE SHEET","currentAssets","2022-12-31",0.5806671065391037,-0.07726387140082636
"DIOD","BALANCE SHEET","tangibleBookValue","2022-12-31",0.6446885403233062,0.09470909249535509
"DIOD","BALANCE SHEET","preferredStock","2022-12-31",0,0
"DIOD","BALANCE SHEET","investedCapital","2022-12-31",0.8492977036659369,-0.0028501922015807812
"DIOD","BALANCE SHEET","inventory","2022-12-31",0.18008827440042388,-0.013036774764138642
"DIOD","BALANCE SHEET","commonStock","2022-12-31",0.018246208599506143,-0.0018046234033833493
"DIOD","BALANCE SHEET","nonCurrentDeferredLiabilities","2022-12-31",0.01943386417938798,-0.01737612849716958
"DIOD","BALANCE SHEET","workingCapital","2022-12-31",0.3644648052064901,-0.03252892721198536
"DIOD","BALANCE SHEET","otherEquityAdjustments","2022-12-31",-0.06409791160563437,-0.036113165638236425
"DIOD","BALANCE SHEET","nonCurrentDeferredTaxesAssets","2022-12-31",0.017648881824270962,0.005873761364168213
"DIOD","BALANCE SHEET","constructionInProgress","2022-12-31",0.06020803966849614,-0.0018290517393664274
"DIOD","BALANCE SHEET","currentAccruedExpenses","2022-12-31",0.05912285437223205,0.00686881844637055
"DIOD","BALANCE SHEET","payables","2022-12-31",0.09155244978956102,-0.04871695539401806
"DIOD","BALANCE SHEET","capitalLeaseObligations","2022-12-31",0.014111407691769388,-0.0044619945845914034
"DIOD","BALANCE SHEET","nonCurrentDeferredTaxesLiabilities","2022-12-31",0.00644962960741385,-0.011404723630688878
"DIOD","BALANCE SHEET","totalNonCurrentAssets","2022-12-31",0.5631571844165192,0.0054105666614368
"DIOD","BALANCE SHEET","otherShortTermInvestments","2022-12-31",0.003528476741744894,-0.00009557472842786638
"DIOD","BALANCE SHEET","restrictedCash","2022-12-31",0.002182866968579112,0.0003996475123751815
"DIOD","BALANCE SHEET","landAndImprovements","2022-12-31",0.033913165182097194,-0.0031477745008786293
"DIOD","BALANCE SHEET","employeeBenefits","2022-12-31",0.006065241080086775,-0.004795833992399794
"DIOD","BALANCE SHEET","stockholdersEquity","2022-12-31",0.7566030851053195,0.07121196785379302
"DIOD","BALANCE SHEET","currentDebtAndCapitalLeaseObligation","2022-12-31",0.022689919923222265,-0.0031598376054649095
"DIOD","BALANCE SHEET","rawMaterials","2022-12-31",0.09147647182317128,0.0037940366733066194
"DIOD","BALANCE SHEET","retainedEarnings","2022-12-31",0.7238360875346149,0.10516086614174269
"DIOD","BALANCE SHEET","longTermCapitalLeaseObligation","2022-12-31",0.010402483279848844,-0.0019587341621314317
"DIOD","BALANCE SHEET","allowanceForDoubtfulAccountsReceivable","2022-12-31",-0.0029251517060052586,-0.0005297988235492797
"DIOD","BALANCE SHEET","goodwill","2022-12-31",0.07235751632026713,-0.010676582558393072
"DIOD","BALANCE SHEET","netTangibleAssets","2022-12-31",0.6446885403233062,0.09470909249535509
"DIOD","BALANCE SHEET","accountsReceivable","2022-12-31",0.18456297673674635,-0.014031941614072035
"DIOD","BALANCE SHEET","payablesAndAccruedExpenses","2022-12-31",0.1506753041617931,-0.041848136947647496
"DIOD","BALANCE SHEET","totalEquityGrossMinorityInterest","2022-12-31",0.7912300432874466,0.06956406538629423
"DIOD","BALANCE SHEET","currentDebt","2022-12-31",0.018980995511301724,-0.0006565771830049361
"DIOD","BALANCE SHEET","minorityInterest","2022-12-31",0.03462695818212718,-0.001647902467498727
"DIOD","BALANCE SHEET","longTermDebtAndCapitalLeaseObligation","2022-12-31",0.08411610632916454,-0.07536431703450032
"DIOD","BALANCE SHEET","shareIssued","2022-12-31",0.02736771486268982,-0.002707307212891207
"DIOD","BALANCE SHEET","grossAccountsReceivable","2022-12-31",0.1874881284427516,-0.013502142790522753
"DIOD","BALANCE SHEET","commonStockEquity","2022-12-31",0.7566030851053195,0.07121196785379302
"DIOD","BALANCE SHEET","cashAndCashEquivalents","2022-12-31",0.16831718801547552,-0.033104623434134006
"DIOD","BALANCE SHEET","cashCashEquivalentsAndShortTermInvestments","2022-12-31",0.1718456647572204,-0.03320019816256187
"DIOD","BALANCE SHEET","totalTaxPayable","2022-12-31",0.01135470713493087,-0.006347305205235829
"DIOD","BALANCE SHEET","otherNonCurrentLiabilities","2022-12-31",0.006592088294394625,0.001963140864745652
"DIOD","BALANCE SHEET","grossPPE","2022-12-31",0.8247483229863339,0.038977849200601655
"DIOD","BALANCE SHEET","nonCurrentDeferredAssets","2022-12-31",0.017648881824270962,0.005873761364168213
"DIOD","BALANCE SHEET","accumulatedDepreciation","2022-12-31",-0.4564901178658189,0.006827855811889827
"DIOD","BALANCE SHEET","goodwillAndOtherIntangibleAssets","2022-12-31",0.11191454478201322,-0.023497124641562048
"DIOD","BALANCE SHEET","receivables","2022-12-31",0.18456297673674635,-0.014031941614072035
"DIOD","BALANCE SHEET","capitalStock","2022-12-31",0.018246208599506143,-0.0018046234033833493
"DIOD","BALANCE SHEET","totalCapitalization","2022-12-31",0.8303167081546352,-0.002193615018575845
"DIOD","BALANCE SHEET","totalNonCurrentLiabilitiesNetMinorityInterest","2022-12-31",0.13639194633556267,-0.09668242593684279
"DIOD","BALANCE SHEET","workInProcess","2022-12-31",0.040296314068920015,-0.005009315010353753
"DIOD","BALANCE SHEET","otherCurrentAssets","2022-12-31",0.04198732367613392,-0.017394604372429033
"DIOD","BALANCE SHEET","accountsPayable","2022-12-31",0.08019774265463016,-0.042369650188782235
"DIOD","BALANCE SHEET","prepaidAssets","2022-12-31",0.04198732367613392,-0.017394604372429033
"DIOD","BALANCE SHEET","pensionandOtherPostRetirementBenefitPlansCurrent","2022-12-31",0.041162562856771535,0.0006542871452287491
"DIOD","BALANCE SHEET","incomeTaxPayable","2022-12-31",0.009838146937388157,-0.006604698635474556
"DIOD","BALANCE SHEET","tradeandOtherPayablesNonCurrent","2022-12-31",0.020184646452528765,-0.0011092872775187307
"DIOD","BALANCE SHEET","properties","2022-12-31",0,0
"DIOD","BALANCE SHEET","additionalPaidInCapital","2022-12-31",0.2473147787141729,-0.01396315645175683
"DIOD","BALANCE SHEET","otherCurrentLiabilities","2022-12-31",0.0016745143908266603,-0.00038125678095736774
"DIOD","BALANCE SHEET","currentCapitalLeaseObligation","2022-12-31",0.003708924411920543,-0.002503260422459972
"DIOD","BALANCE SHEET","incomeTaxPayable","2023-12-31",0.006294008866615034,-0.003544138070773123
"DIOD","BALANCE SHEET","additionalPaidInCapital","2023-12-31",0.30682375511437116,0.059508976400198255
"DIOD","BALANCE SHEET","properties","2023-12-31",0,0
"DIOD","BALANCE SHEET","otherCurrentLiabilities","2023-12-31",0.00008244375320071324,-0.0015920706376259472
"DIOD","BALANCE SHEET","pensionandOtherPostRetirementBenefitPlansCurrent","2023-12-31",0.03851387010836239,-0.0026486927484091483
"DIOD","BALANCE SHEET","tradeandOtherPayablesNonCurrent","2023-12-31",0.025769389777817096,0.005584743325288331
"DIOD","BALANCE SHEET","currentCapitalLeaseObligation","2023-12-31",0.0053510208281805985,0.0016420964162600555
"DIOD","BALANCE SHEET","totalTaxPayable","2023-12-31",0.00823053439800113,-0.003124172736929741
"DIOD","BALANCE SHEET","cashAndCashEquivalents","2023-12-31",0.18983546754333863,0.021518279527863116
"DIOD","BALANCE SHEET","commonStockEquity","2023-12-31",1.0475417619734506,0.29093867686813113
"DIOD","BALANCE SHEET","cashCashEquivalentsAndShortTermInvestments","2023-12-31",0.19595796933212736,0.024112304574906956
"DIOD","BALANCE SHEET","otherNonCurrentLiabilities","2023-12-31",0.012930430109662227,0.006338341815267602
"DIOD","BALANCE SHEET","otherCurrentAssets","2023-12-31",0.05838702708427738,0.016399703408143458
"DIOD","BALANCE SHEET","accountsPayable","2023-12-31",0.0952381812065553,0.015040438551925148
"DIOD","BALANCE SHEET","workInProcess","2023-12-31",0.043855262469015895,0.0035589484000958793
"DIOD","BALANCE SHEET","totalNonCurrentLiabilitiesNetMinorityInterest","2023-12-31",0.0989830532953731,-0.03740889304018957
"DIOD","BALANCE SHEET","capitalStock","2023-12-31",0.022156909117496792,0.00391070051799065
"DIOD","BALANCE SHEET","totalCapitalization","2023-12-31",1.0577593713573552,0.22744266320272
"DIOD","BALANCE SHEET","nonCurrentDeferredAssets","2023-12-31",0.031063843359276037,0.013414961535005075
"DIOD","BALANCE SHEET","goodwillAndOtherIntangibleAssets","2023-12-31",0.12667151700718343,0.014756972225170209
"DIOD","BALANCE SHEET","receivables","2023-12-31",0.22381974545942535,0.039256768722679
"DIOD","BALANCE SHEET","accumulatedDepreciation","2023-12-31",-0.6043488177144546,-0.1478586998486357
"DIOD","BALANCE SHEET","grossPPE","2023-12-31",1.0533778168533086,0.22862949386697462
"DIOD","BALANCE SHEET","nonCurrentDeferredLiabilities","2023-12-31",0.02476742737577923,0.00533356319639125
"DIOD","BALANCE SHEET","commonStock","2023-12-31",0.022156909117496792,0.00391070051799065
"DIOD","BALANCE SHEET","constructionInProgress","2023-12-31",0.08083880801979132,0.02063076835129518
"DIOD","BALANCE SHEET","otherEquityAdjustments","2023-12-31",-0.08619103240641281,-0.022093120800778437
"DIOD","BALANCE SHEET","currentAccruedExpenses","2023-12-31",0.06224021943277494,0.003117365060542887
"DIOD","BALANCE SHEET","nonCurrentDeferredTaxesAssets","2023-12-31",0.031063843359276037,0.013414961535005075
"DIOD","BALANCE SHEET","workingCapital","2023-12-31",0.4777446999799608,0.11327989477347067
"DIOD","BALANCE SHEET","totalDebt","2023-12-31",0.059189800564348555,-0.04761622568803825
"DIOD","BALANCE SHEET","currentLiabilities","2023-12-31",0.23679891968594347,0.020596618353329932
"DIOD","BALANCE SHEET","buildingsAndImprovements","2023-12-31",0.20489860321025144,0.042975061037481554
"DIOD","BALANCE SHEET","totalLiabilitiesNetMinorityInterest","2023-12-31",0.33578197298131657,-0.01681227468685964
"DIOD","BALANCE SHEET","netPPE","2023-12-31",0.4490289991388539,0.08077079401833887
"DIOD","BALANCE SHEET","finishedGoods","2023-12-31",0.07811214637196334,0.02979665786363076
"DIOD","BALANCE SHEET","otherIntangibleAssets","2023-12-31",0.038475958017474464,-0.0010810704442716298
"DIOD","BALANCE SHEET","machineryFurnitureEquipment","2023-12-31",0.7229775554404151,0.15427397947744437
"DIOD","BALANCE SHEET","otherNonCurrentAssets","2023-12-31",0.10350000812401948,0.0381644554342995
"DIOD","BALANCE SHEET","treasuryStock","2023-12-31",0.20339295160070264,0.034696873463362476
"DIOD","BALANCE SHEET","treasurySharesNumber","2023-12-31",0.005588640574723227,0.0009491955137908977
"DIOD","BALANCE SHEET","otherCurrentBorrowings","2023-12-31",0.002659262375138334,0.0018130077889683231
"DIOD","BALANCE SHEET","lineOfCredit","2023-12-31",0.024483387583730056,0.0063486466585983455
"DIOD","BALANCE SHEET","inventory","2023-12-31",0.23455789386901313,0.05446961946858925
"DIOD","BALANCE SHEET","preferredStock","2023-12-31",0,0
"DIOD","BALANCE SHEET","ordinarySharesNumber","2023-12-31",0.027644763708380198,0.004916493906622708
"DIOD","BALANCE SHEET","totalAssets","2023-12-31",1.424807987295237,0.2809836963396142
"DIOD","BALANCE SHEET","tangibleBookValue","2023-12-31",0.9208702449662672,0.276181704642961
"DIOD","BALANCE SHEET","investedCapital","2023-12-31",1.0849020213162235,0.23560431765028655
"DIOD","BALANCE SHEET","longTermDebt","2023-12-31",0.010217609383904452,-0.06349601366541124
"DIOD","BALANCE SHEET","gainsLossesNotAffectingRetainedEarnings","2023-12-31",-0.08619103240641281,-0.022093120800778437
"DIOD","BALANCE SHEET","currentAssets","2023-12-31",0.7145436196659042,0.1338765131268005
"DIOD","BALANCE SHEET","shareIssued","2023-12-31",0.033233404283103424,0.0058656894204136036
"DIOD","BALANCE SHEET","grossAccountsReceivable","2023-12-31",0.22721438204194522,0.03972625359919363
"DIOD","BALANCE SHEET","currentDebt","2023-12-31",0.02714264995886839,0.008161654447566665
"DIOD","BALANCE SHEET","longTermDebtAndCapitalLeaseObligation","2023-12-31",0.026696129777299564,-0.057419976551864975
"DIOD","BALANCE SHEET","minorityInterest","2023-12-31",0.04148425234046983,0.006857294158342651
"DIOD","BALANCE SHEET","otherShortTermInvestments","2023-12-31",0.006122501788788733,0.002594025047043839
"DIOD","BALANCE SHEET","restrictedCash","2023-12-31",0.001820983921061009,-0.0003618830475181033
"DIOD","BALANCE SHEET","payables","2023-12-31",0.10346871560455644,0.011916265814995414
"DIOD","BALANCE SHEET","nonCurrentDeferredTaxesLiabilities","2023-12-31",0.008221507709694483,0.001771878102280633
"DIOD","BALANCE SHEET","capitalLeaseObligations","2023-12-31",0.02182954122157571,0.007718133529806322
"DIOD","BALANCE SHEET","totalNonCurrentAssets","2023-12-31",0.7102643676293329,0.14710718321281369
"DIOD","BALANCE SHEET","goodwill","2023-12-31",0.08819555898970897,0.015838042669441846
"DIOD","BALANCE SHEET","accountsReceivable","2023-12-31",0.22381974545942535,0.039256768722679
"DIOD","BALANCE SHEET","payablesAndAccruedExpenses","2023-12-31",0.16570893503733136,0.015033630875538273
"DIOD","BALANCE SHEET","totalEquityGrossMinorityInterest","2023-12-31",1.0890260143139205,0.2977959710264739
"DIOD","BALANCE SHEET","netTangibleAssets","2023-12-31",0.9208702449662672,0.276181704642961
"DIOD","BALANCE SHEET","retainedEarnings","2023-12-31",1.008145081748698,0.2843089942140832
"DIOD","BALANCE SHEET","employeeBenefits","2023-12-31",0.008819676254814985,0.0027544351747282106
"DIOD","BALANCE SHEET","allowanceForDoubtfulAccountsReceivable","2023-12-31",-0.003394636582519878,-0.0004694848765146196
"DIOD","BALANCE SHEET","landAndImprovements","2023-12-31",0.044662850182850614,0.01074968500075342
"DIOD","BALANCE SHEET","stockholdersEquity","2023-12-31",1.0475417619734506,0.29093867686813113
"DIOD","BALANCE SHEET","rawMaterials","2023-12-31",0.11259048502803388,0.0211140132048626
"DIOD","BALANCE SHEET","longTermCapitalLeaseObligation","2023-12-31",0.01647852039339511,0.006076037113546267
"DIOD","BALANCE SHEET","currentDebtAndCapitalLeaseObligation","2023-12-31",0.03249367078704899,0.009803750863826725
"DIOD","CASH FLOWS","purchaseOfInvestment","2020-12-31",-0.014331911016380372,""
"DIOD","CASH FLOWS","changeInIncomeTaxPayable","2020-12-31",-0.002732638309815614,""
"DIOD","CASH FLOWS","gainLossOnInvestmentSecurities","2020-12-31",-0.0014366892691677208,""
"DIOD","INCOME STATEMENT","netIncome","2020-12-31",0.07979726898874485,""
"DIOD","INCOME STATEMENT","netNonOperatingInterestIncomeExpense","2020-12-31",-0.008620135615006325,""
"DIOD","INCOME STATEMENT","taxRateForCalcs","2020-12-31",1.4236728318479679e-10,""
"DIOD","INCOME STATEMENT","interestExpense","2020-12-31",0.009487355751434858,""
"DIOD","INCOME STATEMENT","gainOnSaleOfSecurity","2020-12-31",-0.00628937980743808,""
"DIOD","INCOME STATEMENT","gainOnSaleOfPPE","2020-12-31",-0.00008623389724336263,""
"DIOD","INCOME STATEMENT","reconciledCostOfRevenue","2020-12-31",0.5746334042457991,""
"DIOD","INCOME STATEMENT","netIncomeIncludingNoncontrollingInterests","2020-12-31",0.08072550367510972,""
"DIOD","INCOME STATEMENT","taxEffectOfUnusualItems","2020-12-31",-0.0011157323983192525,""
"DIOD","INCOME STATEMENT","amortizationOfIntangiblesIncomeStatement","2020-12-31",0.013228767953531319,""
"DIOD","INCOME STATEMENT","grossProfit","2020-12-31",0.350728717108073,""
"DIOD","INCOME STATEMENT","operatingExpense","2020-12-31",0.24135972958351468,""
"DIOD","INCOME STATEMENT","taxEffectOfUnusualItems","2021-12-31",0.0035543901322983755,0.0046701225306176285
"DIOD","INCOME STATEMENT","operatingExpense","2021-12-31",0.2183344209550168,-0.023025308628497887
"DIOD","INCOME STATEMENT","netIncomeIncludingNoncontrollingInterests","2021-12-31",0.13089573124184975,0.05017022756674003
"DIOD","INCOME STATEMENT","grossProfit","2021-12-31",0.37135725214689874,0.020628535038825724
"DIOD","INCOME STATEMENT","amortizationOfIntangiblesIncomeStatement","2021-12-31",0.008983127276111507,-0.004245640677419811
"DIOD","INCOME STATEMENT","operatingIncome","2021-12-31",0.15302283119188195,0.0436538436673236
"DIOD","INCOME STATEMENT","otherIncomeExpense","2021-12-31",0.023940233618921735,0.026788392809950157
"DIOD","INCOME STATEMENT","netInterestIncome","2021-12-31",-0.002410863955700375,0.00620927165930595
"DIOD","INCOME STATEMENT","dilutedEPS","2021-12-31",2.7698345079278205e-9,1.2404031228568606e-9
"DIOD","INCOME STATEMENT","gainOnSaleOfPPE","2021-12-31",-0.00013627585779004875,-0.00005004196054668613
"DIOD","INCOME STATEMENT","gainOnSaleOfSecurity","2021-12-31",0.014353836386983551,0.02064321619442163
"DIOD","INCOME STATEMENT","reconciledCostOfRevenue","2021-12-31",0.5698009375335843,-0.004832466712214822
"DIOD","INCOME STATEMENT","taxRateForCalcs","2021-12-31",1.38491725396391e-10,-3.875557788405776e-12
"DIOD","INCOME STATEMENT","netNonOperatingInterestIncomeExpense","2021-12-31",-0.002410863955700375,0.00620927165930595
"DIOD","INCOME STATEMENT","interestExpense","2021-12-31",0.004149766059777461,-0.005337589691657397
"DIOD","INCOME STATEMENT","netIncome","2021-12-31",0.1267271303074184,0.046929861318673535
"DIOD","INCOME STATEMENT","netIncomeFromContinuingAndDiscontinuedOperation","2021-12-31",0.1267271303074184,0.046929861318673535
"DIOD","INCOME STATEMENT","basicAverageShares","2021-12-31",0.024802206117788873,-0.01669094194825328
"DIOD","INCOME STATEMENT","totalRevenue","2021-12-31",1,0
"DIOD","INCOME STATEMENT","costOfRevenue","2021-12-31",0.6286427478531013,-0.02062853503882567
"DIOD","INCOME STATEMENT","interestExpenseNonOperating","2021-12-31",0.004149766059777461,-0.005337589691657397
"DIOD","INCOME STATEMENT","operatingRevenue","2021-12-31",1,0
"DIOD","INCOME STATEMENT","amortization","2021-12-31",0.008983127276111507,-0.004245640677419811
"DIOD","INCOME STATEMENT","basicEPS","2021-12-31",2.8307708671022325e-9,1.2687983887318906e-9
"DIOD","INCOME STATEMENT","totalUnusualItemsExcludingGoodwill","2021-12-31",0.014217560529193502,0.020593174233874946
"DIOD","INCOME STATEMENT","taxProvision","2021-12-31",0.04365646961325355,0.02648128056983966
"DIOD","INCOME STATEMENT","dilutedAverageShares","2021-12-31",0.025361158721488707,-0.0170504617029285
"DIOD","INCOME STATEMENT","sellingGeneralAndAdministration","2021-12-31",0.14276281020761572,-0.007794252633303078
"DIOD","INCOME STATEMENT","depreciationAmortizationDepletionIncomeStatement","2021-12-31",0.008983127276111507,-0.004245640677419811
"DIOD","INCOME STATEMENT","otherNonOperatingIncomeExpenses","2021-12-31",0.009722673089728235,0.0061952185760752124
"DIOD","INCOME STATEMENT","depreciationAndAmortizationInIncomeStatement","2021-12-31",0.008983127276111507,-0.004245640677419811
"DIOD","INCOME STATEMENT","restructuringAndMergernAcquisition","2021-12-31",0,""
"DIOD","INCOME STATEMENT","netIncomeContinuousOperations","2021-12-31",0.13089573124184975,0.05017022756674003
"DIOD","INCOME STATEMENT","dilutedNIAvailtoComStockholders","2021-12-31",0.1267271303074184,0.046929861318673535
"DIOD","INCOME STATEMENT","interestIncomeNonOperating","2021-12-31",0.0017389021040770856,0.0008716819676485519
"DIOD","INCOME STATEMENT","interestIncome","2021-12-31",0.0017389021040770856,0.0008716819676485519
"DIOD","INCOME STATEMENT","specialIncomeCharges","2021-12-31",-0.00013627585779004875,-0.00005004196054668613
"DIOD","INCOME STATEMENT","totalUnusualItems","2021-12-31",0.014217560529193502,0.020593174233874946
"DIOD","INCOME STATEMENT","ebit","2021-12-31",0.17870196691488077,0.0713139184449223
"DIOD","INCOME STATEMENT","totalExpenses","2021-12-31",0.846977168808118,-0.04365384366732361
"DIOD","INCOME STATEMENT","pretaxIncome","2021-12-31",0.1745522008551033,0.0766515081365797
"DIOD","INCOME STATEMENT","netIncomeFromContinuingOperationNetMinorityInterest","2021-12-31",0.1267271303074184,0.046929861318673535
"DIOD","INCOME STATEMENT","minorityInterests","2021-12-31",-0.00416860093443137,-0.0032403662480664946
"DIOD","INCOME STATEMENT","netIncomeCommonStockholders","2021-12-31",0.1267271303074184,0.046929861318673535
"DIOD","INCOME STATEMENT","normalizedEBITDA","2021-12-31",0.2323093439813158,0.030679035207016758
"DIOD","INCOME STATEMENT","reconciledDepreciation","2021-12-31",0.06782493759562853,-0.0200417090040306
"DIOD","INCOME STATEMENT","researchAndDevelopment","2021-12-31",0.06603285466899923,-0.01067301045630431
"DIOD","INCOME STATEMENT","normalizedIncome","2021-12-31",0.11606395991052326,0.031006809615416228
"DIOD","INCOME STATEMENT","totalOperatingIncomeAsReported","2021-12-31",0.1528865553340919,0.04360380170677691
"DIOD","INCOME STATEMENT","eBITDA","2021-12-31",0.2465269045105093,0.0512722094408917
"DIOD","INCOME STATEMENT","otherOperatingExpenses","2021-12-31",0.0005556288022903207,-0.00031240486147069747
"DIOD","INCOME STATEMENT","otherOperatingExpenses","2022-12-31",-0.00005398434454008338,-0.0006096131468304041
"DIOD","INCOME STATEMENT","totalUnusualItems","2022-12-31",-0.005368943006528107,-0.01958650353572161
"DIOD","INCOME STATEMENT","pretaxIncome","2022-12-31",0.1979126053444501,0.023360404489346787
"DIOD","INCOME STATEMENT","ebit","2022-12-31",0.20207139929420467,0.0233694323793239
"DIOD","INCOME STATEMENT","dilutedNIAvailtoComStockholders","2022-12-31",0.1655934778914115,0.0388663475839931
"DIOD","INCOME STATEMENT","specialIncomeCharges","2022-12-31",0.0018249707584800407,0.0019612466162700895
"DIOD","INCOME STATEMENT","interestIncomeNonOperating","2022-12-31",0.0018354677143628349,0.0000965656102857493
"DIOD","INCOME STATEMENT","interestIncome","2022-12-31",0.0018354677143628349,0.0000965656102857493
"DIOD","INCOME STATEMENT","totalExpenses","2022-12-31",0.7977876415839407,-0.049189527224177354
"DIOD","INCOME STATEMENT","normalizedIncome","2022-12-31",0.17019466204800607,0.054130702137482806
"DIOD","INCOME STATEMENT","reconciledDepreciation","2022-12-31",0.06386098031570844,-0.003963957279920091
"DIOD","INCOME STATEMENT","researchAndDevelopment","2022-12-31",0.06313968949004789,-0.002893165178951343
"DIOD","INCOME STATEMENT","totalOperatingIncomeAsReported","2022-12-31",0.20403732917453937,0.05115077384044747
"DIOD","INCOME STATEMENT","eBITDA","2022-12-31",0.2659323796099131,0.019405475099403824
"DIOD","INCOME STATEMENT","netIncomeCommonStockholders","2022-12-31",0.1655934778914115,0.0388663475839931
"DIOD","INCOME STATEMENT","normalizedEBITDA","2022-12-31",0.27130132261644124,0.038991978635125435
"DIOD","INCOME STATEMENT","netIncomeFromContinuingOperationNetMinorityInterest","2022-12-31",0.1655934778914115,0.0388663475839931
"DIOD","INCOME STATEMENT","minorityInterests","2022-12-31",-0.003984844395125414,0.000183756539305956
"DIOD","INCOME STATEMENT","taxRateForCalcs","2022-12-31",7.147927101140669e-11,-6.701245438498432e-11
"DIOD","INCOME STATEMENT","netNonOperatingInterestIncomeExpense","2022-12-31",-0.0023233262353917366,0.0000875377203086382
"DIOD","INCOME STATEMENT","interestExpense","2022-12-31",0.004158793949754571,0.00000902788997711023
"DIOD","INCOME STATEMENT","netIncome","2022-12-31",0.1655934778914115,0.0388663475839931
"DIOD","INCOME STATEMENT","amortizationOfIntangiblesIncomeStatement","2022-12-31",0.007802737206210199,-0.0011803900699013086
"DIOD","INCOME STATEMENT","netIncomeIncludingNoncontrollingInterests","2022-12-31",0.1695783222865369,0.03868259104468716
"DIOD","INCOME STATEMENT","operatingExpense","2022-12-31",0.21128622699417168,-0.007048193960845106
"DIOD","INCOME STATEMENT","taxEffectOfUnusualItems","2022-12-31",-0.0007677588499335193,-0.004322148982231894
"DIOD","INCOME STATEMENT","grossProfit","2022-12-31",0.41349858541023105,0.0421413332633323
"DIOD","INCOME STATEMENT","reconciledCostOfRevenue","2022-12-31",0.5304431714802708,-0.039357766053313537
"DIOD","INCOME STATEMENT","gainOnSaleOfPPE","2022-12-31",0.0018249707584800407,0.0019612466162700895
"DIOD","INCOME STATEMENT","gainOnSaleOfSecurity","2022-12-31",-0.007193913765008148,-0.021547750151991698
"DIOD","INCOME STATEMENT","operatingIncome","2022-12-31",0.20221235841605933,0.04918952722417738
"DIOD","INCOME STATEMENT","otherIncomeExpense","2022-12-31",-0.001976426836217497,-0.025916660455139233
"DIOD","INCOME STATEMENT","netInterestIncome","2022-12-31",-0.0023233262353917366,0.0000875377203086382
"DIOD","INCOME STATEMENT","dilutedEPS","2022-12-31",3.598956302672225e-9,8.291217947444045e-10
"DIOD","INCOME STATEMENT","netIncomeContinuousOperations","2022-12-31",0.1695783222865369,0.03868259104468716
"DIOD","INCOME STATEMENT","depreciationAndAmortizationInIncomeStatement","2022-12-31",0.007802737206210199,-0.0011803900699013086
"DIOD","INCOME STATEMENT","restructuringAndMergernAcquisition","2022-12-31",0,0
"DIOD","INCOME STATEMENT","dilutedAverageShares","2022-12-31",0.023011326715252578,-0.0023498320062361293
"DIOD","INCOME STATEMENT","depreciationAmortizationDepletionIncomeStatement","2022-12-31",0.007802737206210199,-0.0011803900699013086
"DIOD","INCOME STATEMENT","sellingGeneralAndAdministration","2022-12-31",0.1403977846424537,-0.002365025565162021
"DIOD","INCOME STATEMENT","otherNonOperatingIncomeExpenses","2022-12-31",0.0033925161703106097,-0.006330156919417625
"DIOD","INCOME STATEMENT","basicEPS","2022-12-31",3.653940357296384e-9,8.231694901941515e-10
"DIOD","INCOME STATEMENT","interestExpenseNonOperating","2022-12-31",0.004158793949754571,0.00000902788997711023
"DIOD","INCOME STATEMENT","taxProvision","2022-12-31",0.028334283057913204,-0.015322186555340345
"DIOD","INCOME STATEMENT","amortization","2022-12-31",0.007802737206210199,-0.0011803900699013086
"DIOD","INCOME STATEMENT","operatingRevenue","2022-12-31",1,0
"DIOD","INCOME STATEMENT","totalUnusualItemsExcludingGoodwill","2022-12-31",-0.005368943006528107,-0.01958650353572161
"DIOD","INCOME STATEMENT","costOfRevenue","2022-12-31",0.586501414589769,-0.04214133326333225
"DIOD","INCOME STATEMENT","basicAverageShares","2022-12-31",0.022658429055573883,-0.0021437770622149896
"DIOD","INCOME STATEMENT","totalRevenue","2022-12-31",1,0
"DIOD","INCOME STATEMENT","netIncomeFromContinuingAndDiscontinuedOperation","2022-12-31",0.1655934778914115,0.0388663475839931
"DIOD","INCOME STATEMENT","dilutedEPS","2023-12-31",2.9547359723759267e-9,-6.442203302962983e-10
"DIOD","INCOME STATEMENT","netInterestIncome","2023-12-31",0.004596389685744873,0.00691971592113661
"DIOD","INCOME STATEMENT","otherIncomeExpense","2023-12-31",0.012147515343865673,0.014123942180083171
"DIOD","INCOME STATEMENT","operatingIncome","2023-12-31",0.15051039904581887,-0.05170195937024047
"DIOD","INCOME STATEMENT","taxRateForCalcs","2023-12-31",1.0230246747533759e-10,3.08231964639309e-11
"DIOD","INCOME STATEMENT","netIncome","2023-12-31",0.1367134068587185,-0.028880071032692994
"DIOD","INCOME STATEMENT","interestExpense","2023-12-31",0.0034301415565260247,-0.0007286523932285463
"DIOD","INCOME STATEMENT","netNonOperatingInterestIncomeExpense","2023-12-31",0.004596389685744873,0.00691971592113661
"DIOD","INCOME STATEMENT","gainOnSaleOfPPE","2023-12-31",0.0012306385058062667,-0.000594332252673774
"DIOD","INCOME STATEMENT","gainOnSaleOfSecurity","2023-12-31",0.007824935203422438,0.015018848968430587
"DIOD","INCOME STATEMENT","reconciledCostOfRevenue","2023-12-31",0.5304737988336315,0.000030627353360790366
"DIOD","INCOME STATEMENT","grossProfit","2023-12-31",0.39608025086972143,-0.017418334540509617
"DIOD","INCOME STATEMENT","taxEffectOfUnusualItems","2023-12-31",0.0013775027245554205,0.00214526157448894
"DIOD","INCOME STATEMENT","netIncomeIncludingNoncontrollingInterests","2023-12-31",0.1387991736367745,-0.030779148649762417
"DIOD","INCOME STATEMENT","amortizationOfIntangiblesIncomeStatement","2023-12-31",0.009196390046812405,0.0013936528406022063
"DIOD","INCOME STATEMENT","operatingExpense","2023-12-31",0.24556985182390256,0.03428362482973088
"DIOD","INCOME STATEMENT","netIncomeCommonStockholders","2023-12-31",0.1367134068587185,-0.028880071032692994
"DIOD","INCOME STATEMENT","netIncomeFromContinuingOperationNetMinorityInterest","2023-12-31",0.1367134068587185,-0.028880071032692994
"DIOD","INCOME STATEMENT","normalizedEBITDA","2023-12-31",0.24522382877214774,-0.026077493844293503
"DIOD","INCOME STATEMENT","minorityInterests","2023-12-31",-0.0020857667780560005,0.0018990776170694132
"DIOD","INCOME STATEMENT","otherOperatingExpenses","2023-12-31",-0.000009628467527090596,0.00004435587701299278
"DIOD","INCOME STATEMENT","normalizedIncome","2023-12-31",0.12998795238000674,-0.04020670966799933
"DIOD","INCOME STATEMENT","eBITDA","2023-12-31",0.2533267859754149,-0.012605593634498202
"DIOD","INCOME STATEMENT","reconciledDepreciation","2023-12-31",0.08264234034345948,0.018781360027751035
"DIOD","INCOME STATEMENT","totalOperatingIncomeAsReported","2023-12-31",0.15078842104566362,-0.053248908128875755
"DIOD","INCOME STATEMENT","researchAndDevelopment","2023-12-31",0.0811607599027284,0.018021070412680515
"DIOD","INCOME STATEMENT","interestIncomeNonOperating","2023-12-31",0.008026531242270898,0.006191063527908063
"DIOD","INCOME STATEMENT","ebit","2023-12-31",0.17068444563195545,-0.03138695366224922
"DIOD","INCOME STATEMENT","totalExpenses","2023-12-31",0.8494896009541811,0.05170195937024047
"DIOD","INCOME STATEMENT","interestIncome","2023-12-31",0.008026531242270898,0.006191063527908063
"DIOD","INCOME STATEMENT","totalUnusualItems","2023-12-31",0.00810295720326718,0.013471900209795287
"DIOD","INCOME STATEMENT","pretaxIncome","2023-12-31",0.1672543040754294,-0.030658301269020694
"DIOD","INCOME STATEMENT","specialIncomeCharges","2023-12-31",0.00027802199984474095,-0.0015469487586352998
"DIOD","INCOME STATEMENT","dilutedNIAvailtoComStockholders","2023-12-31",0.1367134068587185,-0.028880071032692994
"DIOD","INCOME STATEMENT","sellingGeneralAndAdministration","2023-12-31",0.15522233034188884,0.014824545699435143
"DIOD","INCOME STATEMENT","depreciationAmortizationDepletionIncomeStatement","2023-12-31",0.009196390046812405,0.0013936528406022063
"DIOD","INCOME STATEMENT","dilutedAverageShares","2023-12-31",0.02786899747794329,0.004857670762690711
"DIOD","INCOME STATEMENT","otherNonOperatingIncomeExpenses","2023-12-31",0.004044558140598493,0.0006520419702878834
"DIOD","INCOME STATEMENT","interestExpenseNonOperating","2023-12-31",0.0034301415565260247,-0.0007286523932285463
"DIOD","INCOME STATEMENT","taxProvision","2023-12-31",0.028455130438654927,0.00012084738074172319
"DIOD","INCOME STATEMENT","amortization","2023-12-31",0.009196390046812405,0.0013936528406022063
"DIOD","INCOME STATEMENT","basicEPS","2023-12-31",2.9848249333980847e-9,-6.691154238982993e-10
"DIOD","INCOME STATEMENT","totalUnusualItemsExcludingGoodwill","2023-12-31",0.00810295720326718,0.013471900209795287
"DIOD","INCOME STATEMENT","costOfRevenue","2023-12-31",0.6039197491302786,0.01741833454050956
"DIOD","INCOME STATEMENT","operatingRevenue","2023-12-31",1,0
"DIOD","INCOME STATEMENT","totalRevenue","2023-12-31",1,0
"DIOD","INCOME STATEMENT","netIncomeFromContinuingAndDiscontinuedOperation","2023-12-31",0.1367134068587185,-0.028880071032692994
"DIOD","INCOME STATEMENT","basicAverageShares","2023-12-31",0.02756329363395816,0.004904864578384276
"DIOD","INCOME STATEMENT","restructuringAndMergernAcquisition","2023-12-31",0.0009526165059615258,0.0009526165059615258
"DIOD","INCOME STATEMENT","depreciationAndAmortizationInIncomeStatement","2023-12-31",0.009196390046812405,0.0013936528406022063
"DIOD","INCOME STATEMENT","netIncomeContinuousOperations","2023-12-31",0.1387991736367745,-0.030779148649762417
"DIOD","CASH FLOWS","saleOfInvestment","2020-12-31",0.008360620395943753,""
"DIOD","CASH FLOWS","gainLossOnSaleOfPPE","2020-12-31",0.00009680975256566182,""
"DIOD","CASH FLOWS","saleOfPPE","2020-12-31",0.00018873834113641632,""
"DIOD","CASH FLOWS","changesInAccountReceivables","2020-12-31",-0.008542850518420292,""
"DIOD","CASH FLOWS","changesInCash","2020-12-31",0.021270485635141126,""
"DIOD","CASH FLOWS","cashFlowFromContinuingFinancingActivities","2020-12-31",-0.0441761612085762,""
"DIOD","CASH FLOWS","longTermDebtIssuance","2020-12-31",0.7780274402769247,""
"DIOD","CASH FLOWS","netOtherFinancingCharges","2020-12-31",-0.010265901408622576,""
"DIOD","CASH FLOWS","changeInAccountPayable","2020-12-31",0.006037999861700353,""
"DIOD","CASH FLOWS","changeInOtherWorkingCapital","2020-12-31",-0.001775116639481295,""
"DIOD","CASH FLOWS","interestPaidSupplementalData","2020-12-31",0.008313435810659648,""
"DIOD","CASH FLOWS","endCashPosition","2020-12-31",0.26075910235394134,""
"DIOD","CASH FLOWS","deferredTax","2020-12-31",-0.011760351118396701,""
"DIOD","CASH FLOWS","beginningCashPosition","2020-12-31",0.21111603747106894,""
"DIOD","CASH FLOWS","purchaseOfPPE","2020-12-31",-0.06167594765765143,""
"DIOD","CASH FLOWS","commonStockPayments","2020-12-31",-0.24137762718482933,""
"DIOD","CASH FLOWS","netIncome","2020-12-31",0.07979726898874485,""
"DIOD","CASH FLOWS","commonStockIssuance","2020-12-31",0.005556391680869498,""
"DIOD","CASH FLOWS","repurchaseOfCapitalStock","2020-12-31",-0.24137762718482933,""
"DIOD","CASH FLOWS","cashFlowFromContinuingInvestingActivities","2020-12-31",-0.08686194034404071,""
"DIOD","CASH FLOWS","amortizationOfIntangibles","2020-12-31",0.013227954426198835,""
"DIOD","CASH FLOWS","changeInCashSupplementalAsReported","2020-12-31",0.0496430648828724,""
"DIOD","CASH FLOWS","netIncomeFromContinuingOperations","2020-12-31",0.08072550367510972,""
"DIOD","CASH FLOWS","changeInAccruedExpense","2020-12-31",-0.0074828244041929195,""
"DIOD","CASH FLOWS","issuanceOfCapitalStock","2020-12-31",0.005556391680869498,""
"DIOD","CASH FLOWS","netOtherInvestingChanges","2020-12-31",0.0006036372807035384,""
"DIOD","CASH FLOWS","netLongTermDebtIssuance","2020-12-31",0.17182266731206502,""
"DIOD","CASH FLOWS","otherNonCashItems","2020-12-31",0.0018483340994049048,""
"DIOD","CASH FLOWS","effectOfExchangeRateChanges","2020-12-31",0.028372579247731275,""
"DIOD","CASH FLOWS","changeInPayablesAndAccruedExpense","2020-12-31",-0.0041774628523081805,""
"DIOD","CASH FLOWS","longTermDebtPayments","2020-12-31",-0.6062047729648596,""
"DIOD","CASH FLOWS","shortTermDebtPayments","2020-12-31",-0.03294622991095943,""
"DIOD","CASH FLOWS","depreciation","2020-12-31",0.0746386921734603,""
"DIOD","CASH FLOWS","shortTermDebtIssuance","2020-12-31",0.06303453830290064,""
"DIOD","CASH FLOWS","repaymentOfDebt","2020-12-31",-0.6391510028758192,""
"DIOD","CASH FLOWS","investingCashFlow","2020-12-31",-0.08686194034404071,""
"DIOD","CASH FLOWS","cashFlowFromContinuingOperatingActivities","2020-12-31",0.15230858718775805,""
"DIOD","CASH FLOWS","capitalExpenditure","2020-12-31",-0.06167594765765143,""
"DIOD","CASH FLOWS","netBusinessPurchaseAndSale","2020-12-31",-0.020007077687792616,""
"DIOD","CASH FLOWS","netPPEPurchaseAndSale","2020-12-31",-0.06148720931651501,""
"DIOD","CASH FLOWS","operatingCashFlow","2020-12-31",0.15230858718775805,""
"DIOD","CASH FLOWS","changeInPayable","2020-12-31",0.0033053615518847394,""
"DIOD","CASH FLOWS","amortizationCashFlow","2020-12-31",0.013227954426198835,""
"DIOD","CASH FLOWS","changeInInventory","2020-12-31",-0.003709684636129562,""
"DIOD","CASH FLOWS","changeInWorkingCapital","2020-12-31",-0.025581366969976774,""
"DIOD","CASH FLOWS","financingCashFlow","2020-12-31",-0.0441761612085762,""
"DIOD","CASH FLOWS","freeCashFlow","2020-12-31",0.09063263953010661,""
"DIOD","CASH FLOWS","incomeTaxPaidSupplementalData","2020-12-31",0.03896063748001773,""
"DIOD","CASH FLOWS","changeInPrepaidAssets","2020-12-31",-0.007376252323637443,""
"DIOD","CASH FLOWS","changeInTaxPayable","2020-12-31",-0.002732638309815614,""
"DIOD","CASH FLOWS","netInvestmentPurchaseAndSale","2020-12-31",-0.00597129062043662,""
"DIOD","CASH FLOWS","netShortTermDebtIssuance","2020-12-31",0.0300883083919412,""
"DIOD","CASH FLOWS","changeInOtherCurrentLiabilities","2020-12-31",-0.001775116639481295,""
"DIOD","CASH FLOWS","netCommonStockIssuance","2020-12-31",-0.23582123550395984,""
"DIOD","CASH FLOWS","issuanceOfDebt","2020-12-31",0.8410619785798253,""
"DIOD","CASH FLOWS","depreciationAndAmortization","2020-12-31",0.08786664659965913,""
"DIOD","CASH FLOWS","stockBasedCompensation","2020-12-31",0.020549700418559812,""
"DIOD","CASH FLOWS","purchaseOfBusiness","2020-12-31",-0.020007077687792616,""
"DIOD","CASH FLOWS","changeInReceivables","2020-12-31",-0.008542850518420292,""
"DIOD","CASH FLOWS","netIssuancePaymentsOfDebt","2020-12-31",0.2019109757040062,""
"DIOD","CASH FLOWS","depreciationAmortizationDepletion","2020-12-31",0.08786664659965913,""
"DIOD","CASH FLOWS","deferredIncomeTax","2020-12-31",-0.011760351118396701,""
"DIOD","CASH FLOWS","operatingGainsLosses","2020-12-31",-0.001339879516602059,""
"DIOD","CASH FLOWS","operatingGainsLosses","2021-12-31",-0.020858515745401245,-0.019518636228799187
"DIOD","CASH FLOWS","netCommonStockIssuance","2021-12-31",0.002402554452176591,0.23822378995613644
"DIOD","CASH FLOWS","purchaseOfBusiness","2021-12-31",-0.00008697280354893356,0.019920104884243683
"DIOD","CASH FLOWS","depreciationAndAmortization","2021-12-31",0.06782493759562853,-0.0200417090040306
"DIOD","CASH FLOWS","changeInOtherCurrentLiabilities","2021-12-31",-0.000833720186886274,0.000941396452595021
"DIOD","CASH FLOWS","changeInReceivables","2021-12-31",-0.029205689018492523,-0.02066283850007223
"DIOD","CASH FLOWS","stockBasedCompensation","2021-12-31",0.018394470967148656,-0.0021552294514111565
"DIOD","CASH FLOWS","issuanceOfDebt","2021-12-31",0.3211589873928212,-0.5199029911870041
"DIOD","CASH FLOWS","changeInTaxPayable","2021-12-31",-0.0008060218418069957,0.0019266164680086183
"DIOD","CASH FLOWS","netInvestmentPurchaseAndSale","2021-12-31",-0.00850062210483048,-0.00252933148439386
"DIOD","CASH FLOWS","changeInPrepaidAssets","2021-12-31",-0.014095687810844677,-0.006719435487207234
"DIOD","CASH FLOWS","netShortTermDebtIssuance","2021-12-31",-0.06897441891641858,-0.09906272730835977
"DIOD","CASH FLOWS","deferredIncomeTax","2021-12-31",0.01188757574112462,0.023647926859521322
"DIOD","CASH FLOWS","netIssuancePaymentsOfDebt","2021-12-31",-0.08471261859046446,-0.28662359429447065
"DIOD","CASH FLOWS","depreciationAmortizationDepletion","2021-12-31",0.06782493759562853,-0.0200417090040306
"DIOD","CASH FLOWS","amortizationOfIntangibles","2021-12-31",0.008983127276111507,-0.004244827150087328
"DIOD","CASH FLOWS","netIncomeFromContinuingOperations","2021-12-31",0.13089573124184975,0.05017022756674003
"DIOD","CASH FLOWS","changeInCashSupplementalAsReported","2021-12-31",0.025642573907494175,-0.024000490975378225
"DIOD","CASH FLOWS","changeInAccruedExpense","2021-12-31",0.016260036495339476,0.023742860899532398
"DIOD","CASH FLOWS","gainLossOnSaleOfPPE","2021-12-31",0.00013461395708529208,0.000037804204519630255
"DIOD","CASH FLOWS","gainLossOnInvestmentSecurities","2021-12-31",-0.020993129702486537,-0.019556440433318816
"DIOD","CASH FLOWS","saleOfInvestment","2021-12-31",0.004059469454819014,-0.004301150941124739
"DIOD","CASH FLOWS","purchaseOfInvestment","2021-12-31",-0.012560091559649494,0.001771819456730878
"DIOD","CASH FLOWS","changeInIncomeTaxPayable","2021-12-31",-0.0008060218418069957,0.0019266164680086183
"DIOD","CASH FLOWS","saleOfPPE","2021-12-31",0.001776571853384904,0.0015878335122484876
"DIOD","CASH FLOWS","repurchaseOfCapitalStock","2021-12-31",0,0.24137762718482933
"DIOD","CASH FLOWS","netIncome","2021-12-31",0.1267271303074184,0.046929861318673535
"DIOD","CASH FLOWS","beginningCashPosition","2021-12-31",0.17756245699831927,-0.03355358047274967
"DIOD","CASH FLOWS","cashFlowFromContinuingInvestingActivities","2021-12-31",-0.07989809224878432,0.006963848095256395
"DIOD","CASH FLOWS","saleOfBusiness","2021-12-31",0.0055058770348589215,""
"DIOD","CASH FLOWS","deferredTax","2021-12-31",0.01188757574112462,0.023647926859521322
"DIOD","CASH FLOWS","commonStockIssuance","2021-12-31",0.002402554452176591,-0.0031538372286929067
"DIOD","CASH FLOWS","purchaseOfPPE","2021-12-31",-0.07821735666937372,-0.016541409011722297
"DIOD","CASH FLOWS","commonStockPayments","2021-12-31",0,0.24137762718482933
"DIOD","CASH FLOWS","interestPaidSupplementalData","2021-12-31",0.003846746164610157,-0.004466689646049491
"DIOD","CASH FLOWS","changeInAccountPayable","2021-12-31",0.03081607080140176,0.024778070939701406
"DIOD","CASH FLOWS","endCashPosition","2021-12-31",0.20320503090581343,-0.05755407144812791
"DIOD","CASH FLOWS","netOtherFinancingCharges","2021-12-31",-0.005461005715830491,0.004804895692792085
"DIOD","CASH FLOWS","cashFlowFromContinuingFinancingActivities","2021-12-31",-0.08777106985411835,-0.04359490864554215
"DIOD","CASH FLOWS","changesInCash","2021-12-31",0.01987245466057894,-0.001398030974562186
"DIOD","CASH FLOWS","longTermDebtIssuance","2021-12-31",0.30904816299035764,-0.4689792772865671
"DIOD","CASH FLOWS","changesInAccountReceivables","2021-12-31",-0.029205689018492523,-0.02066283850007223
"DIOD","CASH FLOWS","freeCashFlow","2021-12-31",0.1093242600941079,0.018691620564001282
"DIOD","CASH FLOWS","changeInWorkingCapital","2021-12-31",-0.02170663907172874,0.003874727898248033
"DIOD","CASH FLOWS","incomeTaxPaidSupplementalData","2021-12-31",0.031064801940213677,-0.007895835539804056
"DIOD","CASH FLOWS","financingCashFlow","2021-12-31",-0.08777106985411835,-0.04359490864554215
"DIOD","CASH FLOWS","otherNonCashItems","2021-12-31",0.001104056034860029,-0.0007442780645448756
"DIOD","CASH FLOWS","changeInPayablesAndAccruedExpense","2021-12-31",0.04627008545493424,0.05044754830724242
"DIOD","CASH FLOWS","effectOfExchangeRateChanges","2021-12-31",0.005770119246915235,-0.02260246000081604
"DIOD","CASH FLOWS","netLongTermDebtIssuance","2021-12-31",-0.015738199674045876,-0.1875608669861109
"DIOD","CASH FLOWS","netOtherInvestingChanges","2021-12-31",-0.00037558955927501244,-0.0009792268399785508
"DIOD","CASH FLOWS","issuanceOfCapitalStock","2021-12-31",0.002402554452176591,-0.0031538372286929067
"DIOD","CASH FLOWS","longTermDebtPayments","2021-12-31",-0.3246251582960421,0.28157961466881753
"DIOD","CASH FLOWS","changeInPayable","2021-12-31",0.030010048959594762,0.026704687407710023
"DIOD","CASH FLOWS","amortizationCashFlow","2021-12-31",0.008983127276111507,-0.004244827150087328
"DIOD","CASH FLOWS","netPPEPurchaseAndSale","2021-12-31",-0.07644078481598882,-0.014953575499473806
"DIOD","CASH FLOWS","changeInInventory","2021-12-31",-0.023841627510439507,-0.020131942874309944
"DIOD","CASH FLOWS","changeInOtherCurrentAssets","2021-12-31",-0.014095687810844677,""
"DIOD","CASH FLOWS","operatingCashFlow","2021-12-31",0.1875416167634816,0.03523302957572355
"DIOD","CASH FLOWS","shortTermDebtIssuance","2021-12-31",0.012110824402463602,-0.05092371390043703
"DIOD","CASH FLOWS","depreciation","2021-12-31",0.05884181031951703,-0.015796881853943262
"DIOD","CASH FLOWS","shortTermDebtPayments","2021-12-31",-0.08108524331888219,-0.04813901340792275
"DIOD","CASH FLOWS","capitalExpenditure","2021-12-31",-0.07821735666937372,-0.016541409011722297
"DIOD","CASH FLOWS","investingCashFlow","2021-12-31",-0.07989809224878432,0.006963848095256395
"DIOD","CASH FLOWS","cashFlowFromContinuingOperatingActivities","2021-12-31",0.1875416167634816,0.03523302957572355
"DIOD","CASH FLOWS","repaymentOfDebt","2021-12-31",-0.40571040161492433,0.23344060126089483
"DIOD","CASH FLOWS","netBusinessPurchaseAndSale","2021-12-31",0.005418904231309988,0.025425981919102603
"DIOD","CASH FLOWS","netBusinessPurchaseAndSale","2022-12-31",-0.03234511991522458,-0.03776402414653457
"DIOD","CASH FLOWS","capitalExpenditure","2022-12-31",-0.10583330834058123,-0.027615951671207506
"DIOD","CASH FLOWS","investingCashFlow","2022-12-31",-0.13259304801607533,-0.05269495576729101
"DIOD","CASH FLOWS","repaymentOfDebt","2022-12-31",-0.2995351348109048,0.10617526680401951
"DIOD","CASH FLOWS","cashFlowFromContinuingOperatingActivities","2022-12-31",0.19619360385488208,0.00865198709140047
"DIOD","CASH FLOWS","financingCashFlow","2022-12-31",-0.06283827689969909,0.02493279295441926
"DIOD","CASH FLOWS","changeInWorkingCapital","2022-12-31",-0.040542242749602615,-0.018835603677873874
"DIOD","CASH FLOWS","incomeTaxPaidSupplementalData","2022-12-31",0.04433064411320717,0.013265842172993491
"DIOD","CASH FLOWS","freeCashFlow","2022-12-31",0.09036029551430086,-0.018963964579807036
"DIOD","CASH FLOWS","shortTermDebtIssuance","2022-12-31",0.057128932609543236,0.04501810820707963
"DIOD","CASH FLOWS","shortTermDebtPayments","2022-12-31",-0.04673544672045107,0.03434979659843112
"DIOD","CASH FLOWS","depreciation","2022-12-31",0.056058243109498244,-0.0027835672100187878
"DIOD","CASH FLOWS","issuanceOfCapitalStock","2022-12-31",0.00006997970588529327,-0.002332574746291298
"DIOD","CASH FLOWS","netLongTermDebtIssuance","2022-12-31",-0.06651271131371903,-0.05077451163967315
"DIOD","CASH FLOWS","otherNonCashItems","2022-12-31",-0.0015325555588879226,-0.0026366115937479515
"DIOD","CASH FLOWS","changeInPayablesAndAccruedExpense","2022-12-31",-0.013320637015265573,-0.05959072247019981
"DIOD","CASH FLOWS","netOtherInvestingChanges","2022-12-31",0.0033675234182087193,0.003743112977483732
"DIOD","CASH FLOWS","longTermDebtPayments","2022-12-31",-0.2527996880904538,0.07182547020558833
"DIOD","CASH FLOWS","effectOfExchangeRateChanges","2022-12-31",-0.01361805076527807,-0.019388170012193305
"DIOD","CASH FLOWS","netPPEPurchaseAndSale","2022-12-31",-0.10562436893300943,-0.029183584117020614
"DIOD","CASH FLOWS","changeInOtherCurrentAssets","2022-12-31",0.0009232322626438333,0.01501892007348851
"DIOD","CASH FLOWS","changeInInventory","2022-12-31",-0.014833198372471983,0.009008429137967525
"DIOD","CASH FLOWS","amortizationCashFlow","2022-12-31",0.007802737206210199,-0.0011803900699013086
"DIOD","CASH FLOWS","operatingCashFlow","2022-12-31",0.19619360385488208,0.00865198709140047
"DIOD","CASH FLOWS","changeInPayable","2022-12-31",-0.029196033150386387,-0.05920608210998115
"DIOD","CASH FLOWS","netIssuancePaymentsOfDebt","2022-12-31",-0.056119225424626856,0.028593393165837602
"DIOD","CASH FLOWS","depreciationAmortizationDepletion","2022-12-31",0.06386098031570844,-0.003963957279920091
"DIOD","CASH FLOWS","deferredIncomeTax","2022-12-31",-0.01960681402393306,-0.03149438976505768
"DIOD","CASH FLOWS","netInvestmentPurchaseAndSale","2022-12-31",0.0020089174139499544,0.010509539518780435
"DIOD","CASH FLOWS","changeInTaxPayable","2022-12-31",-0.004165292065301062,-0.0033592702234940667
"DIOD","CASH FLOWS","operatingGainsLosses","2022-12-31",0.006297673674634356,0.0271561894200356
"DIOD","CASH FLOWS","netCommonStockIssuance","2022-12-31",0.00006997970588529327,-0.002332574746291298
"DIOD","CASH FLOWS","depreciationAndAmortization","2022-12-31",0.06386098031570844,-0.003963957279920091
"DIOD","CASH FLOWS","stockBasedCompensation","2022-12-31",0.018138239910425978,-0.00025623105672267776
"DIOD","CASH FLOWS","issuanceOfDebt","2022-12-31",0.2434503993841786,-0.07770858800864264
"DIOD","CASH FLOWS","changeInOtherCurrentLiabilities","2022-12-31",-0.003233062411900549,-0.002399342225014275
"DIOD","CASH FLOWS","changeInReceivables","2022-12-31",-0.010078577212608344,0.01912711180588418
"DIOD","CASH FLOWS","purchaseOfBusiness","2022-12-31",-0.04197732657529316,-0.04189035377174423
"DIOD","CASH FLOWS","netShortTermDebtIssuance","2022-12-31",0.010393485889092164,0.07936790480551074
"DIOD","CASH FLOWS","longTermDebtIssuance","2022-12-31",0.18632146677463535,-0.1227266962157223
"DIOD","CASH FLOWS","cashFlowFromContinuingFinancingActivities","2022-12-31",-0.06283827689969909,0.02493279295441926
"DIOD","INCOME STATEMENT","basicAverageShares","2024-09-30",0.03561858015435825,""
"DIOD","INCOME STATEMENT","totalRevenue","2024-09-30",1,""
"DIOD","INCOME STATEMENT","netIncomeFromContinuingAndDiscontinuedOperation","2024-09-30",0.04717961315420916,""
"DIOD","INCOME STATEMENT","taxProvision","2024-09-30",0.009710155339310834,""
"DIOD","INCOME STATEMENT","interestExpenseNonOperating","2024-09-30",0.0017929411728353577,""
"DIOD","INCOME STATEMENT","basicEPS","2024-09-30",1.027407048630343e-9,""
"DIOD","INCOME STATEMENT","totalUnusualItemsExcludingGoodwill","2024-09-30",-0.0011517773755698054,""
"DIOD","INCOME STATEMENT","costOfRevenue","2024-09-30",0.6620726894349338,""
"DIOD","INCOME STATEMENT","operatingRevenue","2024-09-30",1,""
"DIOD","INCOME STATEMENT","amortization","2024-09-30",0.011821360951270779,""
"DIOD","INCOME STATEMENT","sellingGeneralAndAdministration","2024-09-30",0.17618408662354648,""
"DIOD","INCOME STATEMENT","dilutedAverageShares","2024-09-30",0.0358221303478275,""
"DIOD","INCOME STATEMENT","depreciationAmortizationDepletionIncomeStatement","2024-09-30",0.011821360951270779,""
"DIOD","INCOME STATEMENT","otherNonOperatingIncomeExpenses","2024-09-30",0.003987575327090097,""
"DIOD","INCOME STATEMENT","restructuringAndMergernAcquisition","2024-09-30",0.005450664763259924,""
"DIOD","INCOME STATEMENT","netIncomeContinuousOperations","2024-09-30",0.050767812959388064,""
"DIOD","INCOME STATEMENT","depreciationAndAmortizationInIncomeStatement","2024-09-30",0.011821360951270779,""
"DIOD","INCOME STATEMENT","operatingIncome","2024-09-30",0.04536195241328646,""
"DIOD","INCOME STATEMENT","dilutedEPS","2024-09-30",1.019682183603047e-9,""
"DIOD","INCOME STATEMENT","otherIncomeExpense","2024-09-30",0.002835797951520292,""
"DIOD","INCOME STATEMENT","netInterestIncome","2024-09-30",0.01228021793389215,""
"DIOD","INCOME STATEMENT","taxEffectOfUnusualItems","2024-09-30",-0.00018492580931016184,""
"DIOD","INCOME STATEMENT","amortizationOfIntangiblesIncomeStatement","2024-09-30",0.011821360951270779,""
"DIOD","INCOME STATEMENT","operatingExpense","2024-09-30",0.2925653581517797,""
"DIOD","INCOME STATEMENT","netIncomeIncludingNoncontrollingInterests","2024-09-30",0.050767812959388064,""
"DIOD","INCOME STATEMENT","grossProfit","2024-09-30",0.33792731056506614,""
"DIOD","INCOME STATEMENT","gainOnSaleOfPPE","2024-09-30",0.005847722825662928,""
"DIOD","INCOME STATEMENT","reconciledCostOfRevenue","2024-09-30",0.5681460555680441,""
"DIOD","INCOME STATEMENT","gainOnSaleOfSecurity","2024-09-30",-0.00154883543797281,""
"DIOD","INCOME STATEMENT","taxRateForCalcs","2024-09-30",1.2402811541875335e-10,""
"DIOD","INCOME STATEMENT","netIncome","2024-09-30",0.04717961315420916,""
"DIOD","INCOME STATEMENT","netNonOperatingInterestIncomeExpense","2024-09-30",0.01228021793389215,""
"DIOD","INCOME STATEMENT","interestExpense","2024-09-30",0.0017929411728353577,""
"DIOD","INCOME STATEMENT","totalUnusualItems","2024-09-30",-0.0011517773755698054,""
"DIOD","INCOME STATEMENT","dilutedNIAvailtoComStockholders","2024-09-30",0.04717961315420916,""
"DIOD","INCOME STATEMENT","interestIncome","2024-09-30",0.014073159106727507,""
"DIOD","INCOME STATEMENT","totalExpenses","2024-09-30",0.9546380475867136,""
"DIOD","INCOME STATEMENT","ebit","2024-09-30",0.062270909471534255,""
"DIOD","INCOME STATEMENT","interestIncomeNonOperating","2024-09-30",0.014073159106727507,""
"DIOD","INCOME STATEMENT","specialIncomeCharges","2024-09-30",0.0003970580624030047,""
"DIOD","INCOME STATEMENT","pretaxIncome","2024-09-30",0.0604779682986989,""
"DIOD","INCOME STATEMENT","minorityInterests","2024-09-30",-0.003588199805178904,""
"DIOD","INCOME STATEMENT","normalizedEBITDA","2024-09-30",0.1691706816652646,""
"DIOD","INCOME STATEMENT","netIncomeCommonStockholders","2024-09-30",0.04717961315420916,""
"DIOD","INCOME STATEMENT","netIncomeFromContinuingOperationNetMinorityInterest","2024-09-30",0.04717961315420916,""
"DIOD","INCOME STATEMENT","researchAndDevelopment","2024-09-30",0.10335946655172068,""
"DIOD","INCOME STATEMENT","normalizedIncome","2024-09-30",0.04814646472046881,""
"DIOD","INCOME STATEMENT","eBITDA","2024-09-30",0.1680189042896948,""
"DIOD","INCOME STATEMENT","reconciledDepreciation","2024-09-30",0.10574799481816054,""
"DIOD","INCOME STATEMENT","totalOperatingIncomeAsReported","2024-09-30",0.04575901047568946,""
