"dtype","param","subjid","fidtc","afidtc","aval","afdtc1","aval1"
"DERIVED: NORMALIZED COSINE DISTANCE BETWEEN SUBJECTS","FISTRESN","DIOD","2020-12-31","DIOD_2020-12-31",1,"DIOD_2020-12-31",1
"DERIVED: NORMALIZED COSINE DISTANCE BETWEEN SUBJECTS","FISTRESN","DIOD","2020-12-31","DIOD_2020-12-31",1,"DIOD_2021-12-31",0.9661455850900094
"DERIVED: NORMALIZED COSINE DISTANCE BETWEEN SUBJECTS","FISTRESN","DIOD","2020-12-31","DIOD_2020-12-31",1,"DIOD_2022-12-31",0.9410238147464962
"DERIVED: NORMALIZED COSINE DISTANCE BETWEEN SUBJECTS","FISTRESN","DIOD","2020-12-31","DIOD_2020-12-31",1,"DIOD_2023-12-31",0.9047351169076544
"DERIVED: NORMALIZED COSINE DISTANCE BETWEEN SUBJECTS","FISTRESN","DIOD","2020-12-31","DIOD_2020-12-31",1,"DIOD_2024-09-30",0.352113775102187
"DERIVED: NORMALIZED COSINE DISTANCE BETWEEN SUBJECTS","FISTRESN","DIOD","2020-12-31","DIOD_2020-12-31",1,"XPEL_2020-12-31",0.7533979862685405
"DERIVED: NORMALIZED COSINE DISTANCE BETWEEN SUBJECTS","FISTRESN","DIOD","2020-12-31","DIOD_2020-12-31",1,"XPEL_2021-12-31",0.7725867141368439
"DERIVED: NORMALIZED COSINE DISTANCE BETWEEN SUBJECTS","FISTRESN","DIOD","2020-12-31","DIOD_2020-12-31",1,"XPEL_2022-12-31",0.7761874368992737
"DERIVED: NORMALIZED COSINE DISTANCE BETWEEN SUBJECTS","FISTRESN","DIOD","2020-12-31","DIOD_2020-12-31",1,"XPEL_2023-12-31",0.7846933419905618
"DERIVED: NORMALIZED COSINE DISTANCE BETWEEN SUBJECTS","FISTRESN","DIOD","2020-12-31","DIOD_2020-12-31",1,"XPEL_2024-09-30",0.32146535558024836
"DERIVED: NORMALIZED COSINE DISTANCE BETWEEN SUBJECTS","FISTRESN","DIOD","2020-12-31","DIOD_2020-12-31",1,"DIOD_2021-12-31",0.9661455850900095
"DERIVED: NORMALIZED COSINE DISTANCE BETWEEN SUBJECTS","FISTRESN","DIOD","2020-12-31","DIOD_2021-12-31",0.9661455850900094,"DIOD_2020-12-31",1
"DERIVED: NORMALIZED COSINE DISTANCE BETWEEN SUBJECTS","FISTRESN","DIOD","2020-12-31","DIOD_2021-12-31",0.9661455850900094,"DIOD_2021-12-31",0.9661455850900094
"DERIVED: NORMALIZED COSINE DISTANCE BETWEEN SUBJECTS","FISTRESN","DIOD","2020-12-31","DIOD_2021-12-31",0.9661455850900094,"DIOD_2022-12-31",0.9410238147464962
"DERIVED: NORMALIZED COSINE DISTANCE BETWEEN SUBJECTS","FISTRESN","DIOD","2020-12-31","DIOD_2021-12-31",0.9661455850900094,"DIOD_2023-12-31",0.9047351169076544
"DERIVED: NORMALIZED COSINE DISTANCE BETWEEN SUBJECTS","FISTRESN","DIOD","2020-12-31","DIOD_2021-12-31",0.9661455850900094,"DIOD_2024-09-30",0.352113775102187
"DERIVED: NORMALIZED COSINE DISTANCE BETWEEN SUBJECTS","FISTRESN","DIOD","2020-12-31","DIOD_2021-12-31",0.9661455850900094,"XPEL_2020-12-31",0.7533979862685405
"DERIVED: NORMALIZED COSINE DISTANCE BETWEEN SUBJECTS","FISTRESN","DIOD","2020-12-31","DIOD_2021-12-31",0.9661455850900094,"XPEL_2021-12-31",0.7725867141368439
"DERIVED: NORMALIZED COSINE DISTANCE BETWEEN SUBJECTS","FISTRESN","DIOD","2020-12-31","DIOD_2021-12-31",0.9661455850900094,"XPEL_2022-12-31",0.7761874368992737
"DERIVED: NORMALIZED COSINE DISTANCE BETWEEN SUBJECTS","FISTRESN","DIOD","2020-12-31","DIOD_2021-12-31",0.9661455850900094,"XPEL_2023-12-31",0.7846933419905618
"DERIVED: NORMALIZED COSINE DISTANCE BETWEEN SUBJECTS","FISTRESN","DIOD","2020-12-31","DIOD_2021-12-31",0.9661455850900094,"XPEL_2024-09-30",0.32146535558024836
"DERIVED: NORMALIZED COSINE DISTANCE BETWEEN SUBJECTS","FISTRESN","DIOD","2020-12-31","DIOD_2021-12-31",0.9661455850900094,"DIOD_2021-12-31",0.9661455850900095
"DERIVED: NORMALIZED COSINE DISTANCE BETWEEN SUBJECTS","FISTRESN","DIOD","2020-12-31","DIOD_2022-12-31",0.9410238147464962,"DIOD_2020-12-31",1
"DERIVED: NORMALIZED COSINE DISTANCE BETWEEN SUBJECTS","FISTRESN","DIOD","2020-12-31","DIOD_2022-12-31",0.9410238147464962,"DIOD_2021-12-31",0.9661455850900094
"DERIVED: NORMALIZED COSINE DISTANCE BETWEEN SUBJECTS","FISTRESN","DIOD","2020-12-31","DIOD_2022-12-31",0.9410238147464962,"DIOD_2022-12-31",0.9410238147464962
"DERIVED: NORMALIZED COSINE DISTANCE BETWEEN SUBJECTS","FISTRESN","DIOD","2020-12-31","DIOD_2022-12-31",0.9410238147464962,"DIOD_2023-12-31",0.9047351169076544
"DERIVED: NORMALIZED COSINE DISTANCE BETWEEN SUBJECTS","FISTRESN","DIOD","2020-12-31","DIOD_2022-12-31",0.9410238147464962,"DIOD_2024-09-30",0.352113775102187
"DERIVED: NORMALIZED COSINE DISTANCE BETWEEN SUBJECTS","FISTRESN","DIOD","2020-12-31","DIOD_2022-12-31",0.9410238147464962,"XPEL_2020-12-31",0.7533979862685405
"DERIVED: NORMALIZED COSINE DISTANCE BETWEEN SUBJECTS","FISTRESN","DIOD","2020-12-31","DIOD_2022-12-31",0.9410238147464962,"XPEL_2021-12-31",0.7725867141368439
"DERIVED: NORMALIZED COSINE DISTANCE BETWEEN SUBJECTS","FISTRESN","DIOD","2020-12-31","DIOD_2022-12-31",0.9410238147464962,"XPEL_2022-12-31",0.7761874368992737
"DERIVED: NORMALIZED COSINE DISTANCE BETWEEN SUBJECTS","FISTRESN","DIOD","2020-12-31","DIOD_2022-12-31",0.9410238147464962,"XPEL_2023-12-31",0.7846933419905618
"DERIVED: NORMALIZED COSINE DISTANCE BETWEEN SUBJECTS","FISTRESN","DIOD","2020-12-31","DIOD_2022-12-31",0.9410238147464962,"XPEL_2024-09-30",0.32146535558024836
"DERIVED: NORMALIZED COSINE DISTANCE BETWEEN SUBJECTS","FISTRESN","DIOD","2020-12-31","DIOD_2022-12-31",0.9410238147464962,"DIOD_2021-12-31",0.9661455850900095
"DERIVED: NORMALIZED COSINE DISTANCE BETWEEN SUBJECTS","FISTRESN","DIOD","2020-12-31","DIOD_2023-12-31",0.9047351169076544,"DIOD_2020-12-31",1
"DERIVED: NORMALIZED COSINE DISTANCE BETWEEN SUBJECTS","FISTRESN","DIOD","2020-12-31","DIOD_2023-12-31",0.9047351169076544,"DIOD_2021-12-31",0.9661455850900094
"DERIVED: NORMALIZED COSINE DISTANCE BETWEEN SUBJECTS","FISTRESN","DIOD","2020-12-31","DIOD_2023-12-31",0.9047351169076544,"DIOD_2022-12-31",0.9410238147464962
"DERIVED: NORMALIZED COSINE DISTANCE BETWEEN SUBJECTS","FISTRESN","DIOD","2020-12-31","DIOD_2023-12-31",0.9047351169076544,"DIOD_2023-12-31",0.9047351169076544
"DERIVED: NORMALIZED COSINE DISTANCE BETWEEN SUBJECTS","FISTRESN","DIOD","2020-12-31","DIOD_2023-12-31",0.9047351169076544,"DIOD_2024-09-30",0.352113775102187
"DERIVED: NORMALIZED COSINE DISTANCE BETWEEN SUBJECTS","FISTRESN","DIOD","2020-12-31","DIOD_2023-12-31",0.9047351169076544,"XPEL_2020-12-31",0.7533979862685405
"DERIVED: NORMALIZED COSINE DISTANCE BETWEEN SUBJECTS","FISTRESN","DIOD","2020-12-31","DIOD_2023-12-31",0.9047351169076544,"XPEL_2021-12-31",0.7725867141368439
"DERIVED: NORMALIZED COSINE DISTANCE BETWEEN SUBJECTS","FISTRESN","DIOD","2020-12-31","DIOD_2023-12-31",0.9047351169076544,"XPEL_2022-12-31",0.7761874368992737
"DERIVED: NORMALIZED COSINE DISTANCE BETWEEN SUBJECTS","FISTRESN","DIOD","2020-12-31","DIOD_2023-12-31",0.9047351169076544,"XPEL_2023-12-31",0.7846933419905618
"DERIVED: NORMALIZED COSINE DISTANCE BETWEEN SUBJECTS","FISTRESN","DIOD","2020-12-31","DIOD_2023-12-31",0.9047351169076544,"XPEL_2024-09-30",0.32146535558024836
"DERIVED: NORMALIZED COSINE DISTANCE BETWEEN SUBJECTS","FISTRESN","DIOD","2020-12-31","DIOD_2023-12-31",0.9047351169076544,"DIOD_2021-12-31",0.9661455850900095
"DERIVED: NORMALIZED COSINE DISTANCE BETWEEN SUBJECTS","FISTRESN","DIOD","2020-12-31","DIOD_2024-09-30",0.352113775102187,"DIOD_2020-12-31",1
"DERIVED: NORMALIZED COSINE DISTANCE BETWEEN SUBJECTS","FISTRESN","DIOD","2020-12-31","DIOD_2024-09-30",0.352113775102187,"DIOD_2021-12-31",0.9661455850900094
"DERIVED: NORMALIZED COSINE DISTANCE BETWEEN SUBJECTS","FISTRESN","DIOD","2020-12-31","DIOD_2024-09-30",0.352113775102187,"DIOD_2022-12-31",0.9410238147464962
"DERIVED: NORMALIZED COSINE DISTANCE BETWEEN SUBJECTS","FISTRESN","DIOD","2020-12-31","DIOD_2024-09-30",0.352113775102187,"DIOD_2023-12-31",0.9047351169076544
"DERIVED: NORMALIZED COSINE DISTANCE BETWEEN SUBJECTS","FISTRESN","DIOD","2020-12-31","DIOD_2024-09-30",0.352113775102187,"DIOD_2024-09-30",0.352113775102187
"DERIVED: NORMALIZED COSINE DISTANCE BETWEEN SUBJECTS","FISTRESN","DIOD","2020-12-31","DIOD_2024-09-30",0.352113775102187,"XPEL_2020-12-31",0.7533979862685405
"DERIVED: NORMALIZED COSINE DISTANCE BETWEEN SUBJECTS","FISTRESN","DIOD","2020-12-31","DIOD_2024-09-30",0.352113775102187,"XPEL_2021-12-31",0.7725867141368439
"DERIVED: NORMALIZED COSINE DISTANCE BETWEEN SUBJECTS","FISTRESN","DIOD","2020-12-31","DIOD_2024-09-30",0.352113775102187,"XPEL_2022-12-31",0.7761874368992737
"DERIVED: NORMALIZED COSINE DISTANCE BETWEEN SUBJECTS","FISTRESN","DIOD","2020-12-31","DIOD_2024-09-30",0.352113775102187,"XPEL_2023-12-31",0.7846933419905618
"DERIVED: NORMALIZED COSINE DISTANCE BETWEEN SUBJECTS","FISTRESN","DIOD","2020-12-31","DIOD_2024-09-30",0.352113775102187,"XPEL_2024-09-30",0.32146535558024836
"DERIVED: NORMALIZED COSINE DISTANCE BETWEEN SUBJECTS","FISTRESN","DIOD","2020-12-31","DIOD_2024-09-30",0.352113775102187,"DIOD_2021-12-31",0.9661455850900095
"DERIVED: NORMALIZED COSINE DISTANCE BETWEEN SUBJECTS","FISTRESN","DIOD","2020-12-31","DIOD_2021-12-31",0.9661455850900095,"DIOD_2020-12-31",1
"DERIVED: NORMALIZED COSINE DISTANCE BETWEEN SUBJECTS","FISTRESN","DIOD","2020-12-31","DIOD_2021-12-31",0.9661455850900095,"DIOD_2021-12-31",0.9661455850900094
"DERIVED: NORMALIZED COSINE DISTANCE BETWEEN SUBJECTS","FISTRESN","DIOD","2020-12-31","DIOD_2021-12-31",0.9661455850900095,"DIOD_2022-12-31",0.9410238147464962
"DERIVED: NORMALIZED COSINE DISTANCE BETWEEN SUBJECTS","FISTRESN","DIOD","2020-12-31","DIOD_2021-12-31",0.9661455850900095,"DIOD_2023-12-31",0.9047351169076544
"DERIVED: NORMALIZED COSINE DISTANCE BETWEEN SUBJECTS","FISTRESN","DIOD","2020-12-31","DIOD_2021-12-31",0.9661455850900095,"DIOD_2024-09-30",0.352113775102187
"DERIVED: NORMALIZED COSINE DISTANCE BETWEEN SUBJECTS","FISTRESN","DIOD","2020-12-31","DIOD_2021-12-31",0.9661455850900095,"XPEL_2020-12-31",0.7533979862685405
"DERIVED: NORMALIZED COSINE DISTANCE BETWEEN SUBJECTS","FISTRESN","DIOD","2020-12-31","DIOD_2021-12-31",0.9661455850900095,"XPEL_2021-12-31",0.7725867141368439
"DERIVED: NORMALIZED COSINE DISTANCE BETWEEN SUBJECTS","FISTRESN","DIOD","2020-12-31","DIOD_2021-12-31",0.9661455850900095,"XPEL_2022-12-31",0.7761874368992737
"DERIVED: NORMALIZED COSINE DISTANCE BETWEEN SUBJECTS","FISTRESN","DIOD","2020-12-31","DIOD_2021-12-31",0.9661455850900095,"XPEL_2023-12-31",0.7846933419905618
"DERIVED: NORMALIZED COSINE DISTANCE BETWEEN SUBJECTS","FISTRESN","DIOD","2020-12-31","DIOD_2021-12-31",0.9661455850900095,"XPEL_2024-09-30",0.32146535558024836
"DERIVED: NORMALIZED COSINE DISTANCE BETWEEN SUBJECTS","FISTRESN","DIOD","2020-12-31","DIOD_2021-12-31",0.9661455850900095,"DIOD_2021-12-31",0.9661455850900095
"DERIVED: NORMALIZED COSINE DISTANCE BETWEEN SUBJECTS","FISTRESN","DIOD","2021-12-31","DIOD_2020-12-31",0.9661455850900094,"XPEL_2021-12-31",-0.24647108646981888
"DERIVED: NORMALIZED COSINE DISTANCE BETWEEN SUBJECTS","FISTRESN","DIOD","2021-12-31","DIOD_2020-12-31",0.9661455850900094,"XPEL_2022-12-31",0.22393855355576547
"DERIVED: NORMALIZED COSINE DISTANCE BETWEEN SUBJECTS","FISTRESN","DIOD","2021-12-31","DIOD_2020-12-31",0.9661455850900094,"XPEL_2023-12-31",-0.08405820055682059
"DERIVED: NORMALIZED COSINE DISTANCE BETWEEN SUBJECTS","FISTRESN","DIOD","2021-12-31","DIOD_2020-12-31",0.9661455850900094,"DIOD_2020-12-31",0.9661455850900094
"DERIVED: NORMALIZED COSINE DISTANCE BETWEEN SUBJECTS","FISTRESN","DIOD","2021-12-31","DIOD_2020-12-31",0.9661455850900094,"DIOD_2021-12-31",0.9999999999999999
"DERIVED: NORMALIZED COSINE DISTANCE BETWEEN SUBJECTS","FISTRESN","DIOD","2021-12-31","DIOD_2020-12-31",0.9661455850900094,"DIOD_2022-12-31",0.9892300227974944
"DERIVED: NORMALIZED COSINE DISTANCE BETWEEN SUBJECTS","FISTRESN","DIOD","2021-12-31","DIOD_2020-12-31",0.9661455850900094,"DIOD_2023-12-31",0.9628104060953177
"DERIVED: NORMALIZED COSINE DISTANCE BETWEEN SUBJECTS","FISTRESN","DIOD","2021-12-31","DIOD_2020-12-31",0.9661455850900094,"DIOD_2024-09-30",0.4337750190346986
"DERIVED: NORMALIZED COSINE DISTANCE BETWEEN SUBJECTS","FISTRESN","DIOD","2021-12-31","DIOD_2020-12-31",0.9661455850900094,"XPEL_2020-12-31",0.8401733374452838
"DERIVED: NORMALIZED COSINE DISTANCE BETWEEN SUBJECTS","FISTRESN","DIOD","2021-12-31","DIOD_2020-12-31",0.9661455850900094,"XPEL_2021-12-31",0.8310205934987045
"DERIVED: NORMALIZED COSINE DISTANCE BETWEEN SUBJECTS","FISTRESN","DIOD","2021-12-31","DIOD_2020-12-31",0.9661455850900094,"XPEL_2022-12-31",0.8590242787265931
"DERIVED: NORMALIZED COSINE DISTANCE BETWEEN SUBJECTS","FISTRESN","DIOD","2021-12-31","DIOD_2020-12-31",0.9661455850900094,"XPEL_2023-12-31",0.8740009191443576
"DERIVED: NORMALIZED COSINE DISTANCE BETWEEN SUBJECTS","FISTRESN","DIOD","2021-12-31","DIOD_2020-12-31",0.9661455850900094,"XPEL_2024-09-30",0.4241994661661693
"DERIVED: NORMALIZED COSINE DISTANCE BETWEEN SUBJECTS","FISTRESN","DIOD","2021-12-31","DIOD_2020-12-31",0.9661455850900094,"DIOD_2020-12-31",0.9661455850900095
"DERIVED: NORMALIZED COSINE DISTANCE BETWEEN SUBJECTS","FISTRESN","DIOD","2021-12-31","DIOD_2020-12-31",0.9661455850900094,"DIOD_2021-12-31",1.0000000000000002
"DERIVED: NORMALIZED COSINE DISTANCE BETWEEN SUBJECTS","FISTRESN","DIOD","2021-12-31","DIOD_2020-12-31",0.9661455850900094,"DIOD_2023-12-31",0.962810406095318
"DERIVED: NORMALIZED COSINE DISTANCE BETWEEN SUBJECTS","FISTRESN","DIOD","2021-12-31","DIOD_2020-12-31",0.9661455850900094,"DIOD_2024-09-30",0.4337750190346987
"DERIVED: NORMALIZED COSINE DISTANCE BETWEEN SUBJECTS","FISTRESN","DIOD","2021-12-31","DIOD_2020-12-31",0.9661455850900094,"DIOD_2022-12-31",0.9892300227974945
"DERIVED: NORMALIZED COSINE DISTANCE BETWEEN SUBJECTS","FISTRESN","DIOD","2021-12-31","DIOD_2021-12-31",0.9999999999999999,"XPEL_2021-12-31",-0.24647108646981888
"DERIVED: NORMALIZED COSINE DISTANCE BETWEEN SUBJECTS","FISTRESN","DIOD","2021-12-31","DIOD_2021-12-31",0.9999999999999999,"XPEL_2022-12-31",0.22393855355576547
"DERIVED: NORMALIZED COSINE DISTANCE BETWEEN SUBJECTS","FISTRESN","DIOD","2021-12-31","DIOD_2021-12-31",0.9999999999999999,"XPEL_2023-12-31",-0.08405820055682059
"DERIVED: NORMALIZED COSINE DISTANCE BETWEEN SUBJECTS","FISTRESN","DIOD","2021-12-31","DIOD_2021-12-31",0.9999999999999999,"DIOD_2020-12-31",0.9661455850900094
"DERIVED: NORMALIZED COSINE DISTANCE BETWEEN SUBJECTS","FISTRESN","DIOD","2021-12-31","DIOD_2021-12-31",0.9999999999999999,"DIOD_2021-12-31",0.9999999999999999
"DERIVED: NORMALIZED COSINE DISTANCE BETWEEN SUBJECTS","FISTRESN","DIOD","2021-12-31","DIOD_2021-12-31",0.9999999999999999,"DIOD_2022-12-31",0.9892300227974944
"DERIVED: NORMALIZED COSINE DISTANCE BETWEEN SUBJECTS","FISTRESN","DIOD","2021-12-31","DIOD_2021-12-31",0.9999999999999999,"DIOD_2023-12-31",0.9628104060953177
"DERIVED: NORMALIZED COSINE DISTANCE BETWEEN SUBJECTS","FISTRESN","DIOD","2021-12-31","DIOD_2021-12-31",0.9999999999999999,"DIOD_2024-09-30",0.4337750190346986
"DERIVED: NORMALIZED COSINE DISTANCE BETWEEN SUBJECTS","FISTRESN","DIOD","2021-12-31","DIOD_2021-12-31",0.9999999999999999,"XPEL_2020-12-31",0.8401733374452838
"DERIVED: NORMALIZED COSINE DISTANCE BETWEEN SUBJECTS","FISTRESN","DIOD","2021-12-31","DIOD_2021-12-31",0.9999999999999999,"XPEL_2021-12-31",0.8310205934987045
"DERIVED: NORMALIZED COSINE DISTANCE BETWEEN SUBJECTS","FISTRESN","DIOD","2021-12-31","DIOD_2021-12-31",0.9999999999999999,"XPEL_2022-12-31",0.8590242787265931
"DERIVED: NORMALIZED COSINE DISTANCE BETWEEN SUBJECTS","FISTRESN","DIOD","2021-12-31","DIOD_2021-12-31",0.9999999999999999,"XPEL_2023-12-31",0.8740009191443576
"DERIVED: NORMALIZED COSINE DISTANCE BETWEEN SUBJECTS","FISTRESN","DIOD","2021-12-31","DIOD_2021-12-31",0.9999999999999999,"XPEL_2024-09-30",0.4241994661661693
"DERIVED: NORMALIZED COSINE DISTANCE BETWEEN SUBJECTS","FISTRESN","DIOD","2021-12-31","DIOD_2021-12-31",0.9999999999999999,"DIOD_2020-12-31",0.9661455850900095
"DERIVED: NORMALIZED COSINE DISTANCE BETWEEN SUBJECTS","FISTRESN","DIOD","2021-12-31","DIOD_2021-12-31",0.9999999999999999,"DIOD_2021-12-31",1.0000000000000002
"DERIVED: NORMALIZED COSINE DISTANCE BETWEEN SUBJECTS","FISTRESN","DIOD","2021-12-31","DIOD_2021-12-31",0.9999999999999999,"DIOD_2023-12-31",0.962810406095318
"DERIVED: NORMALIZED COSINE DISTANCE BETWEEN SUBJECTS","FISTRESN","DIOD","2021-12-31","DIOD_2021-12-31",0.9999999999999999,"DIOD_2024-09-30",0.4337750190346987
"DERIVED: NORMALIZED COSINE DISTANCE BETWEEN SUBJECTS","FISTRESN","DIOD","2021-12-31","DIOD_2021-12-31",0.9999999999999999,"DIOD_2022-12-31",0.9892300227974945
"DERIVED: NORMALIZED COSINE DISTANCE BETWEEN SUBJECTS","FISTRESN","DIOD","2021-12-31","DIOD_2022-12-31",0.9892300227974944,"XPEL_2021-12-31",-0.24647108646981888
"DERIVED: NORMALIZED COSINE DISTANCE BETWEEN SUBJECTS","FISTRESN","DIOD","2021-12-31","DIOD_2022-12-31",0.9892300227974944,"XPEL_2022-12-31",0.22393855355576547
"DERIVED: NORMALIZED COSINE DISTANCE BETWEEN SUBJECTS","FISTRESN","DIOD","2021-12-31","DIOD_2022-12-31",0.9892300227974944,"XPEL_2023-12-31",-0.08405820055682059
"DERIVED: NORMALIZED COSINE DISTANCE BETWEEN SUBJECTS","FISTRESN","DIOD","2021-12-31","DIOD_2022-12-31",0.9892300227974944,"DIOD_2020-12-31",0.9661455850900094
"DERIVED: NORMALIZED COSINE DISTANCE BETWEEN SUBJECTS","FISTRESN","DIOD","2021-12-31","DIOD_2022-12-31",0.9892300227974944,"DIOD_2021-12-31",0.9999999999999999
"DERIVED: NORMALIZED COSINE DISTANCE BETWEEN SUBJECTS","FISTRESN","DIOD","2021-12-31","DIOD_2022-12-31",0.9892300227974944,"DIOD_2022-12-31",0.9892300227974944
"DERIVED: NORMALIZED COSINE DISTANCE BETWEEN SUBJECTS","FISTRESN","DIOD","2021-12-31","DIOD_2022-12-31",0.9892300227974944,"DIOD_2023-12-31",0.9628104060953177
"DERIVED: NORMALIZED COSINE DISTANCE BETWEEN SUBJECTS","FISTRESN","DIOD","2021-12-31","DIOD_2022-12-31",0.9892300227974944,"DIOD_2024-09-30",0.4337750190346986
"DERIVED: NORMALIZED COSINE DISTANCE BETWEEN SUBJECTS","FISTRESN","DIOD","2021-12-31","DIOD_2022-12-31",0.9892300227974944,"XPEL_2020-12-31",0.8401733374452838
"DERIVED: NORMALIZED COSINE DISTANCE BETWEEN SUBJECTS","FISTRESN","DIOD","2021-12-31","DIOD_2022-12-31",0.9892300227974944,"XPEL_2021-12-31",0.8310205934987045
"DERIVED: NORMALIZED COSINE DISTANCE BETWEEN SUBJECTS","FISTRESN","DIOD","2021-12-31","DIOD_2022-12-31",0.9892300227974944,"XPEL_2022-12-31",0.8590242787265931
"DERIVED: NORMALIZED COSINE DISTANCE BETWEEN SUBJECTS","FISTRESN","DIOD","2021-12-31","DIOD_2022-12-31",0.9892300227974944,"XPEL_2023-12-31",0.8740009191443576
"DERIVED: NORMALIZED COSINE DISTANCE BETWEEN SUBJECTS","FISTRESN","DIOD","2021-12-31","DIOD_2022-12-31",0.9892300227974944,"XPEL_2024-09-30",0.4241994661661693
"DERIVED: NORMALIZED COSINE DISTANCE BETWEEN SUBJECTS","FISTRESN","DIOD","2021-12-31","DIOD_2022-12-31",0.9892300227974944,"DIOD_2020-12-31",0.9661455850900095
"DERIVED: NORMALIZED COSINE DISTANCE BETWEEN SUBJECTS","FISTRESN","DIOD","2021-12-31","DIOD_2022-12-31",0.9892300227974944,"DIOD_2021-12-31",1.0000000000000002
"DERIVED: NORMALIZED COSINE DISTANCE BETWEEN SUBJECTS","FISTRESN","DIOD","2021-12-31","DIOD_2022-12-31",0.9892300227974944,"DIOD_2023-12-31",0.962810406095318
"DERIVED: NORMALIZED COSINE DISTANCE BETWEEN SUBJECTS","FISTRESN","DIOD","2021-12-31","DIOD_2022-12-31",0.9892300227974944,"DIOD_2024-09-30",0.4337750190346987
"DERIVED: NORMALIZED COSINE DISTANCE BETWEEN SUBJECTS","FISTRESN","DIOD","2021-12-31","DIOD_2022-12-31",0.9892300227974944,"DIOD_2022-12-31",0.9892300227974945
"DERIVED: NORMALIZED COSINE DISTANCE BETWEEN SUBJECTS","FISTRESN","DIOD","2021-12-31","DIOD_2023-12-31",0.9628104060953177,"XPEL_2021-12-31",-0.24647108646981888
"DERIVED: NORMALIZED COSINE DISTANCE BETWEEN SUBJECTS","FISTRESN","DIOD","2021-12-31","DIOD_2023-12-31",0.9628104060953177,"XPEL_2022-12-31",0.22393855355576547
"DERIVED: NORMALIZED COSINE DISTANCE BETWEEN SUBJECTS","FISTRESN","DIOD","2021-12-31","DIOD_2023-12-31",0.9628104060953177,"XPEL_2023-12-31",-0.08405820055682059
"DERIVED: NORMALIZED COSINE DISTANCE BETWEEN SUBJECTS","FISTRESN","DIOD","2021-12-31","DIOD_2023-12-31",0.9628104060953177,"DIOD_2020-12-31",0.9661455850900094
"DERIVED: NORMALIZED COSINE DISTANCE BETWEEN SUBJECTS","FISTRESN","DIOD","2021-12-31","DIOD_2023-12-31",0.9628104060953177,"DIOD_2021-12-31",0.9999999999999999
"DERIVED: NORMALIZED COSINE DISTANCE BETWEEN SUBJECTS","FISTRESN","DIOD","2021-12-31","DIOD_2023-12-31",0.9628104060953177,"DIOD_2022-12-31",0.9892300227974944
"DERIVED: NORMALIZED COSINE DISTANCE BETWEEN SUBJECTS","FISTRESN","DIOD","2021-12-31","DIOD_2023-12-31",0.9628104060953177,"DIOD_2023-12-31",0.9628104060953177
"DERIVED: NORMALIZED COSINE DISTANCE BETWEEN SUBJECTS","FISTRESN","DIOD","2021-12-31","DIOD_2023-12-31",0.9628104060953177,"DIOD_2024-09-30",0.4337750190346986
"DERIVED: NORMALIZED COSINE DISTANCE BETWEEN SUBJECTS","FISTRESN","DIOD","2021-12-31","DIOD_2023-12-31",0.9628104060953177,"XPEL_2020-12-31",0.8401733374452838
"DERIVED: NORMALIZED COSINE DISTANCE BETWEEN SUBJECTS","FISTRESN","DIOD","2021-12-31","DIOD_2023-12-31",0.9628104060953177,"XPEL_2021-12-31",0.8310205934987045
"DERIVED: NORMALIZED COSINE DISTANCE BETWEEN SUBJECTS","FISTRESN","DIOD","2021-12-31","DIOD_2023-12-31",0.9628104060953177,"XPEL_2022-12-31",0.8590242787265931
"DERIVED: NORMALIZED COSINE DISTANCE BETWEEN SUBJECTS","FISTRESN","DIOD","2021-12-31","DIOD_2023-12-31",0.9628104060953177,"XPEL_2023-12-31",0.8740009191443576
"DERIVED: NORMALIZED COSINE DISTANCE BETWEEN SUBJECTS","FISTRESN","DIOD","2021-12-31","DIOD_2023-12-31",0.9628104060953177,"XPEL_2024-09-30",0.4241994661661693
"DERIVED: NORMALIZED COSINE DISTANCE BETWEEN SUBJECTS","FISTRESN","DIOD","2021-12-31","DIOD_2023-12-31",0.9628104060953177,"DIOD_2020-12-31",0.9661455850900095
"DERIVED: NORMALIZED COSINE DISTANCE BETWEEN SUBJECTS","FISTRESN","DIOD","2021-12-31","DIOD_2023-12-31",0.9628104060953177,"DIOD_2021-12-31",1.0000000000000002
"DERIVED: NORMALIZED COSINE DISTANCE BETWEEN SUBJECTS","FISTRESN","DIOD","2021-12-31","DIOD_2023-12-31",0.9628104060953177,"DIOD_2023-12-31",0.962810406095318
"DERIVED: NORMALIZED COSINE DISTANCE BETWEEN SUBJECTS","FISTRESN","DIOD","2021-12-31","DIOD_2023-12-31",0.9628104060953177,"DIOD_2024-09-30",0.4337750190346987
"DERIVED: NORMALIZED COSINE DISTANCE BETWEEN SUBJECTS","FISTRESN","DIOD","2021-12-31","DIOD_2023-12-31",0.9628104060953177,"DIOD_2022-12-31",0.9892300227974945
"DERIVED: NORMALIZED COSINE DISTANCE BETWEEN SUBJECTS","FISTRESN","DIOD","2021-12-31","DIOD_2024-09-30",0.4337750190346986,"XPEL_2021-12-31",-0.24647108646981888
"DERIVED: NORMALIZED COSINE DISTANCE BETWEEN SUBJECTS","FISTRESN","DIOD","2021-12-31","DIOD_2024-09-30",0.4337750190346986,"XPEL_2022-12-31",0.22393855355576547
"DERIVED: NORMALIZED COSINE DISTANCE BETWEEN SUBJECTS","FISTRESN","DIOD","2021-12-31","DIOD_2024-09-30",0.4337750190346986,"XPEL_2023-12-31",-0.08405820055682059
"DERIVED: NORMALIZED COSINE DISTANCE BETWEEN SUBJECTS","FISTRESN","DIOD","2021-12-31","DIOD_2024-09-30",0.4337750190346986,"DIOD_2020-12-31",0.9661455850900094
"DERIVED: NORMALIZED COSINE DISTANCE BETWEEN SUBJECTS","FISTRESN","DIOD","2021-12-31","DIOD_2024-09-30",0.4337750190346986,"DIOD_2021-12-31",0.9999999999999999
"DERIVED: NORMALIZED COSINE DISTANCE BETWEEN SUBJECTS","FISTRESN","DIOD","2021-12-31","DIOD_2024-09-30",0.4337750190346986,"DIOD_2022-12-31",0.9892300227974944
"DERIVED: NORMALIZED COSINE DISTANCE BETWEEN SUBJECTS","FISTRESN","DIOD","2021-12-31","DIOD_2024-09-30",0.4337750190346986,"DIOD_2023-12-31",0.9628104060953177
"DERIVED: NORMALIZED COSINE DISTANCE BETWEEN SUBJECTS","FISTRESN","DIOD","2021-12-31","DIOD_2024-09-30",0.4337750190346986,"DIOD_2024-09-30",0.4337750190346986
"DERIVED: NORMALIZED COSINE DISTANCE BETWEEN SUBJECTS","FISTRESN","DIOD","2021-12-31","DIOD_2024-09-30",0.4337750190346986,"XPEL_2020-12-31",0.8401733374452838
"DERIVED: NORMALIZED COSINE DISTANCE BETWEEN SUBJECTS","FISTRESN","DIOD","2021-12-31","DIOD_2024-09-30",0.4337750190346986,"XPEL_2021-12-31",0.8310205934987045
"DERIVED: NORMALIZED COSINE DISTANCE BETWEEN SUBJECTS","FISTRESN","DIOD","2021-12-31","DIOD_2024-09-30",0.4337750190346986,"XPEL_2022-12-31",0.8590242787265931
"DERIVED: NORMALIZED COSINE DISTANCE BETWEEN SUBJECTS","FISTRESN","DIOD","2021-12-31","DIOD_2024-09-30",0.4337750190346986,"XPEL_2023-12-31",0.8740009191443576
"DERIVED: NORMALIZED COSINE DISTANCE BETWEEN SUBJECTS","FISTRESN","DIOD","2021-12-31","DIOD_2024-09-30",0.4337750190346986,"XPEL_2024-09-30",0.4241994661661693
"DERIVED: NORMALIZED COSINE DISTANCE BETWEEN SUBJECTS","FISTRESN","DIOD","2021-12-31","DIOD_2024-09-30",0.4337750190346986,"DIOD_2020-12-31",0.9661455850900095
"DERIVED: NORMALIZED COSINE DISTANCE BETWEEN SUBJECTS","FISTRESN","DIOD","2021-12-31","DIOD_2024-09-30",0.4337750190346986,"DIOD_2021-12-31",1.0000000000000002
"DERIVED: NORMALIZED COSINE DISTANCE BETWEEN SUBJECTS","FISTRESN","DIOD","2021-12-31","DIOD_2024-09-30",0.4337750190346986,"DIOD_2023-12-31",0.962810406095318
"DERIVED: NORMALIZED COSINE DISTANCE BETWEEN SUBJECTS","FISTRESN","DIOD","2021-12-31","DIOD_2024-09-30",0.4337750190346986,"DIOD_2024-09-30",0.4337750190346987
"DERIVED: NORMALIZED COSINE DISTANCE BETWEEN SUBJECTS","FISTRESN","DIOD","2021-12-31","DIOD_2024-09-30",0.4337750190346986,"DIOD_2022-12-31",0.9892300227974945
"DERIVED: NORMALIZED COSINE DISTANCE BETWEEN SUBJECTS","FISTRESN","DIOD","2021-12-31","DIOD_2020-12-31",0.9661455850900095,"XPEL_2021-12-31",-0.24647108646981888
"DERIVED: NORMALIZED COSINE DISTANCE BETWEEN SUBJECTS","FISTRESN","DIOD","2021-12-31","DIOD_2020-12-31",0.9661455850900095,"XPEL_2022-12-31",0.22393855355576547
"DERIVED: NORMALIZED COSINE DISTANCE BETWEEN SUBJECTS","FISTRESN","DIOD","2021-12-31","DIOD_2020-12-31",0.9661455850900095,"XPEL_2023-12-31",-0.08405820055682059
"DERIVED: NORMALIZED COSINE DISTANCE BETWEEN SUBJECTS","FISTRESN","DIOD","2021-12-31","DIOD_2020-12-31",0.9661455850900095,"DIOD_2020-12-31",0.9661455850900094
"DERIVED: NORMALIZED COSINE DISTANCE BETWEEN SUBJECTS","FISTRESN","DIOD","2021-12-31","DIOD_2020-12-31",0.9661455850900095,"DIOD_2021-12-31",0.9999999999999999
"DERIVED: NORMALIZED COSINE DISTANCE BETWEEN SUBJECTS","FISTRESN","DIOD","2021-12-31","DIOD_2020-12-31",0.9661455850900095,"DIOD_2022-12-31",0.9892300227974944
"DERIVED: NORMALIZED COSINE DISTANCE BETWEEN SUBJECTS","FISTRESN","DIOD","2021-12-31","DIOD_2020-12-31",0.9661455850900095,"DIOD_2023-12-31",0.9628104060953177
"DERIVED: NORMALIZED COSINE DISTANCE BETWEEN SUBJECTS","FISTRESN","DIOD","2021-12-31","DIOD_2020-12-31",0.9661455850900095,"DIOD_2024-09-30",0.4337750190346986
"DERIVED: NORMALIZED COSINE DISTANCE BETWEEN SUBJECTS","FISTRESN","DIOD","2021-12-31","DIOD_2020-12-31",0.9661455850900095,"XPEL_2020-12-31",0.8401733374452838
"DERIVED: NORMALIZED COSINE DISTANCE BETWEEN SUBJECTS","FISTRESN","DIOD","2021-12-31","DIOD_2020-12-31",0.9661455850900095,"XPEL_2021-12-31",0.8310205934987045
"DERIVED: NORMALIZED COSINE DISTANCE BETWEEN SUBJECTS","FISTRESN","DIOD","2021-12-31","DIOD_2020-12-31",0.9661455850900095,"XPEL_2022-12-31",0.8590242787265931
"DERIVED: NORMALIZED COSINE DISTANCE BETWEEN SUBJECTS","FISTRESN","DIOD","2021-12-31","DIOD_2020-12-31",0.9661455850900095,"XPEL_2023-12-31",0.8740009191443576
"DERIVED: NORMALIZED COSINE DISTANCE BETWEEN SUBJECTS","FISTRESN","DIOD","2021-12-31","DIOD_2020-12-31",0.9661455850900095,"XPEL_2024-09-30",0.4241994661661693
"DERIVED: NORMALIZED COSINE DISTANCE BETWEEN SUBJECTS","FISTRESN","DIOD","2021-12-31","DIOD_2020-12-31",0.9661455850900095,"DIOD_2020-12-31",0.9661455850900095
"DERIVED: NORMALIZED COSINE DISTANCE BETWEEN SUBJECTS","FISTRESN","DIOD","2021-12-31","DIOD_2020-12-31",0.9661455850900095,"DIOD_2021-12-31",1.0000000000000002
"DERIVED: NORMALIZED COSINE DISTANCE BETWEEN SUBJECTS","FISTRESN","DIOD","2021-12-31","DIOD_2020-12-31",0.9661455850900095,"DIOD_2023-12-31",0.962810406095318
"DERIVED: NORMALIZED COSINE DISTANCE BETWEEN SUBJECTS","FISTRESN","DIOD","2021-12-31","DIOD_2020-12-31",0.9661455850900095,"DIOD_2024-09-30",0.4337750190346987
"DERIVED: NORMALIZED COSINE DISTANCE BETWEEN SUBJECTS","FISTRESN","DIOD","2021-12-31","DIOD_2020-12-31",0.9661455850900095,"DIOD_2022-12-31",0.9892300227974945
"DERIVED: NORMALIZED COSINE DISTANCE BETWEEN SUBJECTS","FISTRESN","DIOD","2021-12-31","DIOD_2021-12-31",1.0000000000000002,"XPEL_2021-12-31",-0.24647108646981888
"DERIVED: NORMALIZED COSINE DISTANCE BETWEEN SUBJECTS","FISTRESN","DIOD","2021-12-31","DIOD_2021-12-31",1.0000000000000002,"XPEL_2022-12-31",0.22393855355576547
"DERIVED: NORMALIZED COSINE DISTANCE BETWEEN SUBJECTS","FISTRESN","DIOD","2021-12-31","DIOD_2021-12-31",1.0000000000000002,"XPEL_2023-12-31",-0.08405820055682059
"DERIVED: NORMALIZED COSINE DISTANCE BETWEEN SUBJECTS","FISTRESN","DIOD","2021-12-31","DIOD_2021-12-31",1.0000000000000002,"DIOD_2020-12-31",0.9661455850900094
"DERIVED: NORMALIZED COSINE DISTANCE BETWEEN SUBJECTS","FISTRESN","DIOD","2021-12-31","DIOD_2021-12-31",1.0000000000000002,"DIOD_2021-12-31",0.9999999999999999
"DERIVED: NORMALIZED COSINE DISTANCE BETWEEN SUBJECTS","FISTRESN","DIOD","2021-12-31","DIOD_2021-12-31",1.0000000000000002,"DIOD_2022-12-31",0.9892300227974944
"DERIVED: NORMALIZED COSINE DISTANCE BETWEEN SUBJECTS","FISTRESN","DIOD","2021-12-31","DIOD_2021-12-31",1.0000000000000002,"DIOD_2023-12-31",0.9628104060953177
"DERIVED: NORMALIZED COSINE DISTANCE BETWEEN SUBJECTS","FISTRESN","DIOD","2021-12-31","DIOD_2021-12-31",1.0000000000000002,"DIOD_2024-09-30",0.4337750190346986
"DERIVED: NORMALIZED COSINE DISTANCE BETWEEN SUBJECTS","FISTRESN","DIOD","2021-12-31","DIOD_2021-12-31",1.0000000000000002,"XPEL_2020-12-31",0.8401733374452838
"DERIVED: NORMALIZED COSINE DISTANCE BETWEEN SUBJECTS","FISTRESN","DIOD","2021-12-31","DIOD_2021-12-31",1.0000000000000002,"XPEL_2021-12-31",0.8310205934987045
"DERIVED: NORMALIZED COSINE DISTANCE BETWEEN SUBJECTS","FISTRESN","DIOD","2021-12-31","DIOD_2021-12-31",1.0000000000000002,"XPEL_2022-12-31",0.8590242787265931
"DERIVED: NORMALIZED COSINE DISTANCE BETWEEN SUBJECTS","FISTRESN","DIOD","2021-12-31","DIOD_2021-12-31",1.0000000000000002,"XPEL_2023-12-31",0.8740009191443576
"DERIVED: NORMALIZED COSINE DISTANCE BETWEEN SUBJECTS","FISTRESN","DIOD","2021-12-31","DIOD_2021-12-31",1.0000000000000002,"XPEL_2024-09-30",0.4241994661661693
"DERIVED: NORMALIZED COSINE DISTANCE BETWEEN SUBJECTS","FISTRESN","DIOD","2021-12-31","DIOD_2021-12-31",1.0000000000000002,"DIOD_2020-12-31",0.9661455850900095
"DERIVED: NORMALIZED COSINE DISTANCE BETWEEN SUBJECTS","FISTRESN","DIOD","2021-12-31","DIOD_2021-12-31",1.0000000000000002,"DIOD_2021-12-31",1.0000000000000002
"DERIVED: NORMALIZED COSINE DISTANCE BETWEEN SUBJECTS","FISTRESN","DIOD","2021-12-31","DIOD_2021-12-31",1.0000000000000002,"DIOD_2023-12-31",0.962810406095318
"DERIVED: NORMALIZED COSINE DISTANCE BETWEEN SUBJECTS","FISTRESN","DIOD","2021-12-31","DIOD_2021-12-31",1.0000000000000002,"DIOD_2024-09-30",0.4337750190346987
"DERIVED: NORMALIZED COSINE DISTANCE BETWEEN SUBJECTS","FISTRESN","DIOD","2021-12-31","DIOD_2021-12-31",1.0000000000000002,"DIOD_2022-12-31",0.9892300227974945
"DERIVED: NORMALIZED COSINE DISTANCE BETWEEN SUBJECTS","FISTRESN","DIOD","2021-12-31","DIOD_2023-12-31",0.962810406095318,"XPEL_2021-12-31",-0.24647108646981888
"DERIVED: NORMALIZED COSINE DISTANCE BETWEEN SUBJECTS","FISTRESN","DIOD","2021-12-31","DIOD_2023-12-31",0.962810406095318,"XPEL_2022-12-31",0.22393855355576547
"DERIVED: NORMALIZED COSINE DISTANCE BETWEEN SUBJECTS","FISTRESN","DIOD","2021-12-31","DIOD_2023-12-31",0.962810406095318,"XPEL_2023-12-31",-0.08405820055682059
"DERIVED: NORMALIZED COSINE DISTANCE BETWEEN SUBJECTS","FISTRESN","DIOD","2021-12-31","DIOD_2023-12-31",0.962810406095318,"DIOD_2020-12-31",0.9661455850900094
"DERIVED: NORMALIZED COSINE DISTANCE BETWEEN SUBJECTS","FISTRESN","DIOD","2021-12-31","DIOD_2023-12-31",0.962810406095318,"DIOD_2021-12-31",0.9999999999999999
"DERIVED: NORMALIZED COSINE DISTANCE BETWEEN SUBJECTS","FISTRESN","DIOD","2021-12-31","DIOD_2023-12-31",0.962810406095318,"DIOD_2022-12-31",0.9892300227974944
"DERIVED: NORMALIZED COSINE DISTANCE BETWEEN SUBJECTS","FISTRESN","DIOD","2021-12-31","DIOD_2023-12-31",0.962810406095318,"DIOD_2023-12-31",0.9628104060953177
"DERIVED: NORMALIZED COSINE DISTANCE BETWEEN SUBJECTS","FISTRESN","DIOD","2021-12-31","DIOD_2023-12-31",0.962810406095318,"DIOD_2024-09-30",0.4337750190346986
"DERIVED: NORMALIZED COSINE DISTANCE BETWEEN SUBJECTS","FISTRESN","DIOD","2021-12-31","DIOD_2023-12-31",0.962810406095318,"XPEL_2020-12-31",0.8401733374452838
"DERIVED: NORMALIZED COSINE DISTANCE BETWEEN SUBJECTS","FISTRESN","DIOD","2021-12-31","DIOD_2023-12-31",0.962810406095318,"XPEL_2021-12-31",0.8310205934987045
"DERIVED: NORMALIZED COSINE DISTANCE BETWEEN SUBJECTS","FISTRESN","DIOD","2021-12-31","DIOD_2023-12-31",0.962810406095318,"XPEL_2022-12-31",0.8590242787265931
"DERIVED: NORMALIZED COSINE DISTANCE BETWEEN SUBJECTS","FISTRESN","DIOD","2021-12-31","DIOD_2023-12-31",0.962810406095318,"XPEL_2023-12-31",0.8740009191443576
"DERIVED: NORMALIZED COSINE DISTANCE BETWEEN SUBJECTS","FISTRESN","DIOD","2021-12-31","DIOD_2023-12-31",0.962810406095318,"XPEL_2024-09-30",0.4241994661661693
"DERIVED: NORMALIZED COSINE DISTANCE BETWEEN SUBJECTS","FISTRESN","DIOD","2021-12-31","DIOD_2023-12-31",0.962810406095318,"DIOD_2020-12-31",0.9661455850900095
"DERIVED: NORMALIZED COSINE DISTANCE BETWEEN SUBJECTS","FISTRESN","DIOD","2021-12-31","DIOD_2023-12-31",0.962810406095318,"DIOD_2021-12-31",1.0000000000000002
"DERIVED: NORMALIZED COSINE DISTANCE BETWEEN SUBJECTS","FISTRESN","DIOD","2021-12-31","DIOD_2023-12-31",0.962810406095318,"DIOD_2023-12-31",0.962810406095318
"DERIVED: NORMALIZED COSINE DISTANCE BETWEEN SUBJECTS","FISTRESN","DIOD","2021-12-31","DIOD_2023-12-31",0.962810406095318,"DIOD_2024-09-30",0.4337750190346987
"DERIVED: NORMALIZED COSINE DISTANCE BETWEEN SUBJECTS","FISTRESN","DIOD","2021-12-31","DIOD_2023-12-31",0.962810406095318,"DIOD_2022-12-31",0.9892300227974945
"DERIVED: NORMALIZED COSINE DISTANCE BETWEEN SUBJECTS","FISTRESN","DIOD","2021-12-31","DIOD_2024-09-30",0.4337750190346987,"XPEL_2021-12-31",-0.24647108646981888
"DERIVED: NORMALIZED COSINE DISTANCE BETWEEN SUBJECTS","FISTRESN","DIOD","2021-12-31","DIOD_2024-09-30",0.4337750190346987,"XPEL_2022-12-31",0.22393855355576547
"DERIVED: NORMALIZED COSINE DISTANCE BETWEEN SUBJECTS","FISTRESN","DIOD","2021-12-31","DIOD_2024-09-30",0.4337750190346987,"XPEL_2023-12-31",-0.08405820055682059
"DERIVED: NORMALIZED COSINE DISTANCE BETWEEN SUBJECTS","FISTRESN","DIOD","2021-12-31","DIOD_2024-09-30",0.4337750190346987,"DIOD_2020-12-31",0.9661455850900094
"DERIVED: NORMALIZED COSINE DISTANCE BETWEEN SUBJECTS","FISTRESN","DIOD","2021-12-31","DIOD_2024-09-30",0.4337750190346987,"DIOD_2021-12-31",0.9999999999999999
"DERIVED: NORMALIZED COSINE DISTANCE BETWEEN SUBJECTS","FISTRESN","DIOD","2021-12-31","DIOD_2024-09-30",0.4337750190346987,"DIOD_2022-12-31",0.9892300227974944
"DERIVED: NORMALIZED COSINE DISTANCE BETWEEN SUBJECTS","FISTRESN","DIOD","2021-12-31","DIOD_2024-09-30",0.4337750190346987,"DIOD_2023-12-31",0.9628104060953177
"DERIVED: NORMALIZED COSINE DISTANCE BETWEEN SUBJECTS","FISTRESN","DIOD","2021-12-31","DIOD_2024-09-30",0.4337750190346987,"DIOD_2024-09-30",0.4337750190346986
"DERIVED: NORMALIZED COSINE DISTANCE BETWEEN SUBJECTS","FISTRESN","DIOD","2021-12-31","DIOD_2024-09-30",0.4337750190346987,"XPEL_2020-12-31",0.8401733374452838
"DERIVED: NORMALIZED COSINE DISTANCE BETWEEN SUBJECTS","FISTRESN","DIOD","2021-12-31","DIOD_2024-09-30",0.4337750190346987,"XPEL_2021-12-31",0.8310205934987045
"DERIVED: NORMALIZED COSINE DISTANCE BETWEEN SUBJECTS","FISTRESN","DIOD","2021-12-31","DIOD_2024-09-30",0.4337750190346987,"XPEL_2022-12-31",0.8590242787265931
"DERIVED: NORMALIZED COSINE DISTANCE BETWEEN SUBJECTS","FISTRESN","DIOD","2021-12-31","DIOD_2024-09-30",0.4337750190346987,"XPEL_2023-12-31",0.8740009191443576
"DERIVED: NORMALIZED COSINE DISTANCE BETWEEN SUBJECTS","FISTRESN","DIOD","2021-12-31","DIOD_2024-09-30",0.4337750190346987,"XPEL_2024-09-30",0.4241994661661693
"DERIVED: NORMALIZED COSINE DISTANCE BETWEEN SUBJECTS","FISTRESN","DIOD","2021-12-31","DIOD_2024-09-30",0.4337750190346987,"DIOD_2020-12-31",0.9661455850900095
"DERIVED: NORMALIZED COSINE DISTANCE BETWEEN SUBJECTS","FISTRESN","DIOD","2021-12-31","DIOD_2024-09-30",0.4337750190346987,"DIOD_2021-12-31",1.0000000000000002
"DERIVED: NORMALIZED COSINE DISTANCE BETWEEN SUBJECTS","FISTRESN","DIOD","2021-12-31","DIOD_2024-09-30",0.4337750190346987,"DIOD_2023-12-31",0.962810406095318
"DERIVED: NORMALIZED COSINE DISTANCE BETWEEN SUBJECTS","FISTRESN","DIOD","2021-12-31","DIOD_2024-09-30",0.4337750190346987,"DIOD_2024-09-30",0.4337750190346987
"DERIVED: NORMALIZED COSINE DISTANCE BETWEEN SUBJECTS","FISTRESN","DIOD","2021-12-31","DIOD_2024-09-30",0.4337750190346987,"DIOD_2022-12-31",0.9892300227974945
"DERIVED: NORMALIZED COSINE DISTANCE BETWEEN SUBJECTS","FISTRESN","DIOD","2021-12-31","DIOD_2022-12-31",0.9892300227974945,"XPEL_2021-12-31",-0.24647108646981888
"DERIVED: NORMALIZED COSINE DISTANCE BETWEEN SUBJECTS","FISTRESN","DIOD","2021-12-31","DIOD_2022-12-31",0.9892300227974945,"XPEL_2022-12-31",0.22393855355576547
"DERIVED: NORMALIZED COSINE DISTANCE BETWEEN SUBJECTS","FISTRESN","DIOD","2021-12-31","DIOD_2022-12-31",0.9892300227974945,"XPEL_2023-12-31",-0.08405820055682059
"DERIVED: NORMALIZED COSINE DISTANCE BETWEEN SUBJECTS","FISTRESN","DIOD","2021-12-31","DIOD_2022-12-31",0.9892300227974945,"DIOD_2020-12-31",0.9661455850900094
"DERIVED: NORMALIZED COSINE DISTANCE BETWEEN SUBJECTS","FISTRESN","DIOD","2021-12-31","DIOD_2022-12-31",0.9892300227974945,"DIOD_2021-12-31",0.9999999999999999
"DERIVED: NORMALIZED COSINE DISTANCE BETWEEN SUBJECTS","FISTRESN","DIOD","2021-12-31","DIOD_2022-12-31",0.9892300227974945,"DIOD_2022-12-31",0.9892300227974944
"DERIVED: NORMALIZED COSINE DISTANCE BETWEEN SUBJECTS","FISTRESN","DIOD","2021-12-31","DIOD_2022-12-31",0.9892300227974945,"DIOD_2023-12-31",0.9628104060953177
"DERIVED: NORMALIZED COSINE DISTANCE BETWEEN SUBJECTS","FISTRESN","DIOD","2021-12-31","DIOD_2022-12-31",0.9892300227974945,"DIOD_2024-09-30",0.4337750190346986
"DERIVED: NORMALIZED COSINE DISTANCE BETWEEN SUBJECTS","FISTRESN","DIOD","2021-12-31","DIOD_2022-12-31",0.9892300227974945,"XPEL_2020-12-31",0.8401733374452838
"DERIVED: NORMALIZED COSINE DISTANCE BETWEEN SUBJECTS","FISTRESN","DIOD","2021-12-31","DIOD_2022-12-31",0.9892300227974945,"XPEL_2021-12-31",0.8310205934987045
"DERIVED: NORMALIZED COSINE DISTANCE BETWEEN SUBJECTS","FISTRESN","DIOD","2021-12-31","DIOD_2022-12-31",0.9892300227974945,"XPEL_2022-12-31",0.8590242787265931
"DERIVED: NORMALIZED COSINE DISTANCE BETWEEN SUBJECTS","FISTRESN","DIOD","2021-12-31","DIOD_2022-12-31",0.9892300227974945,"XPEL_2023-12-31",0.8740009191443576
"DERIVED: NORMALIZED COSINE DISTANCE BETWEEN SUBJECTS","FISTRESN","DIOD","2021-12-31","DIOD_2022-12-31",0.9892300227974945,"XPEL_2024-09-30",0.4241994661661693
"DERIVED: NORMALIZED COSINE DISTANCE BETWEEN SUBJECTS","FISTRESN","DIOD","2021-12-31","DIOD_2022-12-31",0.9892300227974945,"DIOD_2020-12-31",0.9661455850900095
"DERIVED: NORMALIZED COSINE DISTANCE BETWEEN SUBJECTS","FISTRESN","DIOD","2021-12-31","DIOD_2022-12-31",0.9892300227974945,"DIOD_2021-12-31",1.0000000000000002
"DERIVED: NORMALIZED COSINE DISTANCE BETWEEN SUBJECTS","FISTRESN","DIOD","2021-12-31","DIOD_2022-12-31",0.9892300227974945,"DIOD_2023-12-31",0.962810406095318
"DERIVED: NORMALIZED COSINE DISTANCE BETWEEN SUBJECTS","FISTRESN","DIOD","2021-12-31","DIOD_2022-12-31",0.9892300227974945,"DIOD_2024-09-30",0.4337750190346987
"DERIVED: NORMALIZED COSINE DISTANCE BETWEEN SUBJECTS","FISTRESN","DIOD","2021-12-31","DIOD_2022-12-31",0.9892300227974945,"DIOD_2022-12-31",0.9892300227974945
"DERIVED: NORMALIZED COSINE DISTANCE BETWEEN SUBJECTS","FISTRESN","DIOD","2022-12-31","DIOD_2020-12-31",0.9410238147464962,"XPEL_2021-12-31",-0.012265607780607077
"DERIVED: NORMALIZED COSINE DISTANCE BETWEEN SUBJECTS","FISTRESN","DIOD","2022-12-31","DIOD_2020-12-31",0.9410238147464962,"XPEL_2022-12-31",0.21122887222580047
"DERIVED: NORMALIZED COSINE DISTANCE BETWEEN SUBJECTS","FISTRESN","DIOD","2022-12-31","DIOD_2020-12-31",0.9410238147464962,"XPEL_2023-12-31",0.3104480131859767
"DERIVED: NORMALIZED COSINE DISTANCE BETWEEN SUBJECTS","FISTRESN","DIOD","2022-12-31","DIOD_2020-12-31",0.9410238147464962,"DIOD_2020-12-31",0.9410238147464962
"DERIVED: NORMALIZED COSINE DISTANCE BETWEEN SUBJECTS","FISTRESN","DIOD","2022-12-31","DIOD_2020-12-31",0.9410238147464962,"DIOD_2021-12-31",0.9892300227974944
"DERIVED: NORMALIZED COSINE DISTANCE BETWEEN SUBJECTS","FISTRESN","DIOD","2022-12-31","DIOD_2020-12-31",0.9410238147464962,"DIOD_2022-12-31",1.0000000000000002
"DERIVED: NORMALIZED COSINE DISTANCE BETWEEN SUBJECTS","FISTRESN","DIOD","2022-12-31","DIOD_2020-12-31",0.9410238147464962,"DIOD_2023-12-31",0.9834570639101773
"DERIVED: NORMALIZED COSINE DISTANCE BETWEEN SUBJECTS","FISTRESN","DIOD","2022-12-31","DIOD_2020-12-31",0.9410238147464962,"DIOD_2024-09-30",0.42383769191072096
"DERIVED: NORMALIZED COSINE DISTANCE BETWEEN SUBJECTS","FISTRESN","DIOD","2022-12-31","DIOD_2020-12-31",0.9410238147464962,"XPEL_2020-12-31",0.8342370467083674
"DERIVED: NORMALIZED COSINE DISTANCE BETWEEN SUBJECTS","FISTRESN","DIOD","2022-12-31","DIOD_2020-12-31",0.9410238147464962,"XPEL_2021-12-31",0.8252668309979537
"DERIVED: NORMALIZED COSINE DISTANCE BETWEEN SUBJECTS","FISTRESN","DIOD","2022-12-31","DIOD_2020-12-31",0.9410238147464962,"XPEL_2022-12-31",0.8607273276327961
"DERIVED: NORMALIZED COSINE DISTANCE BETWEEN SUBJECTS","FISTRESN","DIOD","2022-12-31","DIOD_2020-12-31",0.9410238147464962,"XPEL_2023-12-31",0.8811787556107965
"DERIVED: NORMALIZED COSINE DISTANCE BETWEEN SUBJECTS","FISTRESN","DIOD","2022-12-31","DIOD_2020-12-31",0.9410238147464962,"XPEL_2024-09-30",0.42745479753657006
"DERIVED: NORMALIZED COSINE DISTANCE BETWEEN SUBJECTS","FISTRESN","DIOD","2022-12-31","DIOD_2020-12-31",0.9410238147464962,"DIOD_2021-12-31",0.9892300227974945
"DERIVED: NORMALIZED COSINE DISTANCE BETWEEN SUBJECTS","FISTRESN","DIOD","2022-12-31","DIOD_2021-12-31",0.9892300227974944,"XPEL_2021-12-31",-0.012265607780607077
"DERIVED: NORMALIZED COSINE DISTANCE BETWEEN SUBJECTS","FISTRESN","DIOD","2022-12-31","DIOD_2021-12-31",0.9892300227974944,"XPEL_2022-12-31",0.21122887222580047
"DERIVED: NORMALIZED COSINE DISTANCE BETWEEN SUBJECTS","FISTRESN","DIOD","2022-12-31","DIOD_2021-12-31",0.9892300227974944,"XPEL_2023-12-31",0.3104480131859767
"DERIVED: NORMALIZED COSINE DISTANCE BETWEEN SUBJECTS","FISTRESN","DIOD","2022-12-31","DIOD_2021-12-31",0.9892300227974944,"DIOD_2020-12-31",0.9410238147464962
"DERIVED: NORMALIZED COSINE DISTANCE BETWEEN SUBJECTS","FISTRESN","DIOD","2022-12-31","DIOD_2021-12-31",0.9892300227974944,"DIOD_2021-12-31",0.9892300227974944
"DERIVED: NORMALIZED COSINE DISTANCE BETWEEN SUBJECTS","FISTRESN","DIOD","2022-12-31","DIOD_2021-12-31",0.9892300227974944,"DIOD_2022-12-31",1.0000000000000002
"DERIVED: NORMALIZED COSINE DISTANCE BETWEEN SUBJECTS","FISTRESN","DIOD","2022-12-31","DIOD_2021-12-31",0.9892300227974944,"DIOD_2023-12-31",0.9834570639101773
"DERIVED: NORMALIZED COSINE DISTANCE BETWEEN SUBJECTS","FISTRESN","DIOD","2022-12-31","DIOD_2021-12-31",0.9892300227974944,"DIOD_2024-09-30",0.42383769191072096
"DERIVED: NORMALIZED COSINE DISTANCE BETWEEN SUBJECTS","FISTRESN","DIOD","2022-12-31","DIOD_2021-12-31",0.9892300227974944,"XPEL_2020-12-31",0.8342370467083674
"DERIVED: NORMALIZED COSINE DISTANCE BETWEEN SUBJECTS","FISTRESN","DIOD","2022-12-31","DIOD_2021-12-31",0.9892300227974944,"XPEL_2021-12-31",0.8252668309979537
"DERIVED: NORMALIZED COSINE DISTANCE BETWEEN SUBJECTS","FISTRESN","DIOD","2022-12-31","DIOD_2021-12-31",0.9892300227974944,"XPEL_2022-12-31",0.8607273276327961
"DERIVED: NORMALIZED COSINE DISTANCE BETWEEN SUBJECTS","FISTRESN","DIOD","2022-12-31","DIOD_2021-12-31",0.9892300227974944,"XPEL_2023-12-31",0.8811787556107965
"DERIVED: NORMALIZED COSINE DISTANCE BETWEEN SUBJECTS","FISTRESN","DIOD","2022-12-31","DIOD_2021-12-31",0.9892300227974944,"XPEL_2024-09-30",0.42745479753657006
"DERIVED: NORMALIZED COSINE DISTANCE BETWEEN SUBJECTS","FISTRESN","DIOD","2022-12-31","DIOD_2021-12-31",0.9892300227974944,"DIOD_2021-12-31",0.9892300227974945
"DERIVED: NORMALIZED COSINE DISTANCE BETWEEN SUBJECTS","FISTRESN","DIOD","2022-12-31","DIOD_2022-12-31",1.0000000000000002,"XPEL_2021-12-31",-0.012265607780607077
"DERIVED: NORMALIZED COSINE DISTANCE BETWEEN SUBJECTS","FISTRESN","DIOD","2022-12-31","DIOD_2022-12-31",1.0000000000000002,"XPEL_2022-12-31",0.21122887222580047
"DERIVED: NORMALIZED COSINE DISTANCE BETWEEN SUBJECTS","FISTRESN","DIOD","2022-12-31","DIOD_2022-12-31",1.0000000000000002,"XPEL_2023-12-31",0.3104480131859767
"DERIVED: NORMALIZED COSINE DISTANCE BETWEEN SUBJECTS","FISTRESN","DIOD","2022-12-31","DIOD_2022-12-31",1.0000000000000002,"DIOD_2020-12-31",0.9410238147464962
"DERIVED: NORMALIZED COSINE DISTANCE BETWEEN SUBJECTS","FISTRESN","DIOD","2022-12-31","DIOD_2022-12-31",1.0000000000000002,"DIOD_2021-12-31",0.9892300227974944
"DERIVED: NORMALIZED COSINE DISTANCE BETWEEN SUBJECTS","FISTRESN","DIOD","2022-12-31","DIOD_2022-12-31",1.0000000000000002,"DIOD_2022-12-31",1.0000000000000002
"DERIVED: NORMALIZED COSINE DISTANCE BETWEEN SUBJECTS","FISTRESN","DIOD","2022-12-31","DIOD_2022-12-31",1.0000000000000002,"DIOD_2023-12-31",0.9834570639101773
"DERIVED: NORMALIZED COSINE DISTANCE BETWEEN SUBJECTS","FISTRESN","DIOD","2022-12-31","DIOD_2022-12-31",1.0000000000000002,"DIOD_2024-09-30",0.42383769191072096
"DERIVED: NORMALIZED COSINE DISTANCE BETWEEN SUBJECTS","FISTRESN","DIOD","2022-12-31","DIOD_2022-12-31",1.0000000000000002,"XPEL_2020-12-31",0.8342370467083674
"DERIVED: NORMALIZED COSINE DISTANCE BETWEEN SUBJECTS","FISTRESN","DIOD","2022-12-31","DIOD_2022-12-31",1.0000000000000002,"XPEL_2021-12-31",0.8252668309979537
"DERIVED: NORMALIZED COSINE DISTANCE BETWEEN SUBJECTS","FISTRESN","DIOD","2022-12-31","DIOD_2022-12-31",1.0000000000000002,"XPEL_2022-12-31",0.8607273276327961
"DERIVED: NORMALIZED COSINE DISTANCE BETWEEN SUBJECTS","FISTRESN","DIOD","2022-12-31","DIOD_2022-12-31",1.0000000000000002,"XPEL_2023-12-31",0.8811787556107965
"DERIVED: NORMALIZED COSINE DISTANCE BETWEEN SUBJECTS","FISTRESN","DIOD","2022-12-31","DIOD_2022-12-31",1.0000000000000002,"XPEL_2024-09-30",0.42745479753657006
"DERIVED: NORMALIZED COSINE DISTANCE BETWEEN SUBJECTS","FISTRESN","DIOD","2022-12-31","DIOD_2022-12-31",1.0000000000000002,"DIOD_2021-12-31",0.9892300227974945
"DERIVED: NORMALIZED COSINE DISTANCE BETWEEN SUBJECTS","FISTRESN","DIOD","2022-12-31","DIOD_2023-12-31",0.9834570639101773,"XPEL_2021-12-31",-0.012265607780607077
"DERIVED: NORMALIZED COSINE DISTANCE BETWEEN SUBJECTS","FISTRESN","DIOD","2022-12-31","DIOD_2023-12-31",0.9834570639101773,"XPEL_2022-12-31",0.21122887222580047
"DERIVED: NORMALIZED COSINE DISTANCE BETWEEN SUBJECTS","FISTRESN","DIOD","2022-12-31","DIOD_2023-12-31",0.9834570639101773,"XPEL_2023-12-31",0.3104480131859767
"DERIVED: NORMALIZED COSINE DISTANCE BETWEEN SUBJECTS","FISTRESN","DIOD","2022-12-31","DIOD_2023-12-31",0.9834570639101773,"DIOD_2020-12-31",0.9410238147464962
"DERIVED: NORMALIZED COSINE DISTANCE BETWEEN SUBJECTS","FISTRESN","DIOD","2022-12-31","DIOD_2023-12-31",0.9834570639101773,"DIOD_2021-12-31",0.9892300227974944
"DERIVED: NORMALIZED COSINE DISTANCE BETWEEN SUBJECTS","FISTRESN","DIOD","2022-12-31","DIOD_2023-12-31",0.9834570639101773,"DIOD_2022-12-31",1.0000000000000002
"DERIVED: NORMALIZED COSINE DISTANCE BETWEEN SUBJECTS","FISTRESN","DIOD","2022-12-31","DIOD_2023-12-31",0.9834570639101773,"DIOD_2023-12-31",0.9834570639101773
"DERIVED: NORMALIZED COSINE DISTANCE BETWEEN SUBJECTS","FISTRESN","DIOD","2022-12-31","DIOD_2023-12-31",0.9834570639101773,"DIOD_2024-09-30",0.42383769191072096
"DERIVED: NORMALIZED COSINE DISTANCE BETWEEN SUBJECTS","FISTRESN","DIOD","2022-12-31","DIOD_2023-12-31",0.9834570639101773,"XPEL_2020-12-31",0.8342370467083674
"DERIVED: NORMALIZED COSINE DISTANCE BETWEEN SUBJECTS","FISTRESN","DIOD","2022-12-31","DIOD_2023-12-31",0.9834570639101773,"XPEL_2021-12-31",0.8252668309979537
"DERIVED: NORMALIZED COSINE DISTANCE BETWEEN SUBJECTS","FISTRESN","DIOD","2022-12-31","DIOD_2023-12-31",0.9834570639101773,"XPEL_2022-12-31",0.8607273276327961
"DERIVED: NORMALIZED COSINE DISTANCE BETWEEN SUBJECTS","FISTRESN","DIOD","2022-12-31","DIOD_2023-12-31",0.9834570639101773,"XPEL_2023-12-31",0.8811787556107965
"DERIVED: NORMALIZED COSINE DISTANCE BETWEEN SUBJECTS","FISTRESN","DIOD","2022-12-31","DIOD_2023-12-31",0.9834570639101773,"XPEL_2024-09-30",0.42745479753657006
"DERIVED: NORMALIZED COSINE DISTANCE BETWEEN SUBJECTS","FISTRESN","DIOD","2022-12-31","DIOD_2023-12-31",0.9834570639101773,"DIOD_2021-12-31",0.9892300227974945
"DERIVED: NORMALIZED COSINE DISTANCE BETWEEN SUBJECTS","FISTRESN","DIOD","2022-12-31","DIOD_2024-09-30",0.42383769191072096,"XPEL_2021-12-31",-0.012265607780607077
"DERIVED: NORMALIZED COSINE DISTANCE BETWEEN SUBJECTS","FISTRESN","DIOD","2022-12-31","DIOD_2024-09-30",0.42383769191072096,"XPEL_2022-12-31",0.21122887222580047
"DERIVED: NORMALIZED COSINE DISTANCE BETWEEN SUBJECTS","FISTRESN","DIOD","2022-12-31","DIOD_2024-09-30",0.42383769191072096,"XPEL_2023-12-31",0.3104480131859767
"DERIVED: NORMALIZED COSINE DISTANCE BETWEEN SUBJECTS","FISTRESN","DIOD","2022-12-31","DIOD_2024-09-30",0.42383769191072096,"DIOD_2020-12-31",0.9410238147464962
"DERIVED: NORMALIZED COSINE DISTANCE BETWEEN SUBJECTS","FISTRESN","DIOD","2022-12-31","DIOD_2024-09-30",0.42383769191072096,"DIOD_2021-12-31",0.9892300227974944
"DERIVED: NORMALIZED COSINE DISTANCE BETWEEN SUBJECTS","FISTRESN","DIOD","2022-12-31","DIOD_2024-09-30",0.42383769191072096,"DIOD_2022-12-31",1.0000000000000002
"DERIVED: NORMALIZED COSINE DISTANCE BETWEEN SUBJECTS","FISTRESN","DIOD","2022-12-31","DIOD_2024-09-30",0.42383769191072096,"DIOD_2023-12-31",0.9834570639101773
"DERIVED: NORMALIZED COSINE DISTANCE BETWEEN SUBJECTS","FISTRESN","DIOD","2022-12-31","DIOD_2024-09-30",0.42383769191072096,"DIOD_2024-09-30",0.42383769191072096
"DERIVED: NORMALIZED COSINE DISTANCE BETWEEN SUBJECTS","FISTRESN","DIOD","2022-12-31","DIOD_2024-09-30",0.42383769191072096,"XPEL_2020-12-31",0.8342370467083674
"DERIVED: NORMALIZED COSINE DISTANCE BETWEEN SUBJECTS","FISTRESN","DIOD","2022-12-31","DIOD_2024-09-30",0.42383769191072096,"XPEL_2021-12-31",0.8252668309979537
"DERIVED: NORMALIZED COSINE DISTANCE BETWEEN SUBJECTS","FISTRESN","DIOD","2022-12-31","DIOD_2024-09-30",0.42383769191072096,"XPEL_2022-12-31",0.8607273276327961
"DERIVED: NORMALIZED COSINE DISTANCE BETWEEN SUBJECTS","FISTRESN","DIOD","2022-12-31","DIOD_2024-09-30",0.42383769191072096,"XPEL_2023-12-31",0.8811787556107965
"DERIVED: NORMALIZED COSINE DISTANCE BETWEEN SUBJECTS","FISTRESN","DIOD","2022-12-31","DIOD_2024-09-30",0.42383769191072096,"XPEL_2024-09-30",0.42745479753657006
"DERIVED: NORMALIZED COSINE DISTANCE BETWEEN SUBJECTS","FISTRESN","DIOD","2022-12-31","DIOD_2024-09-30",0.42383769191072096,"DIOD_2021-12-31",0.9892300227974945
"DERIVED: NORMALIZED COSINE DISTANCE BETWEEN SUBJECTS","FISTRESN","DIOD","2022-12-31","DIOD_2021-12-31",0.9892300227974945,"XPEL_2021-12-31",-0.012265607780607077
"DERIVED: NORMALIZED COSINE DISTANCE BETWEEN SUBJECTS","FISTRESN","DIOD","2022-12-31","DIOD_2021-12-31",0.9892300227974945,"XPEL_2022-12-31",0.21122887222580047
"DERIVED: NORMALIZED COSINE DISTANCE BETWEEN SUBJECTS","FISTRESN","DIOD","2022-12-31","DIOD_2021-12-31",0.9892300227974945,"XPEL_2023-12-31",0.3104480131859767
"DERIVED: NORMALIZED COSINE DISTANCE BETWEEN SUBJECTS","FISTRESN","DIOD","2022-12-31","DIOD_2021-12-31",0.9892300227974945,"DIOD_2020-12-31",0.9410238147464962
"DERIVED: NORMALIZED COSINE DISTANCE BETWEEN SUBJECTS","FISTRESN","DIOD","2022-12-31","DIOD_2021-12-31",0.9892300227974945,"DIOD_2021-12-31",0.9892300227974944
"DERIVED: NORMALIZED COSINE DISTANCE BETWEEN SUBJECTS","FISTRESN","DIOD","2022-12-31","DIOD_2021-12-31",0.9892300227974945,"DIOD_2022-12-31",1.0000000000000002
"DERIVED: NORMALIZED COSINE DISTANCE BETWEEN SUBJECTS","FISTRESN","DIOD","2022-12-31","DIOD_2021-12-31",0.9892300227974945,"DIOD_2023-12-31",0.9834570639101773
"DERIVED: NORMALIZED COSINE DISTANCE BETWEEN SUBJECTS","FISTRESN","DIOD","2022-12-31","DIOD_2021-12-31",0.9892300227974945,"DIOD_2024-09-30",0.42383769191072096
"DERIVED: NORMALIZED COSINE DISTANCE BETWEEN SUBJECTS","FISTRESN","DIOD","2022-12-31","DIOD_2021-12-31",0.9892300227974945,"XPEL_2020-12-31",0.8342370467083674
"DERIVED: NORMALIZED COSINE DISTANCE BETWEEN SUBJECTS","FISTRESN","DIOD","2022-12-31","DIOD_2021-12-31",0.9892300227974945,"XPEL_2021-12-31",0.8252668309979537
"DERIVED: NORMALIZED COSINE DISTANCE BETWEEN SUBJECTS","FISTRESN","DIOD","2022-12-31","DIOD_2021-12-31",0.9892300227974945,"XPEL_2022-12-31",0.8607273276327961
"DERIVED: NORMALIZED COSINE DISTANCE BETWEEN SUBJECTS","FISTRESN","DIOD","2022-12-31","DIOD_2021-12-31",0.9892300227974945,"XPEL_2023-12-31",0.8811787556107965
"DERIVED: NORMALIZED COSINE DISTANCE BETWEEN SUBJECTS","FISTRESN","DIOD","2022-12-31","DIOD_2021-12-31",0.9892300227974945,"XPEL_2024-09-30",0.42745479753657006
"DERIVED: NORMALIZED COSINE DISTANCE BETWEEN SUBJECTS","FISTRESN","DIOD","2022-12-31","DIOD_2021-12-31",0.9892300227974945,"DIOD_2021-12-31",0.9892300227974945
"DERIVED: NORMALIZED COSINE DISTANCE BETWEEN SUBJECTS","FISTRESN","DIOD","2023-12-31","DIOD_2020-12-31",0.9047351169076544,"XPEL_2021-12-31",-0.15801455773875783
"DERIVED: NORMALIZED COSINE DISTANCE BETWEEN SUBJECTS","FISTRESN","DIOD","2023-12-31","DIOD_2020-12-31",0.9047351169076544,"XPEL_2022-12-31",0.4163102002084386
"DERIVED: NORMALIZED COSINE DISTANCE BETWEEN SUBJECTS","FISTRESN","DIOD","2023-12-31","DIOD_2020-12-31",0.9047351169076544,"XPEL_2023-12-31",0.5733896390560009
"DERIVED: NORMALIZED COSINE DISTANCE BETWEEN SUBJECTS","FISTRESN","DIOD","2023-12-31","DIOD_2020-12-31",0.9047351169076544,"DIOD_2020-12-31",0.9047351169076544
"DERIVED: NORMALIZED COSINE DISTANCE BETWEEN SUBJECTS","FISTRESN","DIOD","2023-12-31","DIOD_2020-12-31",0.9047351169076544,"DIOD_2021-12-31",0.9628104060953177
"DERIVED: NORMALIZED COSINE DISTANCE BETWEEN SUBJECTS","FISTRESN","DIOD","2023-12-31","DIOD_2020-12-31",0.9047351169076544,"DIOD_2022-12-31",0.9834570639101773
"DERIVED: NORMALIZED COSINE DISTANCE BETWEEN SUBJECTS","FISTRESN","DIOD","2023-12-31","DIOD_2020-12-31",0.9047351169076544,"DIOD_2023-12-31",1.0000000000000002
"DERIVED: NORMALIZED COSINE DISTANCE BETWEEN SUBJECTS","FISTRESN","DIOD","2023-12-31","DIOD_2020-12-31",0.9047351169076544,"DIOD_2024-09-30",0.34734165053087296
"DERIVED: NORMALIZED COSINE DISTANCE BETWEEN SUBJECTS","FISTRESN","DIOD","2023-12-31","DIOD_2020-12-31",0.9047351169076544,"DIOD_2024-09-30",0.3473416505308729
"DERIVED: NORMALIZED COSINE DISTANCE BETWEEN SUBJECTS","FISTRESN","DIOD","2023-12-31","DIOD_2020-12-31",0.9047351169076544,"XPEL_2020-12-31",0.7977851748644418
"DERIVED: NORMALIZED COSINE DISTANCE BETWEEN SUBJECTS","FISTRESN","DIOD","2023-12-31","DIOD_2020-12-31",0.9047351169076544,"XPEL_2021-12-31",0.772060851601855
"DERIVED: NORMALIZED COSINE DISTANCE BETWEEN SUBJECTS","FISTRESN","DIOD","2023-12-31","DIOD_2020-12-31",0.9047351169076544,"XPEL_2022-12-31",0.8293441462469303
"DERIVED: NORMALIZED COSINE DISTANCE BETWEEN SUBJECTS","FISTRESN","DIOD","2023-12-31","DIOD_2020-12-31",0.9047351169076544,"XPEL_2023-12-31",0.8568920877042367
"DERIVED: NORMALIZED COSINE DISTANCE BETWEEN SUBJECTS","FISTRESN","DIOD","2023-12-31","DIOD_2020-12-31",0.9047351169076544,"XPEL_2024-09-30",0.3455697752083954
"DERIVED: NORMALIZED COSINE DISTANCE BETWEEN SUBJECTS","FISTRESN","DIOD","2023-12-31","DIOD_2020-12-31",0.9047351169076544,"DIOD_2021-12-31",0.962810406095318
"DERIVED: NORMALIZED COSINE DISTANCE BETWEEN SUBJECTS","FISTRESN","DIOD","2023-12-31","DIOD_2021-12-31",0.9628104060953177,"XPEL_2021-12-31",-0.15801455773875783
"DERIVED: NORMALIZED COSINE DISTANCE BETWEEN SUBJECTS","FISTRESN","DIOD","2023-12-31","DIOD_2021-12-31",0.9628104060953177,"XPEL_2022-12-31",0.4163102002084386
"DERIVED: NORMALIZED COSINE DISTANCE BETWEEN SUBJECTS","FISTRESN","DIOD","2023-12-31","DIOD_2021-12-31",0.9628104060953177,"XPEL_2023-12-31",0.5733896390560009
"DERIVED: NORMALIZED COSINE DISTANCE BETWEEN SUBJECTS","FISTRESN","DIOD","2023-12-31","DIOD_2021-12-31",0.9628104060953177,"DIOD_2020-12-31",0.9047351169076544
"DERIVED: NORMALIZED COSINE DISTANCE BETWEEN SUBJECTS","FISTRESN","DIOD","2023-12-31","DIOD_2021-12-31",0.9628104060953177,"DIOD_2021-12-31",0.9628104060953177
"DERIVED: NORMALIZED COSINE DISTANCE BETWEEN SUBJECTS","FISTRESN","DIOD","2023-12-31","DIOD_2021-12-31",0.9628104060953177,"DIOD_2022-12-31",0.9834570639101773
"DERIVED: NORMALIZED COSINE DISTANCE BETWEEN SUBJECTS","FISTRESN","DIOD","2023-12-31","DIOD_2021-12-31",0.9628104060953177,"DIOD_2023-12-31",1.0000000000000002
"DERIVED: NORMALIZED COSINE DISTANCE BETWEEN SUBJECTS","FISTRESN","DIOD","2023-12-31","DIOD_2021-12-31",0.9628104060953177,"DIOD_2024-09-30",0.34734165053087296
"DERIVED: NORMALIZED COSINE DISTANCE BETWEEN SUBJECTS","FISTRESN","DIOD","2023-12-31","DIOD_2021-12-31",0.9628104060953177,"DIOD_2024-09-30",0.3473416505308729
"DERIVED: NORMALIZED COSINE DISTANCE BETWEEN SUBJECTS","FISTRESN","DIOD","2023-12-31","DIOD_2021-12-31",0.9628104060953177,"XPEL_2020-12-31",0.7977851748644418
"DERIVED: NORMALIZED COSINE DISTANCE BETWEEN SUBJECTS","FISTRESN","DIOD","2023-12-31","DIOD_2021-12-31",0.9628104060953177,"XPEL_2021-12-31",0.772060851601855
"DERIVED: NORMALIZED COSINE DISTANCE BETWEEN SUBJECTS","FISTRESN","DIOD","2023-12-31","DIOD_2021-12-31",0.9628104060953177,"XPEL_2022-12-31",0.8293441462469303
"DERIVED: NORMALIZED COSINE DISTANCE BETWEEN SUBJECTS","FISTRESN","DIOD","2023-12-31","DIOD_2021-12-31",0.9628104060953177,"XPEL_2023-12-31",0.8568920877042367
"DERIVED: NORMALIZED COSINE DISTANCE BETWEEN SUBJECTS","FISTRESN","DIOD","2023-12-31","DIOD_2021-12-31",0.9628104060953177,"XPEL_2024-09-30",0.3455697752083954
"DERIVED: NORMALIZED COSINE DISTANCE BETWEEN SUBJECTS","FISTRESN","DIOD","2023-12-31","DIOD_2021-12-31",0.9628104060953177,"DIOD_2021-12-31",0.962810406095318
"DERIVED: NORMALIZED COSINE DISTANCE BETWEEN SUBJECTS","FISTRESN","DIOD","2023-12-31","DIOD_2022-12-31",0.9834570639101773,"XPEL_2021-12-31",-0.15801455773875783
"DERIVED: NORMALIZED COSINE DISTANCE BETWEEN SUBJECTS","FISTRESN","DIOD","2023-12-31","DIOD_2022-12-31",0.9834570639101773,"XPEL_2022-12-31",0.4163102002084386
"DERIVED: NORMALIZED COSINE DISTANCE BETWEEN SUBJECTS","FISTRESN","DIOD","2023-12-31","DIOD_2022-12-31",0.9834570639101773,"XPEL_2023-12-31",0.5733896390560009
"DERIVED: NORMALIZED COSINE DISTANCE BETWEEN SUBJECTS","FISTRESN","DIOD","2023-12-31","DIOD_2022-12-31",0.9834570639101773,"DIOD_2020-12-31",0.9047351169076544
"DERIVED: NORMALIZED COSINE DISTANCE BETWEEN SUBJECTS","FISTRESN","DIOD","2023-12-31","DIOD_2022-12-31",0.9834570639101773,"DIOD_2021-12-31",0.9628104060953177
"DERIVED: NORMALIZED COSINE DISTANCE BETWEEN SUBJECTS","FISTRESN","DIOD","2023-12-31","DIOD_2022-12-31",0.9834570639101773,"DIOD_2022-12-31",0.9834570639101773
"DERIVED: NORMALIZED COSINE DISTANCE BETWEEN SUBJECTS","FISTRESN","DIOD","2023-12-31","DIOD_2022-12-31",0.9834570639101773,"DIOD_2023-12-31",1.0000000000000002
"DERIVED: NORMALIZED COSINE DISTANCE BETWEEN SUBJECTS","FISTRESN","DIOD","2023-12-31","DIOD_2022-12-31",0.9834570639101773,"DIOD_2024-09-30",0.34734165053087296
"DERIVED: NORMALIZED COSINE DISTANCE BETWEEN SUBJECTS","FISTRESN","DIOD","2023-12-31","DIOD_2022-12-31",0.9834570639101773,"DIOD_2024-09-30",0.3473416505308729
"DERIVED: NORMALIZED COSINE DISTANCE BETWEEN SUBJECTS","FISTRESN","DIOD","2023-12-31","DIOD_2022-12-31",0.9834570639101773,"XPEL_2020-12-31",0.7977851748644418
"DERIVED: NORMALIZED COSINE DISTANCE BETWEEN SUBJECTS","FISTRESN","DIOD","2023-12-31","DIOD_2022-12-31",0.9834570639101773,"XPEL_2021-12-31",0.772060851601855
"DERIVED: NORMALIZED COSINE DISTANCE BETWEEN SUBJECTS","FISTRESN","DIOD","2023-12-31","DIOD_2022-12-31",0.9834570639101773,"XPEL_2022-12-31",0.8293441462469303
"DERIVED: NORMALIZED COSINE DISTANCE BETWEEN SUBJECTS","FISTRESN","DIOD","2023-12-31","DIOD_2022-12-31",0.9834570639101773,"XPEL_2023-12-31",0.8568920877042367
"DERIVED: NORMALIZED COSINE DISTANCE BETWEEN SUBJECTS","FISTRESN","DIOD","2023-12-31","DIOD_2022-12-31",0.9834570639101773,"XPEL_2024-09-30",0.3455697752083954
"DERIVED: NORMALIZED COSINE DISTANCE BETWEEN SUBJECTS","FISTRESN","DIOD","2023-12-31","DIOD_2022-12-31",0.9834570639101773,"DIOD_2021-12-31",0.962810406095318
"DERIVED: NORMALIZED COSINE DISTANCE BETWEEN SUBJECTS","FISTRESN","DIOD","2023-12-31","DIOD_2023-12-31",1.0000000000000002,"XPEL_2021-12-31",-0.15801455773875783
"DERIVED: NORMALIZED COSINE DISTANCE BETWEEN SUBJECTS","FISTRESN","DIOD","2023-12-31","DIOD_2023-12-31",1.0000000000000002,"XPEL_2022-12-31",0.4163102002084386
"DERIVED: NORMALIZED COSINE DISTANCE BETWEEN SUBJECTS","FISTRESN","DIOD","2023-12-31","DIOD_2023-12-31",1.0000000000000002,"XPEL_2023-12-31",0.5733896390560009
"DERIVED: NORMALIZED COSINE DISTANCE BETWEEN SUBJECTS","FISTRESN","DIOD","2023-12-31","DIOD_2023-12-31",1.0000000000000002,"DIOD_2020-12-31",0.9047351169076544
"DERIVED: NORMALIZED COSINE DISTANCE BETWEEN SUBJECTS","FISTRESN","DIOD","2023-12-31","DIOD_2023-12-31",1.0000000000000002,"DIOD_2021-12-31",0.9628104060953177
"DERIVED: NORMALIZED COSINE DISTANCE BETWEEN SUBJECTS","FISTRESN","DIOD","2023-12-31","DIOD_2023-12-31",1.0000000000000002,"DIOD_2022-12-31",0.9834570639101773
"DERIVED: NORMALIZED COSINE DISTANCE BETWEEN SUBJECTS","FISTRESN","DIOD","2023-12-31","DIOD_2023-12-31",1.0000000000000002,"DIOD_2023-12-31",1.0000000000000002
"DERIVED: NORMALIZED COSINE DISTANCE BETWEEN SUBJECTS","FISTRESN","DIOD","2023-12-31","DIOD_2023-12-31",1.0000000000000002,"DIOD_2024-09-30",0.34734165053087296
"DERIVED: NORMALIZED COSINE DISTANCE BETWEEN SUBJECTS","FISTRESN","DIOD","2023-12-31","DIOD_2023-12-31",1.0000000000000002,"DIOD_2024-09-30",0.3473416505308729
"DERIVED: NORMALIZED COSINE DISTANCE BETWEEN SUBJECTS","FISTRESN","DIOD","2023-12-31","DIOD_2023-12-31",1.0000000000000002,"XPEL_2020-12-31",0.7977851748644418
"DERIVED: NORMALIZED COSINE DISTANCE BETWEEN SUBJECTS","FISTRESN","DIOD","2023-12-31","DIOD_2023-12-31",1.0000000000000002,"XPEL_2021-12-31",0.772060851601855
"DERIVED: NORMALIZED COSINE DISTANCE BETWEEN SUBJECTS","FISTRESN","DIOD","2023-12-31","DIOD_2023-12-31",1.0000000000000002,"XPEL_2022-12-31",0.8293441462469303
"DERIVED: NORMALIZED COSINE DISTANCE BETWEEN SUBJECTS","FISTRESN","DIOD","2023-12-31","DIOD_2023-12-31",1.0000000000000002,"XPEL_2023-12-31",0.8568920877042367
"DERIVED: NORMALIZED COSINE DISTANCE BETWEEN SUBJECTS","FISTRESN","DIOD","2023-12-31","DIOD_2023-12-31",1.0000000000000002,"XPEL_2024-09-30",0.3455697752083954
"DERIVED: NORMALIZED COSINE DISTANCE BETWEEN SUBJECTS","FISTRESN","DIOD","2023-12-31","DIOD_2023-12-31",1.0000000000000002,"DIOD_2021-12-31",0.962810406095318
"DERIVED: NORMALIZED COSINE DISTANCE BETWEEN SUBJECTS","FISTRESN","DIOD","2023-12-31","DIOD_2024-09-30",0.34734165053087296,"XPEL_2021-12-31",-0.15801455773875783
"DERIVED: NORMALIZED COSINE DISTANCE BETWEEN SUBJECTS","FISTRESN","DIOD","2023-12-31","DIOD_2024-09-30",0.34734165053087296,"XPEL_2022-12-31",0.4163102002084386
"DERIVED: NORMALIZED COSINE DISTANCE BETWEEN SUBJECTS","FISTRESN","DIOD","2023-12-31","DIOD_2024-09-30",0.34734165053087296,"XPEL_2023-12-31",0.5733896390560009
"DERIVED: NORMALIZED COSINE DISTANCE BETWEEN SUBJECTS","FISTRESN","DIOD","2023-12-31","DIOD_2024-09-30",0.34734165053087296,"DIOD_2020-12-31",0.9047351169076544
"DERIVED: NORMALIZED COSINE DISTANCE BETWEEN SUBJECTS","FISTRESN","DIOD","2023-12-31","DIOD_2024-09-30",0.34734165053087296,"DIOD_2021-12-31",0.9628104060953177
"DERIVED: NORMALIZED COSINE DISTANCE BETWEEN SUBJECTS","FISTRESN","DIOD","2023-12-31","DIOD_2024-09-30",0.34734165053087296,"DIOD_2022-12-31",0.9834570639101773
"DERIVED: NORMALIZED COSINE DISTANCE BETWEEN SUBJECTS","FISTRESN","DIOD","2023-12-31","DIOD_2024-09-30",0.34734165053087296,"DIOD_2023-12-31",1.0000000000000002
"DERIVED: NORMALIZED COSINE DISTANCE BETWEEN SUBJECTS","FISTRESN","DIOD","2023-12-31","DIOD_2024-09-30",0.34734165053087296,"DIOD_2024-09-30",0.34734165053087296
"DERIVED: NORMALIZED COSINE DISTANCE BETWEEN SUBJECTS","FISTRESN","DIOD","2023-12-31","DIOD_2024-09-30",0.34734165053087296,"DIOD_2024-09-30",0.3473416505308729
"DERIVED: NORMALIZED COSINE DISTANCE BETWEEN SUBJECTS","FISTRESN","DIOD","2023-12-31","DIOD_2024-09-30",0.34734165053087296,"XPEL_2020-12-31",0.7977851748644418
"DERIVED: NORMALIZED COSINE DISTANCE BETWEEN SUBJECTS","FISTRESN","DIOD","2023-12-31","DIOD_2024-09-30",0.34734165053087296,"XPEL_2021-12-31",0.772060851601855
"DERIVED: NORMALIZED COSINE DISTANCE BETWEEN SUBJECTS","FISTRESN","DIOD","2023-12-31","DIOD_2024-09-30",0.34734165053087296,"XPEL_2022-12-31",0.8293441462469303
"DERIVED: NORMALIZED COSINE DISTANCE BETWEEN SUBJECTS","FISTRESN","DIOD","2023-12-31","DIOD_2024-09-30",0.34734165053087296,"XPEL_2023-12-31",0.8568920877042367
"DERIVED: NORMALIZED COSINE DISTANCE BETWEEN SUBJECTS","FISTRESN","DIOD","2023-12-31","DIOD_2024-09-30",0.34734165053087296,"XPEL_2024-09-30",0.3455697752083954
"DERIVED: NORMALIZED COSINE DISTANCE BETWEEN SUBJECTS","FISTRESN","DIOD","2023-12-31","DIOD_2024-09-30",0.34734165053087296,"DIOD_2021-12-31",0.962810406095318
"DERIVED: NORMALIZED COSINE DISTANCE BETWEEN SUBJECTS","FISTRESN","DIOD","2023-12-31","DIOD_2024-09-30",0.3473416505308729,"XPEL_2021-12-31",-0.15801455773875783
"DERIVED: NORMALIZED COSINE DISTANCE BETWEEN SUBJECTS","FISTRESN","DIOD","2023-12-31","DIOD_2024-09-30",0.3473416505308729,"XPEL_2022-12-31",0.4163102002084386
"DERIVED: NORMALIZED COSINE DISTANCE BETWEEN SUBJECTS","FISTRESN","DIOD","2023-12-31","DIOD_2024-09-30",0.3473416505308729,"XPEL_2023-12-31",0.5733896390560009
"DERIVED: NORMALIZED COSINE DISTANCE BETWEEN SUBJECTS","FISTRESN","DIOD","2023-12-31","DIOD_2024-09-30",0.3473416505308729,"DIOD_2020-12-31",0.9047351169076544
"DERIVED: NORMALIZED COSINE DISTANCE BETWEEN SUBJECTS","FISTRESN","DIOD","2023-12-31","DIOD_2024-09-30",0.3473416505308729,"DIOD_2021-12-31",0.9628104060953177
"DERIVED: NORMALIZED COSINE DISTANCE BETWEEN SUBJECTS","FISTRESN","DIOD","2023-12-31","DIOD_2024-09-30",0.3473416505308729,"DIOD_2022-12-31",0.9834570639101773
"DERIVED: NORMALIZED COSINE DISTANCE BETWEEN SUBJECTS","FISTRESN","DIOD","2023-12-31","DIOD_2024-09-30",0.3473416505308729,"DIOD_2023-12-31",1.0000000000000002
"DERIVED: NORMALIZED COSINE DISTANCE BETWEEN SUBJECTS","FISTRESN","DIOD","2023-12-31","DIOD_2024-09-30",0.3473416505308729,"DIOD_2024-09-30",0.34734165053087296
"DERIVED: NORMALIZED COSINE DISTANCE BETWEEN SUBJECTS","FISTRESN","DIOD","2023-12-31","DIOD_2024-09-30",0.3473416505308729,"DIOD_2024-09-30",0.3473416505308729
"DERIVED: NORMALIZED COSINE DISTANCE BETWEEN SUBJECTS","FISTRESN","DIOD","2023-12-31","DIOD_2024-09-30",0.3473416505308729,"XPEL_2020-12-31",0.7977851748644418
"DERIVED: NORMALIZED COSINE DISTANCE BETWEEN SUBJECTS","FISTRESN","DIOD","2023-12-31","DIOD_2024-09-30",0.3473416505308729,"XPEL_2021-12-31",0.772060851601855
"DERIVED: NORMALIZED COSINE DISTANCE BETWEEN SUBJECTS","FISTRESN","DIOD","2023-12-31","DIOD_2024-09-30",0.3473416505308729,"XPEL_2022-12-31",0.8293441462469303
"DERIVED: NORMALIZED COSINE DISTANCE BETWEEN SUBJECTS","FISTRESN","DIOD","2023-12-31","DIOD_2024-09-30",0.3473416505308729,"XPEL_2023-12-31",0.8568920877042367
"DERIVED: NORMALIZED COSINE DISTANCE BETWEEN SUBJECTS","FISTRESN","DIOD","2023-12-31","DIOD_2024-09-30",0.3473416505308729,"XPEL_2024-09-30",0.3455697752083954
"DERIVED: NORMALIZED COSINE DISTANCE BETWEEN SUBJECTS","FISTRESN","DIOD","2023-12-31","DIOD_2024-09-30",0.3473416505308729,"DIOD_2021-12-31",0.962810406095318
"DERIVED: NORMALIZED COSINE DISTANCE BETWEEN SUBJECTS","FISTRESN","DIOD","2023-12-31","DIOD_2021-12-31",0.962810406095318,"XPEL_2021-12-31",-0.15801455773875783
"DERIVED: NORMALIZED COSINE DISTANCE BETWEEN SUBJECTS","FISTRESN","DIOD","2023-12-31","DIOD_2021-12-31",0.962810406095318,"XPEL_2022-12-31",0.4163102002084386
"DERIVED: NORMALIZED COSINE DISTANCE BETWEEN SUBJECTS","FISTRESN","DIOD","2023-12-31","DIOD_2021-12-31",0.962810406095318,"XPEL_2023-12-31",0.5733896390560009
"DERIVED: NORMALIZED COSINE DISTANCE BETWEEN SUBJECTS","FISTRESN","DIOD","2023-12-31","DIOD_2021-12-31",0.962810406095318,"DIOD_2020-12-31",0.9047351169076544
"DERIVED: NORMALIZED COSINE DISTANCE BETWEEN SUBJECTS","FISTRESN","DIOD","2023-12-31","DIOD_2021-12-31",0.962810406095318,"DIOD_2021-12-31",0.9628104060953177
"DERIVED: NORMALIZED COSINE DISTANCE BETWEEN SUBJECTS","FISTRESN","DIOD","2023-12-31","DIOD_2021-12-31",0.962810406095318,"DIOD_2022-12-31",0.9834570639101773
"DERIVED: NORMALIZED COSINE DISTANCE BETWEEN SUBJECTS","FISTRESN","DIOD","2023-12-31","DIOD_2021-12-31",0.962810406095318,"DIOD_2023-12-31",1.0000000000000002
"DERIVED: NORMALIZED COSINE DISTANCE BETWEEN SUBJECTS","FISTRESN","DIOD","2023-12-31","DIOD_2021-12-31",0.962810406095318,"DIOD_2024-09-30",0.34734165053087296
"DERIVED: NORMALIZED COSINE DISTANCE BETWEEN SUBJECTS","FISTRESN","DIOD","2023-12-31","DIOD_2021-12-31",0.962810406095318,"DIOD_2024-09-30",0.3473416505308729
"DERIVED: NORMALIZED COSINE DISTANCE BETWEEN SUBJECTS","FISTRESN","DIOD","2023-12-31","DIOD_2021-12-31",0.962810406095318,"XPEL_2020-12-31",0.7977851748644418
"DERIVED: NORMALIZED COSINE DISTANCE BETWEEN SUBJECTS","FISTRESN","DIOD","2023-12-31","DIOD_2021-12-31",0.962810406095318,"XPEL_2021-12-31",0.772060851601855
"DERIVED: NORMALIZED COSINE DISTANCE BETWEEN SUBJECTS","FISTRESN","DIOD","2023-12-31","DIOD_2021-12-31",0.962810406095318,"XPEL_2022-12-31",0.8293441462469303
"DERIVED: NORMALIZED COSINE DISTANCE BETWEEN SUBJECTS","FISTRESN","DIOD","2023-12-31","DIOD_2021-12-31",0.962810406095318,"XPEL_2023-12-31",0.8568920877042367
"DERIVED: NORMALIZED COSINE DISTANCE BETWEEN SUBJECTS","FISTRESN","DIOD","2023-12-31","DIOD_2021-12-31",0.962810406095318,"XPEL_2024-09-30",0.3455697752083954
"DERIVED: NORMALIZED COSINE DISTANCE BETWEEN SUBJECTS","FISTRESN","DIOD","2023-12-31","DIOD_2021-12-31",0.962810406095318,"DIOD_2021-12-31",0.962810406095318
"DERIVED: NORMALIZED COSINE DISTANCE BETWEEN SUBJECTS","FISTRESN","DIOD","2024-09-30","DIOD_2020-12-31",0.352113775102187,"DIOD_2020-12-31",0.352113775102187
"DERIVED: NORMALIZED COSINE DISTANCE BETWEEN SUBJECTS","FISTRESN","DIOD","2024-09-30","DIOD_2020-12-31",0.352113775102187,"DIOD_2021-12-31",0.4337750190346986
"DERIVED: NORMALIZED COSINE DISTANCE BETWEEN SUBJECTS","FISTRESN","DIOD","2024-09-30","DIOD_2020-12-31",0.352113775102187,"DIOD_2022-12-31",0.42383769191072096
"DERIVED: NORMALIZED COSINE DISTANCE BETWEEN SUBJECTS","FISTRESN","DIOD","2024-09-30","DIOD_2020-12-31",0.352113775102187,"DIOD_2023-12-31",0.34734165053087296
"DERIVED: NORMALIZED COSINE DISTANCE BETWEEN SUBJECTS","FISTRESN","DIOD","2024-09-30","DIOD_2020-12-31",0.352113775102187,"DIOD_2024-09-30",1.0000000000000004
"DERIVED: NORMALIZED COSINE DISTANCE BETWEEN SUBJECTS","FISTRESN","DIOD","2024-09-30","DIOD_2020-12-31",0.352113775102187,"DIOD_2023-12-31",0.3473416505308729
"DERIVED: NORMALIZED COSINE DISTANCE BETWEEN SUBJECTS","FISTRESN","DIOD","2024-09-30","DIOD_2020-12-31",0.352113775102187,"DIOD_2024-09-30",1
"DERIVED: NORMALIZED COSINE DISTANCE BETWEEN SUBJECTS","FISTRESN","DIOD","2024-09-30","DIOD_2020-12-31",0.352113775102187,"XPEL_2020-12-31",0.6983466011110037
"DERIVED: NORMALIZED COSINE DISTANCE BETWEEN SUBJECTS","FISTRESN","DIOD","2024-09-30","DIOD_2020-12-31",0.352113775102187,"XPEL_2021-12-31",0.677805293901321
"DERIVED: NORMALIZED COSINE DISTANCE BETWEEN SUBJECTS","FISTRESN","DIOD","2024-09-30","DIOD_2020-12-31",0.352113775102187,"XPEL_2022-12-31",0.659548108424387
"DERIVED: NORMALIZED COSINE DISTANCE BETWEEN SUBJECTS","FISTRESN","DIOD","2024-09-30","DIOD_2020-12-31",0.352113775102187,"XPEL_2023-12-31",0.6229083985856313
"DERIVED: NORMALIZED COSINE DISTANCE BETWEEN SUBJECTS","FISTRESN","DIOD","2024-09-30","DIOD_2020-12-31",0.352113775102187,"XPEL_2024-09-30",0.9190995941105594
"DERIVED: NORMALIZED COSINE DISTANCE BETWEEN SUBJECTS","FISTRESN","DIOD","2024-09-30","DIOD_2020-12-31",0.352113775102187,"DIOD_2021-12-31",0.4337750190346987
"DERIVED: NORMALIZED COSINE DISTANCE BETWEEN SUBJECTS","FISTRESN","DIOD","2024-09-30","DIOD_2020-12-31",0.352113775102187,"DIOD_2024-09-30",1.0000000000000002
"DERIVED: NORMALIZED COSINE DISTANCE BETWEEN SUBJECTS","FISTRESN","DIOD","2024-09-30","DIOD_2021-12-31",0.4337750190346986,"DIOD_2020-12-31",0.352113775102187
"DERIVED: NORMALIZED COSINE DISTANCE BETWEEN SUBJECTS","FISTRESN","DIOD","2024-09-30","DIOD_2021-12-31",0.4337750190346986,"DIOD_2021-12-31",0.4337750190346986
"DERIVED: NORMALIZED COSINE DISTANCE BETWEEN SUBJECTS","FISTRESN","DIOD","2024-09-30","DIOD_2021-12-31",0.4337750190346986,"DIOD_2022-12-31",0.42383769191072096
"DERIVED: NORMALIZED COSINE DISTANCE BETWEEN SUBJECTS","FISTRESN","DIOD","2024-09-30","DIOD_2021-12-31",0.4337750190346986,"DIOD_2023-12-31",0.34734165053087296
"DERIVED: NORMALIZED COSINE DISTANCE BETWEEN SUBJECTS","FISTRESN","DIOD","2024-09-30","DIOD_2021-12-31",0.4337750190346986,"DIOD_2024-09-30",1.0000000000000004
"DERIVED: NORMALIZED COSINE DISTANCE BETWEEN SUBJECTS","FISTRESN","DIOD","2024-09-30","DIOD_2021-12-31",0.4337750190346986,"DIOD_2023-12-31",0.3473416505308729
"DERIVED: NORMALIZED COSINE DISTANCE BETWEEN SUBJECTS","FISTRESN","DIOD","2024-09-30","DIOD_2021-12-31",0.4337750190346986,"DIOD_2024-09-30",1
"DERIVED: NORMALIZED COSINE DISTANCE BETWEEN SUBJECTS","FISTRESN","DIOD","2024-09-30","DIOD_2021-12-31",0.4337750190346986,"XPEL_2020-12-31",0.6983466011110037
"DERIVED: NORMALIZED COSINE DISTANCE BETWEEN SUBJECTS","FISTRESN","DIOD","2024-09-30","DIOD_2021-12-31",0.4337750190346986,"XPEL_2021-12-31",0.677805293901321
"DERIVED: NORMALIZED COSINE DISTANCE BETWEEN SUBJECTS","FISTRESN","DIOD","2024-09-30","DIOD_2021-12-31",0.4337750190346986,"XPEL_2022-12-31",0.659548108424387
"DERIVED: NORMALIZED COSINE DISTANCE BETWEEN SUBJECTS","FISTRESN","DIOD","2024-09-30","DIOD_2021-12-31",0.4337750190346986,"XPEL_2023-12-31",0.6229083985856313
"DERIVED: NORMALIZED COSINE DISTANCE BETWEEN SUBJECTS","FISTRESN","DIOD","2024-09-30","DIOD_2021-12-31",0.4337750190346986,"XPEL_2024-09-30",0.9190995941105594
"DERIVED: NORMALIZED COSINE DISTANCE BETWEEN SUBJECTS","FISTRESN","DIOD","2024-09-30","DIOD_2021-12-31",0.4337750190346986,"DIOD_2021-12-31",0.4337750190346987
"DERIVED: NORMALIZED COSINE DISTANCE BETWEEN SUBJECTS","FISTRESN","DIOD","2024-09-30","DIOD_2021-12-31",0.4337750190346986,"DIOD_2024-09-30",1.0000000000000002
"DERIVED: NORMALIZED COSINE DISTANCE BETWEEN SUBJECTS","FISTRESN","DIOD","2024-09-30","DIOD_2022-12-31",0.42383769191072096,"DIOD_2020-12-31",0.352113775102187
"DERIVED: NORMALIZED COSINE DISTANCE BETWEEN SUBJECTS","FISTRESN","DIOD","2024-09-30","DIOD_2022-12-31",0.42383769191072096,"DIOD_2021-12-31",0.4337750190346986
"DERIVED: NORMALIZED COSINE DISTANCE BETWEEN SUBJECTS","FISTRESN","DIOD","2024-09-30","DIOD_2022-12-31",0.42383769191072096,"DIOD_2022-12-31",0.42383769191072096
"DERIVED: NORMALIZED COSINE DISTANCE BETWEEN SUBJECTS","FISTRESN","DIOD","2024-09-30","DIOD_2022-12-31",0.42383769191072096,"DIOD_2023-12-31",0.34734165053087296
"DERIVED: NORMALIZED COSINE DISTANCE BETWEEN SUBJECTS","FISTRESN","DIOD","2024-09-30","DIOD_2022-12-31",0.42383769191072096,"DIOD_2024-09-30",1.0000000000000004
"DERIVED: NORMALIZED COSINE DISTANCE BETWEEN SUBJECTS","FISTRESN","DIOD","2024-09-30","DIOD_2022-12-31",0.42383769191072096,"DIOD_2023-12-31",0.3473416505308729
"DERIVED: NORMALIZED COSINE DISTANCE BETWEEN SUBJECTS","FISTRESN","DIOD","2024-09-30","DIOD_2022-12-31",0.42383769191072096,"DIOD_2024-09-30",1
"DERIVED: NORMALIZED COSINE DISTANCE BETWEEN SUBJECTS","FISTRESN","DIOD","2024-09-30","DIOD_2022-12-31",0.42383769191072096,"XPEL_2020-12-31",0.6983466011110037
"DERIVED: NORMALIZED COSINE DISTANCE BETWEEN SUBJECTS","FISTRESN","DIOD","2024-09-30","DIOD_2022-12-31",0.42383769191072096,"XPEL_2021-12-31",0.677805293901321
"DERIVED: NORMALIZED COSINE DISTANCE BETWEEN SUBJECTS","FISTRESN","DIOD","2024-09-30","DIOD_2022-12-31",0.42383769191072096,"XPEL_2022-12-31",0.659548108424387
"DERIVED: NORMALIZED COSINE DISTANCE BETWEEN SUBJECTS","FISTRESN","DIOD","2024-09-30","DIOD_2022-12-31",0.42383769191072096,"XPEL_2023-12-31",0.6229083985856313
"DERIVED: NORMALIZED COSINE DISTANCE BETWEEN SUBJECTS","FISTRESN","DIOD","2024-09-30","DIOD_2022-12-31",0.42383769191072096,"XPEL_2024-09-30",0.9190995941105594
"DERIVED: NORMALIZED COSINE DISTANCE BETWEEN SUBJECTS","FISTRESN","DIOD","2024-09-30","DIOD_2022-12-31",0.42383769191072096,"DIOD_2021-12-31",0.4337750190346987
"DERIVED: NORMALIZED COSINE DISTANCE BETWEEN SUBJECTS","FISTRESN","DIOD","2024-09-30","DIOD_2022-12-31",0.42383769191072096,"DIOD_2024-09-30",1.0000000000000002
"DERIVED: NORMALIZED COSINE DISTANCE BETWEEN SUBJECTS","FISTRESN","DIOD","2024-09-30","DIOD_2023-12-31",0.34734165053087296,"DIOD_2020-12-31",0.352113775102187
"DERIVED: NORMALIZED COSINE DISTANCE BETWEEN SUBJECTS","FISTRESN","DIOD","2024-09-30","DIOD_2023-12-31",0.34734165053087296,"DIOD_2021-12-31",0.4337750190346986
"DERIVED: NORMALIZED COSINE DISTANCE BETWEEN SUBJECTS","FISTRESN","DIOD","2024-09-30","DIOD_2023-12-31",0.34734165053087296,"DIOD_2022-12-31",0.42383769191072096
"DERIVED: NORMALIZED COSINE DISTANCE BETWEEN SUBJECTS","FISTRESN","DIOD","2024-09-30","DIOD_2023-12-31",0.34734165053087296,"DIOD_2023-12-31",0.34734165053087296
"DERIVED: NORMALIZED COSINE DISTANCE BETWEEN SUBJECTS","FISTRESN","DIOD","2024-09-30","DIOD_2023-12-31",0.34734165053087296,"DIOD_2024-09-30",1.0000000000000004
"DERIVED: NORMALIZED COSINE DISTANCE BETWEEN SUBJECTS","FISTRESN","DIOD","2024-09-30","DIOD_2023-12-31",0.34734165053087296,"DIOD_2023-12-31",0.3473416505308729
"DERIVED: NORMALIZED COSINE DISTANCE BETWEEN SUBJECTS","FISTRESN","DIOD","2024-09-30","DIOD_2023-12-31",0.34734165053087296,"DIOD_2024-09-30",1
"DERIVED: NORMALIZED COSINE DISTANCE BETWEEN SUBJECTS","FISTRESN","DIOD","2024-09-30","DIOD_2023-12-31",0.34734165053087296,"XPEL_2020-12-31",0.6983466011110037
"DERIVED: NORMALIZED COSINE DISTANCE BETWEEN SUBJECTS","FISTRESN","DIOD","2024-09-30","DIOD_2023-12-31",0.34734165053087296,"XPEL_2021-12-31",0.677805293901321
"DERIVED: NORMALIZED COSINE DISTANCE BETWEEN SUBJECTS","FISTRESN","DIOD","2024-09-30","DIOD_2023-12-31",0.34734165053087296,"XPEL_2022-12-31",0.659548108424387
"DERIVED: NORMALIZED COSINE DISTANCE BETWEEN SUBJECTS","FISTRESN","DIOD","2024-09-30","DIOD_2023-12-31",0.34734165053087296,"XPEL_2023-12-31",0.6229083985856313
"DERIVED: NORMALIZED COSINE DISTANCE BETWEEN SUBJECTS","FISTRESN","DIOD","2024-09-30","DIOD_2023-12-31",0.34734165053087296,"XPEL_2024-09-30",0.9190995941105594
"DERIVED: NORMALIZED COSINE DISTANCE BETWEEN SUBJECTS","FISTRESN","DIOD","2024-09-30","DIOD_2023-12-31",0.34734165053087296,"DIOD_2021-12-31",0.4337750190346987
"DERIVED: NORMALIZED COSINE DISTANCE BETWEEN SUBJECTS","FISTRESN","DIOD","2024-09-30","DIOD_2023-12-31",0.34734165053087296,"DIOD_2024-09-30",1.0000000000000002
"DERIVED: NORMALIZED COSINE DISTANCE BETWEEN SUBJECTS","FISTRESN","DIOD","2024-09-30","DIOD_2024-09-30",1.0000000000000004,"DIOD_2020-12-31",0.352113775102187
"DERIVED: NORMALIZED COSINE DISTANCE BETWEEN SUBJECTS","FISTRESN","DIOD","2024-09-30","DIOD_2024-09-30",1.0000000000000004,"DIOD_2021-12-31",0.4337750190346986
"DERIVED: NORMALIZED COSINE DISTANCE BETWEEN SUBJECTS","FISTRESN","DIOD","2024-09-30","DIOD_2024-09-30",1.0000000000000004,"DIOD_2022-12-31",0.42383769191072096
"DERIVED: NORMALIZED COSINE DISTANCE BETWEEN SUBJECTS","FISTRESN","DIOD","2024-09-30","DIOD_2024-09-30",1.0000000000000004,"DIOD_2023-12-31",0.34734165053087296
"DERIVED: NORMALIZED COSINE DISTANCE BETWEEN SUBJECTS","FISTRESN","DIOD","2024-09-30","DIOD_2024-09-30",1.0000000000000004,"DIOD_2024-09-30",1.0000000000000004
"DERIVED: NORMALIZED COSINE DISTANCE BETWEEN SUBJECTS","FISTRESN","DIOD","2024-09-30","DIOD_2024-09-30",1.0000000000000004,"DIOD_2023-12-31",0.3473416505308729
"DERIVED: NORMALIZED COSINE DISTANCE BETWEEN SUBJECTS","FISTRESN","DIOD","2024-09-30","DIOD_2024-09-30",1.0000000000000004,"DIOD_2024-09-30",1
"DERIVED: NORMALIZED COSINE DISTANCE BETWEEN SUBJECTS","FISTRESN","DIOD","2024-09-30","DIOD_2024-09-30",1.0000000000000004,"XPEL_2020-12-31",0.6983466011110037
"DERIVED: NORMALIZED COSINE DISTANCE BETWEEN SUBJECTS","FISTRESN","DIOD","2024-09-30","DIOD_2024-09-30",1.0000000000000004,"XPEL_2021-12-31",0.677805293901321
"DERIVED: NORMALIZED COSINE DISTANCE BETWEEN SUBJECTS","FISTRESN","DIOD","2024-09-30","DIOD_2024-09-30",1.0000000000000004,"XPEL_2022-12-31",0.659548108424387
"DERIVED: NORMALIZED COSINE DISTANCE BETWEEN SUBJECTS","FISTRESN","DIOD","2024-09-30","DIOD_2024-09-30",1.0000000000000004,"XPEL_2023-12-31",0.6229083985856313
"DERIVED: NORMALIZED COSINE DISTANCE BETWEEN SUBJECTS","FISTRESN","DIOD","2024-09-30","DIOD_2024-09-30",1.0000000000000004,"XPEL_2024-09-30",0.9190995941105594
"DERIVED: NORMALIZED COSINE DISTANCE BETWEEN SUBJECTS","FISTRESN","DIOD","2024-09-30","DIOD_2024-09-30",1.0000000000000004,"DIOD_2021-12-31",0.4337750190346987
"DERIVED: NORMALIZED COSINE DISTANCE BETWEEN SUBJECTS","FISTRESN","DIOD","2024-09-30","DIOD_2024-09-30",1.0000000000000004,"DIOD_2024-09-30",1.0000000000000002
"DERIVED: NORMALIZED COSINE DISTANCE BETWEEN SUBJECTS","FISTRESN","DIOD","2024-09-30","DIOD_2023-12-31",0.3473416505308729,"DIOD_2020-12-31",0.352113775102187
"DERIVED: NORMALIZED COSINE DISTANCE BETWEEN SUBJECTS","FISTRESN","DIOD","2024-09-30","DIOD_2023-12-31",0.3473416505308729,"DIOD_2021-12-31",0.4337750190346986
"DERIVED: NORMALIZED COSINE DISTANCE BETWEEN SUBJECTS","FISTRESN","DIOD","2024-09-30","DIOD_2023-12-31",0.3473416505308729,"DIOD_2022-12-31",0.42383769191072096
"DERIVED: NORMALIZED COSINE DISTANCE BETWEEN SUBJECTS","FISTRESN","DIOD","2024-09-30","DIOD_2023-12-31",0.3473416505308729,"DIOD_2023-12-31",0.34734165053087296
"DERIVED: NORMALIZED COSINE DISTANCE BETWEEN SUBJECTS","FISTRESN","DIOD","2024-09-30","DIOD_2023-12-31",0.3473416505308729,"DIOD_2024-09-30",1.0000000000000004
"DERIVED: NORMALIZED COSINE DISTANCE BETWEEN SUBJECTS","FISTRESN","DIOD","2024-09-30","DIOD_2023-12-31",0.3473416505308729,"DIOD_2023-12-31",0.3473416505308729
"DERIVED: NORMALIZED COSINE DISTANCE BETWEEN SUBJECTS","FISTRESN","DIOD","2024-09-30","DIOD_2023-12-31",0.3473416505308729,"DIOD_2024-09-30",1
"DERIVED: NORMALIZED COSINE DISTANCE BETWEEN SUBJECTS","FISTRESN","DIOD","2024-09-30","DIOD_2023-12-31",0.3473416505308729,"XPEL_2020-12-31",0.6983466011110037
"DERIVED: NORMALIZED COSINE DISTANCE BETWEEN SUBJECTS","FISTRESN","DIOD","2024-09-30","DIOD_2023-12-31",0.3473416505308729,"XPEL_2021-12-31",0.677805293901321
"DERIVED: NORMALIZED COSINE DISTANCE BETWEEN SUBJECTS","FISTRESN","DIOD","2024-09-30","DIOD_2023-12-31",0.3473416505308729,"XPEL_2022-12-31",0.659548108424387
"DERIVED: NORMALIZED COSINE DISTANCE BETWEEN SUBJECTS","FISTRESN","DIOD","2024-09-30","DIOD_2023-12-31",0.3473416505308729,"XPEL_2023-12-31",0.6229083985856313
"DERIVED: NORMALIZED COSINE DISTANCE BETWEEN SUBJECTS","FISTRESN","DIOD","2024-09-30","DIOD_2023-12-31",0.3473416505308729,"XPEL_2024-09-30",0.9190995941105594
"DERIVED: NORMALIZED COSINE DISTANCE BETWEEN SUBJECTS","FISTRESN","DIOD","2024-09-30","DIOD_2023-12-31",0.3473416505308729,"DIOD_2021-12-31",0.4337750190346987
"DERIVED: NORMALIZED COSINE DISTANCE BETWEEN SUBJECTS","FISTRESN","DIOD","2024-09-30","DIOD_2023-12-31",0.3473416505308729,"DIOD_2024-09-30",1.0000000000000002
"DERIVED: NORMALIZED COSINE DISTANCE BETWEEN SUBJECTS","FISTRESN","DIOD","2024-09-30","DIOD_2024-09-30",1,"DIOD_2020-12-31",0.352113775102187
"DERIVED: NORMALIZED COSINE DISTANCE BETWEEN SUBJECTS","FISTRESN","DIOD","2024-09-30","DIOD_2024-09-30",1,"DIOD_2021-12-31",0.4337750190346986
"DERIVED: NORMALIZED COSINE DISTANCE BETWEEN SUBJECTS","FISTRESN","DIOD","2024-09-30","DIOD_2024-09-30",1,"DIOD_2022-12-31",0.42383769191072096
"DERIVED: NORMALIZED COSINE DISTANCE BETWEEN SUBJECTS","FISTRESN","DIOD","2024-09-30","DIOD_2024-09-30",1,"DIOD_2023-12-31",0.34734165053087296
"DERIVED: NORMALIZED COSINE DISTANCE BETWEEN SUBJECTS","FISTRESN","DIOD","2024-09-30","DIOD_2024-09-30",1,"DIOD_2024-09-30",1.0000000000000004
"DERIVED: NORMALIZED COSINE DISTANCE BETWEEN SUBJECTS","FISTRESN","DIOD","2024-09-30","DIOD_2024-09-30",1,"DIOD_2023-12-31",0.3473416505308729
"DERIVED: NORMALIZED COSINE DISTANCE BETWEEN SUBJECTS","FISTRESN","DIOD","2024-09-30","DIOD_2024-09-30",1,"DIOD_2024-09-30",1
"DERIVED: NORMALIZED COSINE DISTANCE BETWEEN SUBJECTS","FISTRESN","DIOD","2024-09-30","DIOD_2024-09-30",1,"XPEL_2020-12-31",0.6983466011110037
"DERIVED: NORMALIZED COSINE DISTANCE BETWEEN SUBJECTS","FISTRESN","DIOD","2024-09-30","DIOD_2024-09-30",1,"XPEL_2021-12-31",0.677805293901321
"DERIVED: NORMALIZED COSINE DISTANCE BETWEEN SUBJECTS","FISTRESN","DIOD","2024-09-30","DIOD_2024-09-30",1,"XPEL_2022-12-31",0.659548108424387
"DERIVED: NORMALIZED COSINE DISTANCE BETWEEN SUBJECTS","FISTRESN","DIOD","2024-09-30","DIOD_2024-09-30",1,"XPEL_2023-12-31",0.6229083985856313
"DERIVED: NORMALIZED COSINE DISTANCE BETWEEN SUBJECTS","FISTRESN","DIOD","2024-09-30","DIOD_2024-09-30",1,"XPEL_2024-09-30",0.9190995941105594
"DERIVED: NORMALIZED COSINE DISTANCE BETWEEN SUBJECTS","FISTRESN","DIOD","2024-09-30","DIOD_2024-09-30",1,"DIOD_2021-12-31",0.4337750190346987
"DERIVED: NORMALIZED COSINE DISTANCE BETWEEN SUBJECTS","FISTRESN","DIOD","2024-09-30","DIOD_2024-09-30",1,"DIOD_2024-09-30",1.0000000000000002
"DERIVED: NORMALIZED COSINE DISTANCE BETWEEN SUBJECTS","FISTRESN","DIOD","2024-09-30","DIOD_2021-12-31",0.4337750190346987,"DIOD_2020-12-31",0.352113775102187
"DERIVED: NORMALIZED COSINE DISTANCE BETWEEN SUBJECTS","FISTRESN","DIOD","2024-09-30","DIOD_2021-12-31",0.4337750190346987,"DIOD_2021-12-31",0.4337750190346986
"DERIVED: NORMALIZED COSINE DISTANCE BETWEEN SUBJECTS","FISTRESN","DIOD","2024-09-30","DIOD_2021-12-31",0.4337750190346987,"DIOD_2022-12-31",0.42383769191072096
"DERIVED: NORMALIZED COSINE DISTANCE BETWEEN SUBJECTS","FISTRESN","DIOD","2024-09-30","DIOD_2021-12-31",0.4337750190346987,"DIOD_2023-12-31",0.34734165053087296
"DERIVED: NORMALIZED COSINE DISTANCE BETWEEN SUBJECTS","FISTRESN","DIOD","2024-09-30","DIOD_2021-12-31",0.4337750190346987,"DIOD_2024-09-30",1.0000000000000004
"DERIVED: NORMALIZED COSINE DISTANCE BETWEEN SUBJECTS","FISTRESN","DIOD","2024-09-30","DIOD_2021-12-31",0.4337750190346987,"DIOD_2023-12-31",0.3473416505308729
"DERIVED: NORMALIZED COSINE DISTANCE BETWEEN SUBJECTS","FISTRESN","DIOD","2024-09-30","DIOD_2021-12-31",0.4337750190346987,"DIOD_2024-09-30",1
"DERIVED: NORMALIZED COSINE DISTANCE BETWEEN SUBJECTS","FISTRESN","DIOD","2024-09-30","DIOD_2021-12-31",0.4337750190346987,"XPEL_2020-12-31",0.6983466011110037
"DERIVED: NORMALIZED COSINE DISTANCE BETWEEN SUBJECTS","FISTRESN","DIOD","2024-09-30","DIOD_2021-12-31",0.4337750190346987,"XPEL_2021-12-31",0.677805293901321
"DERIVED: NORMALIZED COSINE DISTANCE BETWEEN SUBJECTS","FISTRESN","DIOD","2024-09-30","DIOD_2021-12-31",0.4337750190346987,"XPEL_2022-12-31",0.659548108424387
"DERIVED: NORMALIZED COSINE DISTANCE BETWEEN SUBJECTS","FISTRESN","DIOD","2024-09-30","DIOD_2021-12-31",0.4337750190346987,"XPEL_2023-12-31",0.6229083985856313
"DERIVED: NORMALIZED COSINE DISTANCE BETWEEN SUBJECTS","FISTRESN","DIOD","2024-09-30","DIOD_2021-12-31",0.4337750190346987,"XPEL_2024-09-30",0.9190995941105594
"DERIVED: NORMALIZED COSINE DISTANCE BETWEEN SUBJECTS","FISTRESN","DIOD","2024-09-30","DIOD_2021-12-31",0.4337750190346987,"DIOD_2021-12-31",0.4337750190346987
"DERIVED: NORMALIZED COSINE DISTANCE BETWEEN SUBJECTS","FISTRESN","DIOD","2024-09-30","DIOD_2021-12-31",0.4337750190346987,"DIOD_2024-09-30",1.0000000000000002
"DERIVED: NORMALIZED COSINE DISTANCE BETWEEN SUBJECTS","FISTRESN","DIOD","2024-09-30","DIOD_2024-09-30",1.0000000000000002,"DIOD_2020-12-31",0.352113775102187
"DERIVED: NORMALIZED COSINE DISTANCE BETWEEN SUBJECTS","FISTRESN","DIOD","2024-09-30","DIOD_2024-09-30",1.0000000000000002,"DIOD_2021-12-31",0.4337750190346986
"DERIVED: NORMALIZED COSINE DISTANCE BETWEEN SUBJECTS","FISTRESN","DIOD","2024-09-30","DIOD_2024-09-30",1.0000000000000002,"DIOD_2022-12-31",0.42383769191072096
"DERIVED: NORMALIZED COSINE DISTANCE BETWEEN SUBJECTS","FISTRESN","DIOD","2024-09-30","DIOD_2024-09-30",1.0000000000000002,"DIOD_2023-12-31",0.34734165053087296
"DERIVED: NORMALIZED COSINE DISTANCE BETWEEN SUBJECTS","FISTRESN","DIOD","2024-09-30","DIOD_2024-09-30",1.0000000000000002,"DIOD_2024-09-30",1.0000000000000004
"DERIVED: NORMALIZED COSINE DISTANCE BETWEEN SUBJECTS","FISTRESN","DIOD","2024-09-30","DIOD_2024-09-30",1.0000000000000002,"DIOD_2023-12-31",0.3473416505308729
"DERIVED: NORMALIZED COSINE DISTANCE BETWEEN SUBJECTS","FISTRESN","DIOD","2024-09-30","DIOD_2024-09-30",1.0000000000000002,"DIOD_2024-09-30",1
"DERIVED: NORMALIZED COSINE DISTANCE BETWEEN SUBJECTS","FISTRESN","DIOD","2024-09-30","DIOD_2024-09-30",1.0000000000000002,"XPEL_2020-12-31",0.6983466011110037
"DERIVED: NORMALIZED COSINE DISTANCE BETWEEN SUBJECTS","FISTRESN","DIOD","2024-09-30","DIOD_2024-09-30",1.0000000000000002,"XPEL_2021-12-31",0.677805293901321
"DERIVED: NORMALIZED COSINE DISTANCE BETWEEN SUBJECTS","FISTRESN","DIOD","2024-09-30","DIOD_2024-09-30",1.0000000000000002,"XPEL_2022-12-31",0.659548108424387
"DERIVED: NORMALIZED COSINE DISTANCE BETWEEN SUBJECTS","FISTRESN","DIOD","2024-09-30","DIOD_2024-09-30",1.0000000000000002,"XPEL_2023-12-31",0.6229083985856313
"DERIVED: NORMALIZED COSINE DISTANCE BETWEEN SUBJECTS","FISTRESN","DIOD","2024-09-30","DIOD_2024-09-30",1.0000000000000002,"XPEL_2024-09-30",0.9190995941105594
"DERIVED: NORMALIZED COSINE DISTANCE BETWEEN SUBJECTS","FISTRESN","DIOD","2024-09-30","DIOD_2024-09-30",1.0000000000000002,"DIOD_2021-12-31",0.4337750190346987
"DERIVED: NORMALIZED COSINE DISTANCE BETWEEN SUBJECTS","FISTRESN","DIOD","2024-09-30","DIOD_2024-09-30",1.0000000000000002,"DIOD_2024-09-30",1.0000000000000002
