"domain","ficat","figrpid","subjid","fitest","fiorres","fiorresu","fidtc","fidt"
"FI","INCOME STATEMENT","RUSSEL 2000","DIOD","taxProvision",12570000,"USD","2024-09-30","2024-09-30"
"FI","INCOME STATEMENT","RUSSEL 2000","DIOD","taxProvision",21112000,"USD","2020-12-31","2020-12-31"
"FI","INCOME STATEMENT","RUSSEL 2000","DIOD","taxProvision",78807000,"USD","2021-12-31","2021-12-31"
"FI","INCOME STATEMENT","RUSSEL 2000","DIOD","taxProvision",56685000,"USD","2022-12-31","2022-12-31"
"FI","INCOME STATEMENT","RUSSEL 2000","DIOD","taxProvision",47285000,"USD","2023-12-31","2023-12-31"
"FI","INCOME STATEMENT","RUSSEL 2000","DIOD","amortization",15303000,"USD","2024-09-30","2024-09-30"
"FI","INCOME STATEMENT","RUSSEL 2000","DIOD","amortization",16261000,"USD","2020-12-31","2020-12-31"
"FI","INCOME STATEMENT","RUSSEL 2000","DIOD","amortization",16216000,"USD","2021-12-31","2021-12-31"
"FI","INCOME STATEMENT","RUSSEL 2000","DIOD","amortization",15610000,"USD","2022-12-31","2022-12-31"
"FI","INCOME STATEMENT","RUSSEL 2000","DIOD","amortization",15282000,"USD","2023-12-31","2023-12-31"
"FI","INCOME STATEMENT","RUSSEL 2000","DIOD","basicEPS",1.33,"USD","2024-09-30","2024-09-30"
"FI","INCOME STATEMENT","RUSSEL 2000","DIOD","basicEPS",1.92,"USD","2020-12-31","2020-12-31"
"FI","INCOME STATEMENT","RUSSEL 2000","DIOD","basicEPS",5.11,"USD","2021-12-31","2021-12-31"
"FI","INCOME STATEMENT","RUSSEL 2000","DIOD","basicEPS",7.31,"USD","2022-12-31","2022-12-31"
"FI","INCOME STATEMENT","RUSSEL 2000","DIOD","basicEPS",4.96,"USD","2023-12-31","2023-12-31"
"FI","INCOME STATEMENT","RUSSEL 2000","DIOD","basicEPS",6.44,"USD","2023-09-30","2023-09-30"
"FI","INCOME STATEMENT","RUSSEL 2000","DIOD","basicEPS",3.7,"USD","2024-03-31","2024-03-31"
"FI","INCOME STATEMENT","RUSSEL 2000","DIOD","basicEPS",2.09,"USD","2024-06-30","2024-06-30"
"FI","INCOME STATEMENT","RUSSEL 2000","DIOD","totalUnusualItemsExcludingGoodwill",-1491000,"USD","2024-09-30","2024-09-30"
"FI","INCOME STATEMENT","RUSSEL 2000","DIOD","totalUnusualItemsExcludingGoodwill",-7837000,"USD","2020-12-31","2020-12-31"
"FI","INCOME STATEMENT","RUSSEL 2000","DIOD","totalUnusualItemsExcludingGoodwill",25665000,"USD","2021-12-31","2021-12-31"
"FI","INCOME STATEMENT","RUSSEL 2000","DIOD","totalUnusualItemsExcludingGoodwill",-10741000,"USD","2022-12-31","2022-12-31"
"FI","INCOME STATEMENT","RUSSEL 2000","DIOD","totalUnusualItemsExcludingGoodwill",13465000,"USD","2023-12-31","2023-12-31"
"FI","INCOME STATEMENT","RUSSEL 2000","DIOD","netIncomeIncludingNoncontrollingInterests",65720000,"USD","2024-09-30","2024-09-30"
"FI","INCOME STATEMENT","RUSSEL 2000","DIOD","netIncomeIncludingNoncontrollingInterests",99229000,"USD","2020-12-31","2020-12-31"
"FI","INCOME STATEMENT","RUSSEL 2000","DIOD","netIncomeIncludingNoncontrollingInterests",236288000,"USD","2021-12-31","2021-12-31"
"FI","INCOME STATEMENT","RUSSEL 2000","DIOD","netIncomeIncludingNoncontrollingInterests",339255000,"USD","2022-12-31","2022-12-31"
"FI","INCOME STATEMENT","RUSSEL 2000","DIOD","netIncomeIncludingNoncontrollingInterests",230648000,"USD","2023-12-31","2023-12-31"
"FI","INCOME STATEMENT","RUSSEL 2000","DIOD","normalizedIncome",62326609.656406,"USD","2024-09-30","2024-09-30"
"FI","INCOME STATEMENT","RUSSEL 2000","DIOD","normalizedIncome",104553525,"USD","2020-12-31","2020-12-31"
"FI","INCOME STATEMENT","RUSSEL 2000","DIOD","normalizedIncome",209514250,"USD","2021-12-31","2021-12-31"
"FI","INCOME STATEMENT","RUSSEL 2000","DIOD","normalizedIncome",340488037,"USD","2022-12-31","2022-12-31"
"FI","INCOME STATEMENT","RUSSEL 2000","DIOD","normalizedIncome",216006050,"USD","2023-12-31","2023-12-31"
"FI","INCOME STATEMENT","RUSSEL 2000","DIOD","operatingExpense",378732000,"USD","2024-09-30","2024-09-30"
"FI","INCOME STATEMENT","RUSSEL 2000","DIOD","operatingExpense",296683000,"USD","2020-12-31","2020-12-31"
"FI","INCOME STATEMENT","RUSSEL 2000","DIOD","operatingExpense",394129000,"USD","2021-12-31","2021-12-31"
"FI","INCOME STATEMENT","RUSSEL 2000","DIOD","operatingExpense",422695000,"USD","2022-12-31","2022-12-31"
"FI","INCOME STATEMENT","RUSSEL 2000","DIOD","operatingExpense",408073000,"USD","2023-12-31","2023-12-31"
"FI","INCOME STATEMENT","RUSSEL 2000","DIOD","restructuringAndMergernAcquisition",7056000,"USD","2024-09-30","2024-09-30"
"FI","INCOME STATEMENT","RUSSEL 2000","DIOD","restructuringAndMergernAcquisition",0,"USD","2021-12-31","2021-12-31"
"FI","INCOME STATEMENT","RUSSEL 2000","DIOD","restructuringAndMergernAcquisition",0,"USD","2022-12-31","2022-12-31"
"FI","INCOME STATEMENT","RUSSEL 2000","DIOD","restructuringAndMergernAcquisition",1583000,"USD","2023-12-31","2023-12-31"
"FI","INCOME STATEMENT","RUSSEL 2000","DIOD","restructuringAndMergernAcquisition",0,"USD","2019-12-31","2019-12-31"
"FI","INCOME STATEMENT","RUSSEL 2000","DIOD","depreciationAndAmortizationInIncomeStatement",15303000,"USD","2024-09-30","2024-09-30"
"FI","INCOME STATEMENT","RUSSEL 2000","DIOD","depreciationAndAmortizationInIncomeStatement",16261000,"USD","2020-12-31","2020-12-31"
"FI","INCOME STATEMENT","RUSSEL 2000","DIOD","depreciationAndAmortizationInIncomeStatement",16216000,"USD","2021-12-31","2021-12-31"
"FI","INCOME STATEMENT","RUSSEL 2000","DIOD","depreciationAndAmortizationInIncomeStatement",15610000,"USD","2022-12-31","2022-12-31"
"FI","INCOME STATEMENT","RUSSEL 2000","DIOD","depreciationAndAmortizationInIncomeStatement",15282000,"USD","2023-12-31","2023-12-31"
"FI","INCOME STATEMENT","RUSSEL 2000","DIOD","specialIncomeCharges",514000,"USD","2024-09-30","2024-09-30"
"FI","INCOME STATEMENT","RUSSEL 2000","DIOD","specialIncomeCharges",-106000,"USD","2020-12-31","2020-12-31"
"FI","INCOME STATEMENT","RUSSEL 2000","DIOD","specialIncomeCharges",-246000,"USD","2021-12-31","2021-12-31"
"FI","INCOME STATEMENT","RUSSEL 2000","DIOD","specialIncomeCharges",3651000,"USD","2022-12-31","2022-12-31"
"FI","INCOME STATEMENT","RUSSEL 2000","DIOD","specialIncomeCharges",462000,"USD","2023-12-31","2023-12-31"
"FI","INCOME STATEMENT","RUSSEL 2000","DIOD","pretaxIncome",78290000,"USD","2024-09-30","2024-09-30"
"FI","INCOME STATEMENT","RUSSEL 2000","DIOD","pretaxIncome",120341000,"USD","2020-12-31","2020-12-31"
"FI","INCOME STATEMENT","RUSSEL 2000","DIOD","pretaxIncome",315095000,"USD","2021-12-31","2021-12-31"
"FI","INCOME STATEMENT","RUSSEL 2000","DIOD","pretaxIncome",395940000,"USD","2022-12-31","2022-12-31"
"FI","INCOME STATEMENT","RUSSEL 2000","DIOD","pretaxIncome",277933000,"USD","2023-12-31","2023-12-31"
"FI","INCOME STATEMENT","RUSSEL 2000","DIOD","netNonOperatingInterestIncomeExpense",15897000,"USD","2024-09-30","2024-09-30"
"FI","INCOME STATEMENT","RUSSEL 2000","DIOD","netNonOperatingInterestIncomeExpense",-10596000,"USD","2020-12-31","2020-12-31"
"FI","INCOME STATEMENT","RUSSEL 2000","DIOD","netNonOperatingInterestIncomeExpense",-4352000,"USD","2021-12-31","2021-12-31"
"FI","INCOME STATEMENT","RUSSEL 2000","DIOD","netNonOperatingInterestIncomeExpense",-4648000,"USD","2022-12-31","2022-12-31"
"FI","INCOME STATEMENT","RUSSEL 2000","DIOD","netNonOperatingInterestIncomeExpense",7638000,"USD","2023-12-31","2023-12-31"
"FI","INCOME STATEMENT","RUSSEL 2000","DIOD","taxRateForCalcs",0.160557,"USD","2024-09-30","2024-09-30"
"FI","INCOME STATEMENT","RUSSEL 2000","DIOD","taxRateForCalcs",0.175,"USD","2020-12-31","2020-12-31"
"FI","INCOME STATEMENT","RUSSEL 2000","DIOD","taxRateForCalcs",0.25,"USD","2021-12-31","2021-12-31"
"FI","INCOME STATEMENT","RUSSEL 2000","DIOD","taxRateForCalcs",0.143,"USD","2022-12-31","2022-12-31"
"FI","INCOME STATEMENT","RUSSEL 2000","DIOD","taxRateForCalcs",0.17,"USD","2023-12-31","2023-12-31"
"FI","INCOME STATEMENT","RUSSEL 2000","DIOD","depreciationAmortizationDepletionIncomeStatement",15303000,"USD","2024-09-30","2024-09-30"
"FI","INCOME STATEMENT","RUSSEL 2000","DIOD","depreciationAmortizationDepletionIncomeStatement",16261000,"USD","2020-12-31","2020-12-31"
"FI","INCOME STATEMENT","RUSSEL 2000","DIOD","depreciationAmortizationDepletionIncomeStatement",16216000,"USD","2021-12-31","2021-12-31"
"FI","INCOME STATEMENT","RUSSEL 2000","DIOD","depreciationAmortizationDepletionIncomeStatement",15610000,"USD","2022-12-31","2022-12-31"
"FI","INCOME STATEMENT","RUSSEL 2000","DIOD","depreciationAmortizationDepletionIncomeStatement",15282000,"USD","2023-12-31","2023-12-31"
"FI","INCOME STATEMENT","RUSSEL 2000","DIOD","minorityInterests",-4645000,"USD","2024-09-30","2024-09-30"
"FI","INCOME STATEMENT","RUSSEL 2000","DIOD","minorityInterests",-1141000,"USD","2020-12-31","2020-12-31"
"FI","INCOME STATEMENT","RUSSEL 2000","DIOD","minorityInterests",-7525000,"USD","2021-12-31","2021-12-31"
"FI","INCOME STATEMENT","RUSSEL 2000","DIOD","minorityInterests",-7972000,"USD","2022-12-31","2022-12-31"
"FI","INCOME STATEMENT","RUSSEL 2000","DIOD","minorityInterests",-3466000,"USD","2023-12-31","2023-12-31"
"FI","INCOME STATEMENT","RUSSEL 2000","DIOD","netIncomeFromContinuingOperationNetMinorityInterest",61075000,"USD","2024-09-30","2024-09-30"
"FI","INCOME STATEMENT","RUSSEL 2000","DIOD","netIncomeFromContinuingOperationNetMinorityInterest",98088000,"USD","2020-12-31","2020-12-31"
"FI","INCOME STATEMENT","RUSSEL 2000","DIOD","netIncomeFromContinuingOperationNetMinorityInterest",228763000,"USD","2021-12-31","2021-12-31"
"FI","INCOME STATEMENT","RUSSEL 2000","DIOD","netIncomeFromContinuingOperationNetMinorityInterest",331283000,"USD","2022-12-31","2022-12-31"
"FI","INCOME STATEMENT","RUSSEL 2000","DIOD","netIncomeFromContinuingOperationNetMinorityInterest",227182000,"USD","2023-12-31","2023-12-31"
"FI","INCOME STATEMENT","RUSSEL 2000","DIOD","netIncomeFromContinuingAndDiscontinuedOperation",61075000,"USD","2024-09-30","2024-09-30"
"FI","INCOME STATEMENT","RUSSEL 2000","DIOD","netIncomeFromContinuingAndDiscontinuedOperation",98088000,"USD","2020-12-31","2020-12-31"
"FI","INCOME STATEMENT","RUSSEL 2000","DIOD","netIncomeFromContinuingAndDiscontinuedOperation",228763000,"USD","2021-12-31","2021-12-31"
"FI","INCOME STATEMENT","RUSSEL 2000","DIOD","netIncomeFromContinuingAndDiscontinuedOperation",331283000,"USD","2022-12-31","2022-12-31"
"FI","INCOME STATEMENT","RUSSEL 2000","DIOD","netIncomeFromContinuingAndDiscontinuedOperation",227182000,"USD","2023-12-31","2023-12-31"
"FI","INCOME STATEMENT","RUSSEL 2000","DIOD","totalRevenue",1294521000,"USD","2024-09-30","2024-09-30"
"FI","INCOME STATEMENT","RUSSEL 2000","DIOD","totalRevenue",1229215000,"USD","2020-12-31","2020-12-31"
"FI","INCOME STATEMENT","RUSSEL 2000","DIOD","totalRevenue",1805162000,"USD","2021-12-31","2021-12-31"
"FI","INCOME STATEMENT","RUSSEL 2000","DIOD","totalRevenue",2000580000,"USD","2022-12-31","2022-12-31"
"FI","INCOME STATEMENT","RUSSEL 2000","DIOD","totalRevenue",1661739000,"USD","2023-12-31","2023-12-31"
"FI","BALANCE SHEET","RUSSEL 2000","DIOD","longTermDebtAndCapitalLeaseObligation",315244000,"USD","2020-12-31","2020-12-31"
"FI","BALANCE SHEET","RUSSEL 2000","DIOD","longTermDebtAndCapitalLeaseObligation",287888000,"USD","2021-12-31","2021-12-31"
"FI","BALANCE SHEET","RUSSEL 2000","DIOD","longTermDebtAndCapitalLeaseObligation",168281000,"USD","2022-12-31","2022-12-31"
"FI","BALANCE SHEET","RUSSEL 2000","DIOD","longTermDebtAndCapitalLeaseObligation",44362000,"USD","2023-12-31","2023-12-31"
"FI","BALANCE SHEET","RUSSEL 2000","DIOD","grossAccountsReceivable",323867000,"USD","2020-12-31","2020-12-31"
"FI","BALANCE SHEET","RUSSEL 2000","DIOD","grossAccountsReceivable",362820000,"USD","2021-12-31","2021-12-31"
"FI","BALANCE SHEET","RUSSEL 2000","DIOD","grossAccountsReceivable",375085000,"USD","2022-12-31","2022-12-31"
"FI","BALANCE SHEET","RUSSEL 2000","DIOD","grossAccountsReceivable",377571000,"USD","2023-12-31","2023-12-31"
"FI","BALANCE SHEET","RUSSEL 2000","DIOD","inventory",307062000,"USD","2020-12-31","2020-12-31"
"FI","BALANCE SHEET","RUSSEL 2000","DIOD","inventory",348622000,"USD","2021-12-31","2021-12-31"
"FI","BALANCE SHEET","RUSSEL 2000","DIOD","inventory",360281000,"USD","2022-12-31","2022-12-31"
"FI","BALANCE SHEET","RUSSEL 2000","DIOD","inventory",389774000,"USD","2023-12-31","2023-12-31"
"FI","BALANCE SHEET","RUSSEL 2000","DIOD","minorityInterest",52303000,"USD","2020-12-31","2020-12-31"
"FI","BALANCE SHEET","RUSSEL 2000","DIOD","minorityInterest",65482000,"USD","2021-12-31","2021-12-31"
"FI","BALANCE SHEET","RUSSEL 2000","DIOD","minorityInterest",69274000,"USD","2022-12-31","2022-12-31"
"FI","BALANCE SHEET","RUSSEL 2000","DIOD","minorityInterest",68936000,"USD","2023-12-31","2023-12-31"
"FI","BALANCE SHEET","RUSSEL 2000","DIOD","accountsPayable",168045000,"USD","2020-12-31","2020-12-31"
"FI","BALANCE SHEET","RUSSEL 2000","DIOD","accountsPayable",221254000,"USD","2021-12-31","2021-12-31"
"FI","BALANCE SHEET","RUSSEL 2000","DIOD","accountsPayable",160442000,"USD","2022-12-31","2022-12-31"
"FI","BALANCE SHEET","RUSSEL 2000","DIOD","accountsPayable",158261000,"USD","2023-12-31","2023-12-31"
"FI","BALANCE SHEET","RUSSEL 2000","DIOD","totalNonCurrentLiabilitiesNetMinorityInterest",453572000,"USD","2020-12-31","2020-12-31"
"FI","BALANCE SHEET","RUSSEL 2000","DIOD","totalNonCurrentLiabilitiesNetMinorityInterest",420737000,"USD","2021-12-31","2021-12-31"
"FI","BALANCE SHEET","RUSSEL 2000","DIOD","totalNonCurrentLiabilitiesNetMinorityInterest",272863000,"USD","2022-12-31","2022-12-31"
"FI","BALANCE SHEET","RUSSEL 2000","DIOD","totalNonCurrentLiabilitiesNetMinorityInterest",164484000,"USD","2023-12-31","2023-12-31"
"FI","BALANCE SHEET","RUSSEL 2000","DIOD","machineryFurnitureEquipment",942405000,"USD","2020-12-31","2020-12-31"
"FI","BALANCE SHEET","RUSSEL 2000","DIOD","machineryFurnitureEquipment",962597000,"USD","2021-12-31","2021-12-31"
"FI","BALANCE SHEET","RUSSEL 2000","DIOD","machineryFurnitureEquipment",1137737000,"USD","2022-12-31","2022-12-31"
"FI","BALANCE SHEET","RUSSEL 2000","DIOD","machineryFurnitureEquipment",1201400000,"USD","2023-12-31","2023-12-31"
"FI","BALANCE SHEET","RUSSEL 2000","DIOD","currentLiabilities",509762000,"USD","2020-12-31","2020-12-31"
"FI","BALANCE SHEET","RUSSEL 2000","DIOD","currentLiabilities",471034000,"USD","2021-12-31","2021-12-31"
"FI","BALANCE SHEET","RUSSEL 2000","DIOD","currentLiabilities",432530000,"USD","2022-12-31","2022-12-31"
"FI","BALANCE SHEET","RUSSEL 2000","DIOD","currentLiabilities",393498000,"USD","2023-12-31","2023-12-31"
"FI","BALANCE SHEET","RUSSEL 2000","DIOD","otherIntangibleAssets",110591000,"USD","2020-12-31","2020-12-31"
"FI","BALANCE SHEET","RUSSEL 2000","DIOD","otherIntangibleAssets",94550000,"USD","2021-12-31","2021-12-31"
"FI","BALANCE SHEET","RUSSEL 2000","DIOD","otherIntangibleAssets",79137000,"USD","2022-12-31","2022-12-31"
"FI","BALANCE SHEET","RUSSEL 2000","DIOD","otherIntangibleAssets",63937000,"USD","2023-12-31","2023-12-31"
"FI","BALANCE SHEET","RUSSEL 2000","DIOD","nonCurrentDeferredTaxesLiabilities",34598000,"USD","2020-12-31","2020-12-31"
"FI","BALANCE SHEET","RUSSEL 2000","DIOD","nonCurrentDeferredTaxesLiabilities",32230000,"USD","2021-12-31","2021-12-31"
"FI","BALANCE SHEET","RUSSEL 2000","DIOD","nonCurrentDeferredTaxesLiabilities",12903000,"USD","2022-12-31","2022-12-31"
"FI","BALANCE SHEET","RUSSEL 2000","DIOD","nonCurrentDeferredTaxesLiabilities",13662000,"USD","2023-12-31","2023-12-31"
"FI","BALANCE SHEET","RUSSEL 2000","DIOD","cashAndCashEquivalents",268065000,"USD","2020-12-31","2020-12-31"
"FI","BALANCE SHEET","RUSSEL 2000","DIOD","cashAndCashEquivalents",363599000,"USD","2021-12-31","2021-12-31"
"FI","BALANCE SHEET","RUSSEL 2000","DIOD","cashAndCashEquivalents",336732000,"USD","2022-12-31","2022-12-31"
"FI","BALANCE SHEET","RUSSEL 2000","DIOD","cashAndCashEquivalents",315457000,"USD","2023-12-31","2023-12-31"
"FI","BALANCE SHEET","RUSSEL 2000","DIOD","commonStockEquity",963820000,"USD","2020-12-31","2020-12-31"
"FI","BALANCE SHEET","RUSSEL 2000","DIOD","commonStockEquity",1237242000,"USD","2021-12-31","2021-12-31"
"FI","BALANCE SHEET","RUSSEL 2000","DIOD","commonStockEquity",1513645000,"USD","2022-12-31","2022-12-31"
"FI","BALANCE SHEET","RUSSEL 2000","DIOD","commonStockEquity",1740741000,"USD","2023-12-31","2023-12-31"
"FI","BALANCE SHEET","RUSSEL 2000","DIOD","totalTaxPayable",27035000,"USD","2020-12-31","2020-12-31"
"FI","BALANCE SHEET","RUSSEL 2000","DIOD","totalTaxPayable",31955000,"USD","2021-12-31","2021-12-31"
"FI","BALANCE SHEET","RUSSEL 2000","DIOD","totalTaxPayable",22716000,"USD","2022-12-31","2022-12-31"
"FI","BALANCE SHEET","RUSSEL 2000","DIOD","totalTaxPayable",13677000,"USD","2023-12-31","2023-12-31"
"FI","BALANCE SHEET","RUSSEL 2000","DIOD","cashCashEquivalentsAndShortTermInvestments",274207000,"USD","2020-12-31","2020-12-31"
"FI","BALANCE SHEET","RUSSEL 2000","DIOD","cashCashEquivalentsAndShortTermInvestments",370141000,"USD","2021-12-31","2021-12-31"
"FI","BALANCE SHEET","RUSSEL 2000","DIOD","cashCashEquivalentsAndShortTermInvestments",343791000,"USD","2022-12-31","2022-12-31"
"FI","BALANCE SHEET","RUSSEL 2000","DIOD","cashCashEquivalentsAndShortTermInvestments",325631000,"USD","2023-12-31","2023-12-31"
"FI","BALANCE SHEET","RUSSEL 2000","DIOD","goodwillAndOtherIntangibleAssets",268922000,"USD","2020-12-31","2020-12-31"
"FI","BALANCE SHEET","RUSSEL 2000","DIOD","goodwillAndOtherIntangibleAssets",244440000,"USD","2021-12-31","2021-12-31"
"FI","BALANCE SHEET","RUSSEL 2000","DIOD","goodwillAndOtherIntangibleAssets",223894000,"USD","2022-12-31","2022-12-31"
"FI","BALANCE SHEET","RUSSEL 2000","DIOD","goodwillAndOtherIntangibleAssets",210495000,"USD","2023-12-31","2023-12-31"
"FI","BALANCE SHEET","RUSSEL 2000","DIOD","netTangibleAssets",694898000,"USD","2020-12-31","2020-12-31"
"FI","BALANCE SHEET","RUSSEL 2000","DIOD","netTangibleAssets",992802000,"USD","2021-12-31","2021-12-31"
"FI","BALANCE SHEET","RUSSEL 2000","DIOD","netTangibleAssets",1289751000,"USD","2022-12-31","2022-12-31"
"FI","BALANCE SHEET","RUSSEL 2000","DIOD","netTangibleAssets",1530246000,"USD","2023-12-31","2023-12-31"
"FI","BALANCE SHEET","RUSSEL 2000","DIOD","goodwill",158331000,"USD","2020-12-31","2020-12-31"
"FI","BALANCE SHEET","RUSSEL 2000","DIOD","goodwill",149890000,"USD","2021-12-31","2021-12-31"
"FI","BALANCE SHEET","RUSSEL 2000","DIOD","goodwill",144757000,"USD","2022-12-31","2022-12-31"
"FI","BALANCE SHEET","RUSSEL 2000","DIOD","goodwill",146558000,"USD","2023-12-31","2023-12-31"
"FI","BALANCE SHEET","RUSSEL 2000","DIOD","totalAssets",1979457000,"USD","2020-12-31","2020-12-31"
"FI","BALANCE SHEET","RUSSEL 2000","DIOD","totalAssets",2194495000,"USD","2021-12-31","2021-12-31"
"FI","BALANCE SHEET","RUSSEL 2000","DIOD","totalAssets",2288312000,"USD","2022-12-31","2022-12-31"
"FI","BALANCE SHEET","RUSSEL 2000","DIOD","totalAssets",2367659000,"USD","2023-12-31","2023-12-31"
"FI","BALANCE SHEET","RUSSEL 2000","DIOD","ordinarySharesNumber",44276194,"USD","2020-12-31","2020-12-31"
"FI","BALANCE SHEET","RUSSEL 2000","DIOD","ordinarySharesNumber",45017774,"USD","2021-12-31","2021-12-31"
"FI","BALANCE SHEET","RUSSEL 2000","DIOD","ordinarySharesNumber",45469722,"USD","2022-12-31","2022-12-31"
"FI","BALANCE SHEET","RUSSEL 2000","DIOD","ordinarySharesNumber",45938382,"USD","2023-12-31","2023-12-31"
"FI","BALANCE SHEET","RUSSEL 2000","DIOD","investedCapital",1414422000,"USD","2020-12-31","2020-12-31"
"FI","BALANCE SHEET","RUSSEL 2000","DIOD","investedCapital",1538265000,"USD","2021-12-31","2021-12-31"
"FI","BALANCE SHEET","RUSSEL 2000","DIOD","investedCapital",1699088000,"USD","2022-12-31","2022-12-31"
"FI","BALANCE SHEET","RUSSEL 2000","DIOD","investedCapital",1802824000,"USD","2023-12-31","2023-12-31"
"FI","BALANCE SHEET","RUSSEL 2000","DIOD","totalEquityGrossMinorityInterest",1016123000,"USD","2020-12-31","2020-12-31"
"FI","BALANCE SHEET","RUSSEL 2000","DIOD","totalEquityGrossMinorityInterest",1302724000,"USD","2021-12-31","2021-12-31"
"FI","BALANCE SHEET","RUSSEL 2000","DIOD","totalEquityGrossMinorityInterest",1582919000,"USD","2022-12-31","2022-12-31"
"FI","BALANCE SHEET","RUSSEL 2000","DIOD","totalEquityGrossMinorityInterest",1809677000,"USD","2023-12-31","2023-12-31"
"FI","BALANCE SHEET","RUSSEL 2000","DIOD","tangibleBookValue",694898000,"USD","2020-12-31","2020-12-31"
"FI","BALANCE SHEET","RUSSEL 2000","DIOD","tangibleBookValue",992802000,"USD","2021-12-31","2021-12-31"
"FI","BALANCE SHEET","RUSSEL 2000","DIOD","tangibleBookValue",1289751000,"USD","2022-12-31","2022-12-31"
"FI","BALANCE SHEET","RUSSEL 2000","DIOD","tangibleBookValue",1530246000,"USD","2023-12-31","2023-12-31"
"FI","BALANCE SHEET","RUSSEL 2000","DIOD","netDebt",182537000,"USD","2020-12-31","2020-12-31"
"FI","BALANCE SHEET","RUSSEL 2000","DIOD","grossPPE",1322163000,"USD","2020-12-31","2020-12-31"
"FI","BALANCE SHEET","RUSSEL 2000","DIOD","grossPPE",1418443000,"USD","2021-12-31","2021-12-31"
"FI","BALANCE SHEET","RUSSEL 2000","DIOD","grossPPE",1649975000,"USD","2022-12-31","2022-12-31"
"FI","BALANCE SHEET","RUSSEL 2000","DIOD","grossPPE",1750439000,"USD","2023-12-31","2023-12-31"
"FI","BALANCE SHEET","RUSSEL 2000","DIOD","accumulatedDepreciation",-791348000,"USD","2020-12-31","2020-12-31"
"FI","BALANCE SHEET","RUSSEL 2000","DIOD","accumulatedDepreciation",-836364000,"USD","2021-12-31","2021-12-31"
"FI","BALANCE SHEET","RUSSEL 2000","DIOD","accumulatedDepreciation",-913245000,"USD","2022-12-31","2022-12-31"
"FI","BALANCE SHEET","RUSSEL 2000","DIOD","accumulatedDepreciation",-1004270000,"USD","2023-12-31","2023-12-31"
"FI","BALANCE SHEET","RUSSEL 2000","DIOD","receivables",320061000,"USD","2020-12-31","2020-12-31"
"FI","BALANCE SHEET","RUSSEL 2000","DIOD","receivables",358496000,"USD","2021-12-31","2021-12-31"
"FI","BALANCE SHEET","RUSSEL 2000","DIOD","receivables",369233000,"USD","2022-12-31","2022-12-31"
"FI","BALANCE SHEET","RUSSEL 2000","DIOD","receivables",371930000,"USD","2023-12-31","2023-12-31"
"FI","BALANCE SHEET","RUSSEL 2000","DIOD","allowanceForDoubtfulAccountsReceivable",-3806000,"USD","2020-12-31","2020-12-31"
"FI","INCOME STATEMENT","RUSSEL 2000","DIOD","costOfRevenue",857067000,"USD","2024-09-30","2024-09-30"
"FI","INCOME STATEMENT","RUSSEL 2000","DIOD","costOfRevenue",798094000,"USD","2020-12-31","2020-12-31"
"FI","INCOME STATEMENT","RUSSEL 2000","DIOD","costOfRevenue",1134802000,"USD","2021-12-31","2021-12-31"
"FI","INCOME STATEMENT","RUSSEL 2000","DIOD","costOfRevenue",1173343000,"USD","2022-12-31","2022-12-31"
"FI","INCOME STATEMENT","RUSSEL 2000","DIOD","costOfRevenue",1003557000,"USD","2023-12-31","2023-12-31"
"FI","INCOME STATEMENT","RUSSEL 2000","DIOD","interestExpenseNonOperating",2321000,"USD","2024-09-30","2024-09-30"
"FI","INCOME STATEMENT","RUSSEL 2000","DIOD","interestExpenseNonOperating",11662000,"USD","2020-12-31","2020-12-31"
"FI","INCOME STATEMENT","RUSSEL 2000","DIOD","interestExpenseNonOperating",7491000,"USD","2021-12-31","2021-12-31"
"FI","INCOME STATEMENT","RUSSEL 2000","DIOD","interestExpenseNonOperating",8320000,"USD","2022-12-31","2022-12-31"
"FI","INCOME STATEMENT","RUSSEL 2000","DIOD","interestExpenseNonOperating",5700000,"USD","2023-12-31","2023-12-31"
"FI","INCOME STATEMENT","RUSSEL 2000","DIOD","operatingRevenue",1294521000,"USD","2024-09-30","2024-09-30"
"FI","INCOME STATEMENT","RUSSEL 2000","DIOD","operatingRevenue",1229215000,"USD","2020-12-31","2020-12-31"
"FI","INCOME STATEMENT","RUSSEL 2000","DIOD","operatingRevenue",1805162000,"USD","2021-12-31","2021-12-31"
"FI","INCOME STATEMENT","RUSSEL 2000","DIOD","operatingRevenue",2000580000,"USD","2022-12-31","2022-12-31"
"FI","INCOME STATEMENT","RUSSEL 2000","DIOD","operatingRevenue",1661739000,"USD","2023-12-31","2023-12-31"
"FI","INCOME STATEMENT","RUSSEL 2000","DIOD","grossProfit",437454000,"USD","2024-09-30","2024-09-30"
"FI","INCOME STATEMENT","RUSSEL 2000","DIOD","grossProfit",431121000,"USD","2020-12-31","2020-12-31"
"FI","INCOME STATEMENT","RUSSEL 2000","DIOD","grossProfit",670360000,"USD","2021-12-31","2021-12-31"
"FI","INCOME STATEMENT","RUSSEL 2000","DIOD","grossProfit",827237000,"USD","2022-12-31","2022-12-31"
"FI","INCOME STATEMENT","RUSSEL 2000","DIOD","grossProfit",658182000,"USD","2023-12-31","2023-12-31"
"FI","INCOME STATEMENT","RUSSEL 2000","DIOD","reconciledDepreciation",136893000,"USD","2024-09-30","2024-09-30"
"FI","INCOME STATEMENT","RUSSEL 2000","DIOD","reconciledDepreciation",108007000,"USD","2020-12-31","2020-12-31"
"FI","INCOME STATEMENT","RUSSEL 2000","DIOD","reconciledDepreciation",122435000,"USD","2021-12-31","2021-12-31"
"FI","INCOME STATEMENT","RUSSEL 2000","DIOD","reconciledDepreciation",127759000,"USD","2022-12-31","2022-12-31"
"FI","INCOME STATEMENT","RUSSEL 2000","DIOD","reconciledDepreciation",137330000,"USD","2023-12-31","2023-12-31"
"FI","INCOME STATEMENT","RUSSEL 2000","DIOD","amortizationOfIntangiblesIncomeStatement",15303000,"USD","2024-09-30","2024-09-30"
"FI","INCOME STATEMENT","RUSSEL 2000","DIOD","amortizationOfIntangiblesIncomeStatement",16261000,"USD","2020-12-31","2020-12-31"
"FI","INCOME STATEMENT","RUSSEL 2000","DIOD","amortizationOfIntangiblesIncomeStatement",16216000,"USD","2021-12-31","2021-12-31"
"FI","INCOME STATEMENT","RUSSEL 2000","DIOD","amortizationOfIntangiblesIncomeStatement",15610000,"USD","2022-12-31","2022-12-31"
"FI","INCOME STATEMENT","RUSSEL 2000","DIOD","amortizationOfIntangiblesIncomeStatement",15282000,"USD","2023-12-31","2023-12-31"
"FI","INCOME STATEMENT","RUSSEL 2000","DIOD","eBITDA",217504000,"USD","2024-09-30","2024-09-30"
"FI","INCOME STATEMENT","RUSSEL 2000","DIOD","eBITDA",240010000,"USD","2020-12-31","2020-12-31"
"FI","INCOME STATEMENT","RUSSEL 2000","DIOD","eBITDA",445021000,"USD","2021-12-31","2021-12-31"
"FI","INCOME STATEMENT","RUSSEL 2000","DIOD","eBITDA",532019000,"USD","2022-12-31","2022-12-31"
"FI","INCOME STATEMENT","RUSSEL 2000","DIOD","eBITDA",420963000,"USD","2023-12-31","2023-12-31"
"FI","INCOME STATEMENT","RUSSEL 2000","DIOD","totalOperatingIncomeAsReported",59236000,"USD","2024-09-30","2024-09-30"
"FI","INCOME STATEMENT","RUSSEL 2000","DIOD","totalOperatingIncomeAsReported",134332000,"USD","2020-12-31","2020-12-31"
"FI","INCOME STATEMENT","RUSSEL 2000","DIOD","totalOperatingIncomeAsReported",275985000,"USD","2021-12-31","2021-12-31"
"FI","INCOME STATEMENT","RUSSEL 2000","DIOD","totalOperatingIncomeAsReported",408193000,"USD","2022-12-31","2022-12-31"
"FI","INCOME STATEMENT","RUSSEL 2000","DIOD","totalOperatingIncomeAsReported",250571000,"USD","2023-12-31","2023-12-31"
"FI","INCOME STATEMENT","RUSSEL 2000","DIOD","netIncomeContinuousOperations",65720000,"USD","2024-09-30","2024-09-30"
"FI","INCOME STATEMENT","RUSSEL 2000","DIOD","netIncomeContinuousOperations",99229000,"USD","2020-12-31","2020-12-31"
"FI","INCOME STATEMENT","RUSSEL 2000","DIOD","netIncomeContinuousOperations",236288000,"USD","2021-12-31","2021-12-31"
"FI","INCOME STATEMENT","RUSSEL 2000","DIOD","netIncomeContinuousOperations",339255000,"USD","2022-12-31","2022-12-31"
"FI","INCOME STATEMENT","RUSSEL 2000","DIOD","netIncomeContinuousOperations",230648000,"USD","2023-12-31","2023-12-31"
"FI","INCOME STATEMENT","RUSSEL 2000","DIOD","netIncome",61075000,"USD","2024-09-30","2024-09-30"
"FI","INCOME STATEMENT","RUSSEL 2000","DIOD","netIncome",98088000,"USD","2020-12-31","2020-12-31"
"FI","INCOME STATEMENT","RUSSEL 2000","DIOD","netIncome",228763000,"USD","2021-12-31","2021-12-31"
"FI","INCOME STATEMENT","RUSSEL 2000","DIOD","netIncome",331283000,"USD","2022-12-31","2022-12-31"
"FI","INCOME STATEMENT","RUSSEL 2000","DIOD","netIncome",227182000,"USD","2023-12-31","2023-12-31"
"FI","INCOME STATEMENT","RUSSEL 2000","DIOD","interestExpense",2321000,"USD","2024-09-30","2024-09-30"
"FI","INCOME STATEMENT","RUSSEL 2000","DIOD","interestExpense",11662000,"USD","2020-12-31","2020-12-31"
"FI","INCOME STATEMENT","RUSSEL 2000","DIOD","interestExpense",7491000,"USD","2021-12-31","2021-12-31"
"FI","INCOME STATEMENT","RUSSEL 2000","DIOD","interestExpense",8320000,"USD","2022-12-31","2022-12-31"
"FI","INCOME STATEMENT","RUSSEL 2000","DIOD","interestExpense",5700000,"USD","2023-12-31","2023-12-31"
"FI","INCOME STATEMENT","RUSSEL 2000","DIOD","interestIncome",18218000,"USD","2024-09-30","2024-09-30"
"FI","INCOME STATEMENT","RUSSEL 2000","DIOD","interestIncome",1066000,"USD","2020-12-31","2020-12-31"
"FI","INCOME STATEMENT","RUSSEL 2000","DIOD","interestIncome",3139000,"USD","2021-12-31","2021-12-31"
"FI","INCOME STATEMENT","RUSSEL 2000","DIOD","interestIncome",3672000,"USD","2022-12-31","2022-12-31"
"FI","INCOME STATEMENT","RUSSEL 2000","DIOD","interestIncome",13338000,"USD","2023-12-31","2023-12-31"
"FI","INCOME STATEMENT","RUSSEL 2000","DIOD","impairmentOfCapitalAssets",0,"USD","2019-12-31","2019-12-31"
"FI","INCOME STATEMENT","RUSSEL 2000","DIOD","otherNonOperatingIncomeExpenses",5162000,"USD","2024-09-30","2024-09-30"
"FI","INCOME STATEMENT","RUSSEL 2000","DIOD","otherNonOperatingIncomeExpenses",4336000,"USD","2020-12-31","2020-12-31"
"FI","INCOME STATEMENT","RUSSEL 2000","DIOD","otherNonOperatingIncomeExpenses",17551000,"USD","2021-12-31","2021-12-31"
"FI","INCOME STATEMENT","RUSSEL 2000","DIOD","otherNonOperatingIncomeExpenses",6787000,"USD","2022-12-31","2022-12-31"
"FI","INCOME STATEMENT","RUSSEL 2000","DIOD","otherNonOperatingIncomeExpenses",6721000,"USD","2023-12-31","2023-12-31"
"FI","INCOME STATEMENT","RUSSEL 2000","DIOD","otherIncomeExpense",3671000,"USD","2024-09-30","2024-09-30"
"FI","INCOME STATEMENT","RUSSEL 2000","DIOD","otherIncomeExpense",-3501000,"USD","2020-12-31","2020-12-31"
"FI","INCOME STATEMENT","RUSSEL 2000","DIOD","otherIncomeExpense",43216000,"USD","2021-12-31","2021-12-31"
"FI","INCOME STATEMENT","RUSSEL 2000","DIOD","otherIncomeExpense",-3954000,"USD","2022-12-31","2022-12-31"
"FI","INCOME STATEMENT","RUSSEL 2000","DIOD","otherIncomeExpense",20186000,"USD","2023-12-31","2023-12-31"
"FI","INCOME STATEMENT","RUSSEL 2000","DIOD","operatingIncome",58722000,"USD","2024-09-30","2024-09-30"
"FI","INCOME STATEMENT","RUSSEL 2000","DIOD","operatingIncome",134438000,"USD","2020-12-31","2020-12-31"
"FI","INCOME STATEMENT","RUSSEL 2000","DIOD","operatingIncome",276231000,"USD","2021-12-31","2021-12-31"
"FI","INCOME STATEMENT","RUSSEL 2000","DIOD","operatingIncome",404542000,"USD","2022-12-31","2022-12-31"
"FI","INCOME STATEMENT","RUSSEL 2000","DIOD","operatingIncome",250109000,"USD","2023-12-31","2023-12-31"
"FI","INCOME STATEMENT","RUSSEL 2000","DIOD","netInterestIncome",15897000,"USD","2024-09-30","2024-09-30"
"FI","INCOME STATEMENT","RUSSEL 2000","DIOD","netInterestIncome",-10596000,"USD","2020-12-31","2020-12-31"
"FI","INCOME STATEMENT","RUSSEL 2000","DIOD","netInterestIncome",-4352000,"USD","2021-12-31","2021-12-31"
"FI","INCOME STATEMENT","RUSSEL 2000","DIOD","netInterestIncome",-4648000,"USD","2022-12-31","2022-12-31"
"FI","INCOME STATEMENT","RUSSEL 2000","DIOD","netInterestIncome",7638000,"USD","2023-12-31","2023-12-31"
"FI","INCOME STATEMENT","RUSSEL 2000","DIOD","reconciledCostOfRevenue",735477000,"USD","2024-09-30","2024-09-30"
"FI","INCOME STATEMENT","RUSSEL 2000","DIOD","reconciledCostOfRevenue",706348000,"USD","2020-12-31","2020-12-31"
"FI","INCOME STATEMENT","RUSSEL 2000","DIOD","reconciledCostOfRevenue",1028583000,"USD","2021-12-31","2021-12-31"
"FI","INCOME STATEMENT","RUSSEL 2000","DIOD","reconciledCostOfRevenue",1061194000,"USD","2022-12-31","2022-12-31"
"FI","INCOME STATEMENT","RUSSEL 2000","DIOD","reconciledCostOfRevenue",881509000,"USD","2023-12-31","2023-12-31"
"FI","BALANCE SHEET","RUSSEL 2000","DIOD","shareIssued",53536052,"USD","2020-12-31","2020-12-31"
"FI","BALANCE SHEET","RUSSEL 2000","DIOD","shareIssued",54290287,"USD","2021-12-31","2021-12-31"
"FI","BALANCE SHEET","RUSSEL 2000","DIOD","shareIssued",54751303,"USD","2022-12-31","2022-12-31"
"FI","BALANCE SHEET","RUSSEL 2000","DIOD","shareIssued",55225244,"USD","2023-12-31","2023-12-31"
"FI","INCOME STATEMENT","RUSSEL 2000","DIOD","gainOnSaleOfSecurity",-2005000,"USD","2024-09-30","2024-09-30"
"FI","INCOME STATEMENT","RUSSEL 2000","DIOD","gainOnSaleOfSecurity",-7731000,"USD","2020-12-31","2020-12-31"
"FI","INCOME STATEMENT","RUSSEL 2000","DIOD","gainOnSaleOfSecurity",25911000,"USD","2021-12-31","2021-12-31"
"FI","INCOME STATEMENT","RUSSEL 2000","DIOD","gainOnSaleOfSecurity",-14392000,"USD","2022-12-31","2022-12-31"
"FI","INCOME STATEMENT","RUSSEL 2000","DIOD","gainOnSaleOfSecurity",13003000,"USD","2023-12-31","2023-12-31"
"FI","INCOME STATEMENT","RUSSEL 2000","DIOD","otherOperatingExpenses",1067000,"USD","2020-12-31","2020-12-31"
"FI","INCOME STATEMENT","RUSSEL 2000","DIOD","otherOperatingExpenses",1003000,"USD","2021-12-31","2021-12-31"
"FI","INCOME STATEMENT","RUSSEL 2000","DIOD","otherOperatingExpenses",-108000,"USD","2022-12-31","2022-12-31"
"FI","INCOME STATEMENT","RUSSEL 2000","DIOD","otherOperatingExpenses",-16000,"USD","2023-12-31","2023-12-31"
"FI","INCOME STATEMENT","RUSSEL 2000","DIOD","gainOnSaleOfPPE",7570000,"USD","2024-09-30","2024-09-30"
"FI","INCOME STATEMENT","RUSSEL 2000","DIOD","gainOnSaleOfPPE",-106000,"USD","2020-12-31","2020-12-31"
"FI","INCOME STATEMENT","RUSSEL 2000","DIOD","gainOnSaleOfPPE",-246000,"USD","2021-12-31","2021-12-31"
"FI","INCOME STATEMENT","RUSSEL 2000","DIOD","gainOnSaleOfPPE",3651000,"USD","2022-12-31","2022-12-31"
"FI","INCOME STATEMENT","RUSSEL 2000","DIOD","gainOnSaleOfPPE",2045000,"USD","2023-12-31","2023-12-31"
"FI","BALANCE SHEET","RUSSEL 2000","DIOD","otherCurrentAssets",70193000,"USD","2020-12-31","2020-12-31"
"FI","BALANCE SHEET","RUSSEL 2000","DIOD","otherCurrentAssets",107194000,"USD","2021-12-31","2021-12-31"
"FI","BALANCE SHEET","RUSSEL 2000","DIOD","otherCurrentAssets",83999000,"USD","2022-12-31","2022-12-31"
"FI","BALANCE SHEET","RUSSEL 2000","DIOD","otherCurrentAssets",97024000,"USD","2023-12-31","2023-12-31"
"FI","BALANCE SHEET","RUSSEL 2000","DIOD","workInProcess",73466000,"USD","2020-12-31","2020-12-31"
"FI","BALANCE SHEET","RUSSEL 2000","DIOD","workInProcess",81784000,"USD","2021-12-31","2021-12-31"
"FI","BALANCE SHEET","RUSSEL 2000","DIOD","workInProcess",80616000,"USD","2022-12-31","2022-12-31"
"FI","BALANCE SHEET","RUSSEL 2000","DIOD","workInProcess",72876000,"USD","2023-12-31","2023-12-31"
"FI","BALANCE SHEET","RUSSEL 2000","DIOD","totalDebt",488479000,"USD","2020-12-31","2020-12-31"
"FI","BALANCE SHEET","RUSSEL 2000","DIOD","totalDebt",334551000,"USD","2021-12-31","2021-12-31"
"FI","BALANCE SHEET","RUSSEL 2000","DIOD","totalDebt",213674000,"USD","2022-12-31","2022-12-31"
"FI","BALANCE SHEET","RUSSEL 2000","DIOD","totalDebt",98358000,"USD","2023-12-31","2023-12-31"
"FI","BALANCE SHEET","RUSSEL 2000","DIOD","netPPE",530815000,"USD","2020-12-31","2020-12-31"
"FI","BALANCE SHEET","RUSSEL 2000","DIOD","netPPE",582079000,"USD","2021-12-31","2021-12-31"
"FI","BALANCE SHEET","RUSSEL 2000","DIOD","netPPE",736730000,"USD","2022-12-31","2022-12-31"
"FI","BALANCE SHEET","RUSSEL 2000","DIOD","netPPE",746169000,"USD","2023-12-31","2023-12-31"
"FI","BALANCE SHEET","RUSSEL 2000","DIOD","buildingsAndImprovements",267700000,"USD","2020-12-31","2020-12-31"
"FI","BALANCE SHEET","RUSSEL 2000","DIOD","buildingsAndImprovements",276958000,"USD","2021-12-31","2021-12-31"
"FI","BALANCE SHEET","RUSSEL 2000","DIOD","buildingsAndImprovements",323941000,"USD","2022-12-31","2022-12-31"
"FI","BALANCE SHEET","RUSSEL 2000","DIOD","buildingsAndImprovements",340488000,"USD","2023-12-31","2023-12-31"
"FI","BALANCE SHEET","RUSSEL 2000","DIOD","capitalLeaseObligations",37877000,"USD","2020-12-31","2020-12-31"
"FI","BALANCE SHEET","RUSSEL 2000","DIOD","capitalLeaseObligations",33528000,"USD","2021-12-31","2021-12-31"
"FI","BALANCE SHEET","RUSSEL 2000","DIOD","capitalLeaseObligations",28231000,"USD","2022-12-31","2022-12-31"
"FI","BALANCE SHEET","RUSSEL 2000","DIOD","capitalLeaseObligations",36275000,"USD","2023-12-31","2023-12-31"
"FI","BALANCE SHEET","RUSSEL 2000","DIOD","gainsLossesNotAffectingRetainedEarnings",-73606000,"USD","2020-12-31","2020-12-31"
"FI","BALANCE SHEET","RUSSEL 2000","DIOD","gainsLossesNotAffectingRetainedEarnings",-50517000,"USD","2021-12-31","2021-12-31"
"FI","BALANCE SHEET","RUSSEL 2000","DIOD","gainsLossesNotAffectingRetainedEarnings",-128233000,"USD","2022-12-31","2022-12-31"
"FI","BALANCE SHEET","RUSSEL 2000","DIOD","gainsLossesNotAffectingRetainedEarnings",-143227000,"USD","2023-12-31","2023-12-31"
"FI","BALANCE SHEET","RUSSEL 2000","DIOD","currentAssets",1023987000,"USD","2020-12-31","2020-12-31"
"FI","BALANCE SHEET","RUSSEL 2000","DIOD","currentAssets",1187672000,"USD","2021-12-31","2021-12-31"
"FI","BALANCE SHEET","RUSSEL 2000","DIOD","currentAssets",1161671000,"USD","2022-12-31","2022-12-31"
"FI","BALANCE SHEET","RUSSEL 2000","DIOD","currentAssets",1187385000,"USD","2023-12-31","2023-12-31"
"FI","BALANCE SHEET","RUSSEL 2000","DIOD","nonCurrentDeferredAssets",57841000,"USD","2020-12-31","2020-12-31"
"FI","BALANCE SHEET","RUSSEL 2000","DIOD","nonCurrentDeferredAssets",21256000,"USD","2021-12-31","2021-12-31"
"FI","BALANCE SHEET","RUSSEL 2000","DIOD","nonCurrentDeferredAssets",35308000,"USD","2022-12-31","2022-12-31"
"FI","BALANCE SHEET","RUSSEL 2000","DIOD","nonCurrentDeferredAssets",51620000,"USD","2023-12-31","2023-12-31"
"FI","BALANCE SHEET","RUSSEL 2000","DIOD","rawMaterials",148090000,"USD","2020-12-31","2020-12-31"
"FI","BALANCE SHEET","RUSSEL 2000","DIOD","rawMaterials",158281000,"USD","2021-12-31","2021-12-31"
"FI","BALANCE SHEET","RUSSEL 2000","DIOD","allowanceForDoubtfulAccountsReceivable",-4324000,"USD","2021-12-31","2021-12-31"
"FI","BALANCE SHEET","RUSSEL 2000","DIOD","allowanceForDoubtfulAccountsReceivable",-5852000,"USD","2022-12-31","2022-12-31"
"FI","BALANCE SHEET","RUSSEL 2000","DIOD","allowanceForDoubtfulAccountsReceivable",-5641000,"USD","2023-12-31","2023-12-31"
"FI","BALANCE SHEET","RUSSEL 2000","DIOD","nonCurrentDeferredTaxesAssets",57841000,"USD","2020-12-31","2020-12-31"
"FI","BALANCE SHEET","RUSSEL 2000","DIOD","nonCurrentDeferredTaxesAssets",21256000,"USD","2021-12-31","2021-12-31"
"FI","BALANCE SHEET","RUSSEL 2000","DIOD","nonCurrentDeferredTaxesAssets",35308000,"USD","2022-12-31","2022-12-31"
"FI","BALANCE SHEET","RUSSEL 2000","DIOD","nonCurrentDeferredTaxesAssets",51620000,"USD","2023-12-31","2023-12-31"
"FI","BALANCE SHEET","RUSSEL 2000","DIOD","nonCurrentDeferredLiabilities",61355000,"USD","2020-12-31","2020-12-31"
"FI","BALANCE SHEET","RUSSEL 2000","DIOD","nonCurrentDeferredLiabilities",66448000,"USD","2021-12-31","2021-12-31"
"FI","BALANCE SHEET","RUSSEL 2000","DIOD","nonCurrentDeferredLiabilities",38879000,"USD","2022-12-31","2022-12-31"
"FI","BALANCE SHEET","RUSSEL 2000","DIOD","nonCurrentDeferredLiabilities",41157000,"USD","2023-12-31","2023-12-31"
"FI","BALANCE SHEET","RUSSEL 2000","DIOD","constructionInProgress",45060000,"USD","2020-12-31","2020-12-31"
"FI","BALANCE SHEET","RUSSEL 2000","DIOD","constructionInProgress",111987000,"USD","2021-12-31","2021-12-31"
"FI","BALANCE SHEET","RUSSEL 2000","DIOD","constructionInProgress",120451000,"USD","2022-12-31","2022-12-31"
"FI","BALANCE SHEET","RUSSEL 2000","DIOD","constructionInProgress",134333000,"USD","2023-12-31","2023-12-31"
"FI","BALANCE SHEET","RUSSEL 2000","DIOD","commonStock",35692000,"USD","2020-12-31","2020-12-31"
"FI","BALANCE SHEET","RUSSEL 2000","DIOD","commonStock",36195000,"USD","2021-12-31","2021-12-31"
"FI","BALANCE SHEET","RUSSEL 2000","DIOD","commonStock",36503000,"USD","2022-12-31","2022-12-31"
"FI","BALANCE SHEET","RUSSEL 2000","DIOD","commonStock",36819000,"USD","2023-12-31","2023-12-31"
"FI","BALANCE SHEET","RUSSEL 2000","DIOD","tradeandOtherPayablesNonCurrent",36752000,"USD","2020-12-31","2020-12-31"
"FI","INCOME STATEMENT","RUSSEL 2000","DIOD","researchAndDevelopment",133801000,"USD","2024-09-30","2024-09-30"
"FI","INCOME STATEMENT","RUSSEL 2000","DIOD","researchAndDevelopment",94288000,"USD","2020-12-31","2020-12-31"
"FI","INCOME STATEMENT","RUSSEL 2000","DIOD","researchAndDevelopment",119200000,"USD","2021-12-31","2021-12-31"
"FI","INCOME STATEMENT","RUSSEL 2000","DIOD","researchAndDevelopment",126316000,"USD","2022-12-31","2022-12-31"
"FI","INCOME STATEMENT","RUSSEL 2000","DIOD","researchAndDevelopment",134868000,"USD","2023-12-31","2023-12-31"
"FI","INCOME STATEMENT","RUSSEL 2000","DIOD","taxEffectOfUnusualItems",-239390.343594,"USD","2024-09-30","2024-09-30"
"FI","INCOME STATEMENT","RUSSEL 2000","DIOD","taxEffectOfUnusualItems",-1371475,"USD","2020-12-31","2020-12-31"
"FI","INCOME STATEMENT","RUSSEL 2000","DIOD","taxEffectOfUnusualItems",6416250,"USD","2021-12-31","2021-12-31"
"FI","INCOME STATEMENT","RUSSEL 2000","DIOD","taxEffectOfUnusualItems",-1535963,"USD","2022-12-31","2022-12-31"
"FI","INCOME STATEMENT","RUSSEL 2000","DIOD","taxEffectOfUnusualItems",2289050,"USD","2023-12-31","2023-12-31"
"FI","INCOME STATEMENT","RUSSEL 2000","DIOD","ebit",80611000,"USD","2024-09-30","2024-09-30"
"FI","INCOME STATEMENT","RUSSEL 2000","DIOD","ebit",132003000,"USD","2020-12-31","2020-12-31"
"FI","INCOME STATEMENT","RUSSEL 2000","DIOD","ebit",322586000,"USD","2021-12-31","2021-12-31"
"FI","INCOME STATEMENT","RUSSEL 2000","DIOD","ebit",404260000,"USD","2022-12-31","2022-12-31"
"FI","INCOME STATEMENT","RUSSEL 2000","DIOD","ebit",283633000,"USD","2023-12-31","2023-12-31"
"FI","INCOME STATEMENT","RUSSEL 2000","DIOD","dilutedNIAvailtoComStockholders",61075000,"USD","2024-09-30","2024-09-30"
"FI","INCOME STATEMENT","RUSSEL 2000","DIOD","dilutedNIAvailtoComStockholders",98088000,"USD","2020-12-31","2020-12-31"
"FI","INCOME STATEMENT","RUSSEL 2000","DIOD","dilutedNIAvailtoComStockholders",228763000,"USD","2021-12-31","2021-12-31"
"FI","INCOME STATEMENT","RUSSEL 2000","DIOD","dilutedNIAvailtoComStockholders",331283000,"USD","2022-12-31","2022-12-31"
"FI","INCOME STATEMENT","RUSSEL 2000","DIOD","dilutedNIAvailtoComStockholders",227182000,"USD","2023-12-31","2023-12-31"
"FI","INCOME STATEMENT","RUSSEL 2000","DIOD","totalUnusualItems",-1491000,"USD","2024-09-30","2024-09-30"
"FI","INCOME STATEMENT","RUSSEL 2000","DIOD","totalUnusualItems",-7837000,"USD","2020-12-31","2020-12-31"
"FI","INCOME STATEMENT","RUSSEL 2000","DIOD","totalUnusualItems",25665000,"USD","2021-12-31","2021-12-31"
"FI","INCOME STATEMENT","RUSSEL 2000","DIOD","totalUnusualItems",-10741000,"USD","2022-12-31","2022-12-31"
"FI","INCOME STATEMENT","RUSSEL 2000","DIOD","totalUnusualItems",13465000,"USD","2023-12-31","2023-12-31"
"FI","INCOME STATEMENT","RUSSEL 2000","DIOD","interestIncomeNonOperating",18218000,"USD","2024-09-30","2024-09-30"
"FI","INCOME STATEMENT","RUSSEL 2000","DIOD","interestIncomeNonOperating",1066000,"USD","2020-12-31","2020-12-31"
"FI","INCOME STATEMENT","RUSSEL 2000","DIOD","interestIncomeNonOperating",3139000,"USD","2021-12-31","2021-12-31"
"FI","INCOME STATEMENT","RUSSEL 2000","DIOD","interestIncomeNonOperating",3672000,"USD","2022-12-31","2022-12-31"
"FI","INCOME STATEMENT","RUSSEL 2000","DIOD","interestIncomeNonOperating",13338000,"USD","2023-12-31","2023-12-31"
"FI","INCOME STATEMENT","RUSSEL 2000","DIOD","totalExpenses",1235799000,"USD","2024-09-30","2024-09-30"
"FI","INCOME STATEMENT","RUSSEL 2000","DIOD","totalExpenses",1094777000,"USD","2020-12-31","2020-12-31"
"FI","INCOME STATEMENT","RUSSEL 2000","DIOD","totalExpenses",1528931000,"USD","2021-12-31","2021-12-31"
"FI","INCOME STATEMENT","RUSSEL 2000","DIOD","totalExpenses",1596038000,"USD","2022-12-31","2022-12-31"
"FI","INCOME STATEMENT","RUSSEL 2000","DIOD","totalExpenses",1411630000,"USD","2023-12-31","2023-12-31"
"FI","INCOME STATEMENT","RUSSEL 2000","DIOD","dilutedAverageShares",46372500,"USD","2024-09-30","2024-09-30"
"FI","INCOME STATEMENT","RUSSEL 2000","DIOD","dilutedAverageShares",52133000,"USD","2020-12-31","2020-12-31"
"FI","INCOME STATEMENT","RUSSEL 2000","DIOD","dilutedAverageShares",45781000,"USD","2021-12-31","2021-12-31"
"FI","INCOME STATEMENT","RUSSEL 2000","DIOD","dilutedAverageShares",46036000,"USD","2022-12-31","2022-12-31"
"FI","INCOME STATEMENT","RUSSEL 2000","DIOD","dilutedAverageShares",46311000,"USD","2023-12-31","2023-12-31"
"FI","INCOME STATEMENT","RUSSEL 2000","DIOD","dilutedAverageShares",46304500,"USD","2023-09-30","2023-09-30"
"FI","INCOME STATEMENT","RUSSEL 2000","DIOD","dilutedAverageShares",46342000,"USD","2024-03-31","2024-03-31"
"FI","INCOME STATEMENT","RUSSEL 2000","DIOD","dilutedAverageShares",46339500,"USD","2024-06-30","2024-06-30"
"FI","INCOME STATEMENT","RUSSEL 2000","DIOD","sellingGeneralAndAdministration",228074000,"USD","2024-09-30","2024-09-30"
"FI","INCOME STATEMENT","RUSSEL 2000","DIOD","sellingGeneralAndAdministration",185067000,"USD","2020-12-31","2020-12-31"
"FI","INCOME STATEMENT","RUSSEL 2000","DIOD","sellingGeneralAndAdministration",257710000,"USD","2021-12-31","2021-12-31"
"FI","INCOME STATEMENT","RUSSEL 2000","DIOD","sellingGeneralAndAdministration",280877000,"USD","2022-12-31","2022-12-31"
"FI","INCOME STATEMENT","RUSSEL 2000","DIOD","sellingGeneralAndAdministration",257939000,"USD","2023-12-31","2023-12-31"
"FI","INCOME STATEMENT","RUSSEL 2000","DIOD","normalizedEBITDA",218995000,"USD","2024-09-30","2024-09-30"
"FI","INCOME STATEMENT","RUSSEL 2000","DIOD","normalizedEBITDA",247847000,"USD","2020-12-31","2020-12-31"
"FI","INCOME STATEMENT","RUSSEL 2000","DIOD","normalizedEBITDA",419356000,"USD","2021-12-31","2021-12-31"
"FI","INCOME STATEMENT","RUSSEL 2000","DIOD","normalizedEBITDA",542760000,"USD","2022-12-31","2022-12-31"
"FI","INCOME STATEMENT","RUSSEL 2000","DIOD","normalizedEBITDA",407498000,"USD","2023-12-31","2023-12-31"
"FI","INCOME STATEMENT","RUSSEL 2000","DIOD","netIncomeCommonStockholders",61075000,"USD","2024-09-30","2024-09-30"
"FI","INCOME STATEMENT","RUSSEL 2000","DIOD","netIncomeCommonStockholders",98088000,"USD","2020-12-31","2020-12-31"
"FI","INCOME STATEMENT","RUSSEL 2000","DIOD","netIncomeCommonStockholders",228763000,"USD","2021-12-31","2021-12-31"
"FI","INCOME STATEMENT","RUSSEL 2000","DIOD","netIncomeCommonStockholders",331283000,"USD","2022-12-31","2022-12-31"
"FI","INCOME STATEMENT","RUSSEL 2000","DIOD","netIncomeCommonStockholders",227182000,"USD","2023-12-31","2023-12-31"
"FI","INCOME STATEMENT","RUSSEL 2000","DIOD","dilutedEPS",1.32,"USD","2024-09-30","2024-09-30"
"FI","INCOME STATEMENT","RUSSEL 2000","DIOD","dilutedEPS",1.88,"USD","2020-12-31","2020-12-31"
"FI","INCOME STATEMENT","RUSSEL 2000","DIOD","dilutedEPS",5,"USD","2021-12-31","2021-12-31"
"FI","INCOME STATEMENT","RUSSEL 2000","DIOD","dilutedEPS",7.2,"USD","2022-12-31","2022-12-31"
"FI","INCOME STATEMENT","RUSSEL 2000","DIOD","dilutedEPS",4.91,"USD","2023-12-31","2023-12-31"
"FI","INCOME STATEMENT","RUSSEL 2000","DIOD","dilutedEPS",6.35,"USD","2023-09-30","2023-09-30"
"FI","INCOME STATEMENT","RUSSEL 2000","DIOD","dilutedEPS",3.67,"USD","2024-03-31","2024-03-31"
"FI","INCOME STATEMENT","RUSSEL 2000","DIOD","dilutedEPS",2.08,"USD","2024-06-30","2024-06-30"
"FI","INCOME STATEMENT","RUSSEL 2000","DIOD","basicAverageShares",46109000,"USD","2024-09-30","2024-09-30"
"FI","INCOME STATEMENT","RUSSEL 2000","DIOD","basicAverageShares",51004000,"USD","2020-12-31","2020-12-31"
"FI","INCOME STATEMENT","RUSSEL 2000","DIOD","basicAverageShares",44772000,"USD","2021-12-31","2021-12-31"
"FI","INCOME STATEMENT","RUSSEL 2000","DIOD","basicAverageShares",45330000,"USD","2022-12-31","2022-12-31"
"FI","INCOME STATEMENT","RUSSEL 2000","DIOD","basicAverageShares",45803000,"USD","2023-12-31","2023-12-31"
"FI","INCOME STATEMENT","RUSSEL 2000","DIOD","basicAverageShares",45686250,"USD","2023-09-30","2023-09-30"
"FI","INCOME STATEMENT","RUSSEL 2000","DIOD","basicAverageShares",45911000,"USD","2024-03-31","2024-03-31"
"FI","INCOME STATEMENT","RUSSEL 2000","DIOD","basicAverageShares",46011000,"USD","2024-06-30","2024-06-30"
"FI","BALANCE SHEET","RUSSEL 2000","DIOD","currentDebt",162423000,"USD","2020-12-31","2020-12-31"
"FI","BALANCE SHEET","RUSSEL 2000","DIOD","currentDebt",35449000,"USD","2021-12-31","2021-12-31"
"FI","BALANCE SHEET","RUSSEL 2000","DIOD","currentDebt",37973000,"USD","2022-12-31","2022-12-31"
"FI","BALANCE SHEET","RUSSEL 2000","DIOD","currentDebt",45104000,"USD","2023-12-31","2023-12-31"
"FI","BALANCE SHEET","RUSSEL 2000","DIOD","totalCapitalization",1251999000,"USD","2020-12-31","2020-12-31"
"FI","BALANCE SHEET","RUSSEL 2000","DIOD","totalCapitalization",1502816000,"USD","2021-12-31","2021-12-31"
"FI","BALANCE SHEET","RUSSEL 2000","DIOD","totalCapitalization",1661115000,"USD","2022-12-31","2022-12-31"
"FI","BALANCE SHEET","RUSSEL 2000","DIOD","totalCapitalization",1757720000,"USD","2023-12-31","2023-12-31"
"FI","BALANCE SHEET","RUSSEL 2000","DIOD","capitalStock",35692000,"USD","2020-12-31","2020-12-31"
"FI","BALANCE SHEET","RUSSEL 2000","DIOD","capitalStock",36195000,"USD","2021-12-31","2021-12-31"
"FI","BALANCE SHEET","RUSSEL 2000","DIOD","capitalStock",36503000,"USD","2022-12-31","2022-12-31"
"FI","BALANCE SHEET","RUSSEL 2000","DIOD","capitalStock",36819000,"USD","2023-12-31","2023-12-31"
"FI","BALANCE SHEET","RUSSEL 2000","DIOD","payables",195080000,"USD","2020-12-31","2020-12-31"
"FI","BALANCE SHEET","RUSSEL 2000","DIOD","payables",253209000,"USD","2021-12-31","2021-12-31"
"FI","BALANCE SHEET","RUSSEL 2000","DIOD","payables",183158000,"USD","2022-12-31","2022-12-31"
"FI","BALANCE SHEET","RUSSEL 2000","DIOD","payables",171938000,"USD","2023-12-31","2023-12-31"
"FI","BALANCE SHEET","RUSSEL 2000","DIOD","finishedGoods",85506000,"USD","2020-12-31","2020-12-31"
"FI","BALANCE SHEET","RUSSEL 2000","DIOD","finishedGoods",108557000,"USD","2021-12-31","2021-12-31"
"FI","BALANCE SHEET","RUSSEL 2000","DIOD","finishedGoods",96659000,"USD","2022-12-31","2022-12-31"
"FI","BALANCE SHEET","RUSSEL 2000","DIOD","finishedGoods",129802000,"USD","2023-12-31","2023-12-31"
"FI","BALANCE SHEET","RUSSEL 2000","DIOD","totalNonCurrentAssets",955470000,"USD","2020-12-31","2020-12-31"
"FI","BALANCE SHEET","RUSSEL 2000","DIOD","totalNonCurrentAssets",1006823000,"USD","2021-12-31","2021-12-31"
"FI","BALANCE SHEET","RUSSEL 2000","DIOD","totalNonCurrentAssets",1126641000,"USD","2022-12-31","2022-12-31"
"FI","BALANCE SHEET","RUSSEL 2000","DIOD","totalNonCurrentAssets",1180274000,"USD","2023-12-31","2023-12-31"
"FI","BALANCE SHEET","RUSSEL 2000","DIOD","totalLiabilitiesNetMinorityInterest",963334000,"USD","2020-12-31","2020-12-31"
"FI","BALANCE SHEET","RUSSEL 2000","DIOD","totalLiabilitiesNetMinorityInterest",891771000,"USD","2021-12-31","2021-12-31"
"FI","BALANCE SHEET","RUSSEL 2000","DIOD","totalLiabilitiesNetMinorityInterest",705393000,"USD","2022-12-31","2022-12-31"
"FI","BALANCE SHEET","RUSSEL 2000","DIOD","totalLiabilitiesNetMinorityInterest",557982000,"USD","2023-12-31","2023-12-31"
"FI","BALANCE SHEET","RUSSEL 2000","DIOD","otherNonCurrentAssets",97892000,"USD","2020-12-31","2020-12-31"
"FI","BALANCE SHEET","RUSSEL 2000","DIOD","otherNonCurrentAssets",159048000,"USD","2021-12-31","2021-12-31"
"FI","BALANCE SHEET","RUSSEL 2000","DIOD","otherNonCurrentAssets",130709000,"USD","2022-12-31","2022-12-31"
"FI","BALANCE SHEET","RUSSEL 2000","DIOD","otherNonCurrentAssets",171990000,"USD","2023-12-31","2023-12-31"
"FI","BALANCE SHEET","RUSSEL 2000","DIOD","otherNonCurrentLiabilities",4905000,"USD","2020-12-31","2020-12-31"
"FI","BALANCE SHEET","RUSSEL 2000","DIOD","otherNonCurrentLiabilities",8356000,"USD","2021-12-31","2021-12-31"
"FI","BALANCE SHEET","RUSSEL 2000","DIOD","otherNonCurrentLiabilities",13188000,"USD","2022-12-31","2022-12-31"
"FI","BALANCE SHEET","RUSSEL 2000","DIOD","otherNonCurrentLiabilities",21487000,"USD","2023-12-31","2023-12-31"
"FI","BALANCE SHEET","RUSSEL 2000","DIOD","preferredStock",0,"USD","2020-12-31","2020-12-31"
"FI","BALANCE SHEET","RUSSEL 2000","DIOD","preferredStock",0,"USD","2021-12-31","2021-12-31"
"FI","BALANCE SHEET","RUSSEL 2000","DIOD","preferredStock",0,"USD","2022-12-31","2022-12-31"
"FI","BALANCE SHEET","RUSSEL 2000","DIOD","preferredStock",0,"USD","2023-12-31","2023-12-31"
"FI","BALANCE SHEET","RUSSEL 2000","DIOD","payablesAndAccruedExpenses",287249000,"USD","2020-12-31","2020-12-31"
"FI","BALANCE SHEET","RUSSEL 2000","DIOD","payablesAndAccruedExpenses",347536000,"USD","2021-12-31","2021-12-31"
"FI","BALANCE SHEET","RUSSEL 2000","DIOD","payablesAndAccruedExpenses",301438000,"USD","2022-12-31","2022-12-31"
"FI","BALANCE SHEET","RUSSEL 2000","DIOD","payablesAndAccruedExpenses",275365000,"USD","2023-12-31","2023-12-31"
"FI","BALANCE SHEET","RUSSEL 2000","DIOD","longTermDebt",288179000,"USD","2020-12-31","2020-12-31"
"FI","BALANCE SHEET","RUSSEL 2000","DIOD","longTermDebt",265574000,"USD","2021-12-31","2021-12-31"
"FI","BALANCE SHEET","RUSSEL 2000","DIOD","longTermDebt",147470000,"USD","2022-12-31","2022-12-31"
"FI","BALANCE SHEET","RUSSEL 2000","DIOD","longTermDebt",16979000,"USD","2023-12-31","2023-12-31"
"FI","BALANCE SHEET","RUSSEL 2000","DIOD","accountsReceivable",320061000,"USD","2020-12-31","2020-12-31"
"FI","BALANCE SHEET","RUSSEL 2000","DIOD","accountsReceivable",358496000,"USD","2021-12-31","2021-12-31"
"FI","BALANCE SHEET","RUSSEL 2000","DIOD","accountsReceivable",369233000,"USD","2022-12-31","2022-12-31"
"FI","BALANCE SHEET","RUSSEL 2000","DIOD","accountsReceivable",371930000,"USD","2023-12-31","2023-12-31"
"FI","BALANCE SHEET","RUSSEL 2000","DIOD","stockholdersEquity",963820000,"USD","2020-12-31","2020-12-31"
"FI","BALANCE SHEET","RUSSEL 2000","DIOD","stockholdersEquity",1237242000,"USD","2021-12-31","2021-12-31"
"FI","BALANCE SHEET","RUSSEL 2000","DIOD","stockholdersEquity",1513645000,"USD","2022-12-31","2022-12-31"
"FI","BALANCE SHEET","RUSSEL 2000","DIOD","stockholdersEquity",1740741000,"USD","2023-12-31","2023-12-31"
"FI","BALANCE SHEET","RUSSEL 2000","DIOD","longTermCapitalLeaseObligation",27065000,"USD","2020-12-31","2020-12-31"
"FI","BALANCE SHEET","RUSSEL 2000","DIOD","longTermCapitalLeaseObligation",22314000,"USD","2021-12-31","2021-12-31"
"FI","BALANCE SHEET","RUSSEL 2000","DIOD","longTermCapitalLeaseObligation",20811000,"USD","2022-12-31","2022-12-31"
"FI","BALANCE SHEET","RUSSEL 2000","DIOD","longTermCapitalLeaseObligation",27383000,"USD","2023-12-31","2023-12-31"
"FI","BALANCE SHEET","RUSSEL 2000","DIOD","employeeBenefits",35316000,"USD","2020-12-31","2020-12-31"
"FI","BALANCE SHEET","RUSSEL 2000","DIOD","employeeBenefits",19606000,"USD","2021-12-31","2021-12-31"
"FI","BALANCE SHEET","RUSSEL 2000","DIOD","employeeBenefits",12134000,"USD","2022-12-31","2022-12-31"
"FI","BALANCE SHEET","RUSSEL 2000","DIOD","employeeBenefits",14656000,"USD","2023-12-31","2023-12-31"
"FI","BALANCE SHEET","RUSSEL 2000","DIOD","retainedEarnings",888046000,"USD","2020-12-31","2020-12-31"
"FI","BALANCE SHEET","RUSSEL 2000","DIOD","retainedEarnings",1116809000,"USD","2021-12-31","2021-12-31"
"FI","BALANCE SHEET","RUSSEL 2000","DIOD","retainedEarnings",1448092000,"USD","2022-12-31","2022-12-31"
"FI","BALANCE SHEET","RUSSEL 2000","DIOD","retainedEarnings",1675274000,"USD","2023-12-31","2023-12-31"
"FI","BALANCE SHEET","RUSSEL 2000","DIOD","currentDebtAndCapitalLeaseObligation",173235000,"USD","2020-12-31","2020-12-31"
"FI","BALANCE SHEET","RUSSEL 2000","DIOD","tradeandOtherPayablesNonCurrent",38439000,"USD","2021-12-31","2021-12-31"
"FI","BALANCE SHEET","RUSSEL 2000","DIOD","tradeandOtherPayablesNonCurrent",40381000,"USD","2022-12-31","2022-12-31"
"FI","BALANCE SHEET","RUSSEL 2000","DIOD","tradeandOtherPayablesNonCurrent",42822000,"USD","2023-12-31","2023-12-31"
"FI","BALANCE SHEET","RUSSEL 2000","DIOD","treasurySharesNumber",9259858,"USD","2020-12-31","2020-12-31"
"FI","BALANCE SHEET","RUSSEL 2000","DIOD","treasurySharesNumber",9272513,"USD","2021-12-31","2021-12-31"
"FI","BALANCE SHEET","RUSSEL 2000","DIOD","treasurySharesNumber",9281581,"USD","2022-12-31","2022-12-31"
"FI","BALANCE SHEET","RUSSEL 2000","DIOD","treasurySharesNumber",9286862,"USD","2023-12-31","2023-12-31"
"FI","BALANCE SHEET","RUSSEL 2000","DIOD","restrictedCash",52464000,"USD","2020-12-31","2020-12-31"
"FI","BALANCE SHEET","RUSSEL 2000","DIOD","restrictedCash",3219000,"USD","2021-12-31","2021-12-31"
"FI","BALANCE SHEET","RUSSEL 2000","DIOD","restrictedCash",4367000,"USD","2022-12-31","2022-12-31"
"FI","BALANCE SHEET","RUSSEL 2000","DIOD","restrictedCash",3026000,"USD","2023-12-31","2023-12-31"
"FI","CASH FLOWS","RUSSEL 2000","DIOD","endCashPosition",320529000,"USD","2020-12-31","2020-12-31"
"FI","CASH FLOWS","RUSSEL 2000","DIOD","endCashPosition",366818000,"USD","2021-12-31","2021-12-31"
"FI","CASH FLOWS","RUSSEL 2000","DIOD","endCashPosition",341099000,"USD","2022-12-31","2022-12-31"
"FI","CASH FLOWS","RUSSEL 2000","DIOD","endCashPosition",318483000,"USD","2023-12-31","2023-12-31"
"FI","CASH FLOWS","RUSSEL 2000","DIOD","endCashPosition",286235000,"USD","2024-09-30","2024-09-30"
"FI","CASH FLOWS","RUSSEL 2000","DIOD","interestPaidSupplementalData",10219000,"USD","2020-12-31","2020-12-31"
"FI","CASH FLOWS","RUSSEL 2000","DIOD","interestPaidSupplementalData",6944000,"USD","2021-12-31","2021-12-31"
"FI","CASH FLOWS","RUSSEL 2000","DIOD","interestPaidSupplementalData",7355000,"USD","2022-12-31","2022-12-31"
"FI","CASH FLOWS","RUSSEL 2000","DIOD","interestPaidSupplementalData",4607000,"USD","2023-12-31","2023-12-31"
"FI","CASH FLOWS","RUSSEL 2000","DIOD","interestPaidSupplementalData",1999000,"USD","2024-09-30","2024-09-30"
"FI","CASH FLOWS","RUSSEL 2000","DIOD","changeInAccountPayable",7422000,"USD","2020-12-31","2020-12-31"
"FI","CASH FLOWS","RUSSEL 2000","DIOD","changeInAccountPayable",55628000,"USD","2021-12-31","2021-12-31"
"FI","CASH FLOWS","RUSSEL 2000","DIOD","changeInAccountPayable",-50076000,"USD","2022-12-31","2022-12-31"
"FI","CASH FLOWS","RUSSEL 2000","DIOD","changeInAccountPayable",-2165000,"USD","2023-12-31","2023-12-31"
"FI","CASH FLOWS","RUSSEL 2000","DIOD","changeInAccountPayable",-14677000,"USD","2024-09-30","2024-09-30"
"FI","CASH FLOWS","RUSSEL 2000","DIOD","changeInOtherWorkingCapital",-2182000,"USD","2020-12-31","2020-12-31"
"FI","CASH FLOWS","RUSSEL 2000","DIOD","changeInOtherWorkingCapital",-2694000,"USD","2019-12-31","2019-12-31"
"FI","CASH FLOWS","RUSSEL 2000","DIOD","financingCashFlow",-54302000,"USD","2020-12-31","2020-12-31"
"FI","CASH FLOWS","RUSSEL 2000","DIOD","financingCashFlow",-158441000,"USD","2021-12-31","2021-12-31"
"FI","CASH FLOWS","RUSSEL 2000","DIOD","financingCashFlow",-125713000,"USD","2022-12-31","2022-12-31"
"FI","CASH FLOWS","RUSSEL 2000","DIOD","financingCashFlow",-144723000,"USD","2023-12-31","2023-12-31"
"FI","CASH FLOWS","RUSSEL 2000","DIOD","financingCashFlow",-9581000,"USD","2024-09-30","2024-09-30"
"FI","CASH FLOWS","RUSSEL 2000","DIOD","changeInPayablesAndAccruedExpense",-5135000,"USD","2020-12-31","2020-12-31"
"FI","CASH FLOWS","RUSSEL 2000","DIOD","changeInPayablesAndAccruedExpense",83525000,"USD","2021-12-31","2021-12-31"
"FI","CASH FLOWS","RUSSEL 2000","DIOD","changeInPayablesAndAccruedExpense",-26649000,"USD","2022-12-31","2022-12-31"
"FI","CASH FLOWS","RUSSEL 2000","DIOD","changeInPayablesAndAccruedExpense",-29221000,"USD","2023-12-31","2023-12-31"
"FI","CASH FLOWS","RUSSEL 2000","DIOD","changeInPayablesAndAccruedExpense",-77172000,"USD","2024-09-30","2024-09-30"
"FI","CASH FLOWS","RUSSEL 2000","DIOD","cashFlowFromContinuingInvestingActivities",-106772000,"USD","2020-12-31","2020-12-31"
"FI","CASH FLOWS","RUSSEL 2000","DIOD","cashFlowFromContinuingInvestingActivities",-144229000,"USD","2021-12-31","2021-12-31"
"FI","CASH FLOWS","RUSSEL 2000","DIOD","cashFlowFromContinuingInvestingActivities",-265263000,"USD","2022-12-31","2022-12-31"
"FI","CASH FLOWS","RUSSEL 2000","DIOD","cashFlowFromContinuingInvestingActivities",-158322000,"USD","2023-12-31","2023-12-31"
"FI","CASH FLOWS","RUSSEL 2000","DIOD","cashFlowFromContinuingInvestingActivities",-77826000,"USD","2024-09-30","2024-09-30"
"FI","CASH FLOWS","RUSSEL 2000","DIOD","commonStockIssuance",6830000,"USD","2020-12-31","2020-12-31"
"FI","CASH FLOWS","RUSSEL 2000","DIOD","commonStockIssuance",4337000,"USD","2021-12-31","2021-12-31"
"FI","CASH FLOWS","RUSSEL 2000","DIOD","commonStockIssuance",140000,"USD","2022-12-31","2022-12-31"
"FI","CASH FLOWS","RUSSEL 2000","DIOD","commonStockIssuance",0,"USD","2023-12-31","2023-12-31"
"FI","CASH FLOWS","RUSSEL 2000","DIOD","cashFlowFromContinuingFinancingActivities",-54302000,"USD","2020-12-31","2020-12-31"
"FI","CASH FLOWS","RUSSEL 2000","DIOD","cashFlowFromContinuingFinancingActivities",-158441000,"USD","2021-12-31","2021-12-31"
"FI","CASH FLOWS","RUSSEL 2000","DIOD","cashFlowFromContinuingFinancingActivities",-125713000,"USD","2022-12-31","2022-12-31"
"FI","CASH FLOWS","RUSSEL 2000","DIOD","cashFlowFromContinuingFinancingActivities",-144723000,"USD","2023-12-31","2023-12-31"
"FI","CASH FLOWS","RUSSEL 2000","DIOD","cashFlowFromContinuingFinancingActivities",-9581000,"USD","2024-09-30","2024-09-30"
"FI","CASH FLOWS","RUSSEL 2000","DIOD","issuanceOfDebt",1033846000,"USD","2020-12-31","2020-12-31"
"FI","CASH FLOWS","RUSSEL 2000","DIOD","issuanceOfDebt",579744000,"USD","2021-12-31","2021-12-31"
"FI","CASH FLOWS","RUSSEL 2000","DIOD","issuanceOfDebt",487042000,"USD","2022-12-31","2022-12-31"
"FI","CASH FLOWS","RUSSEL 2000","DIOD","issuanceOfDebt",54240000,"USD","2023-12-31","2023-12-31"
"FI","CASH FLOWS","RUSSEL 2000","DIOD","issuanceOfDebt",87030000,"USD","2024-09-30","2024-09-30"
"FI","CASH FLOWS","RUSSEL 2000","DIOD","changeInReceivables",-10501000,"USD","2020-12-31","2020-12-31"
"FI","CASH FLOWS","RUSSEL 2000","DIOD","changeInReceivables",-52721000,"USD","2021-12-31","2021-12-31"
"FI","CASH FLOWS","RUSSEL 2000","DIOD","changeInReceivables",-20163000,"USD","2022-12-31","2022-12-31"
"FI","CASH FLOWS","RUSSEL 2000","DIOD","changeInReceivables",-2611000,"USD","2023-12-31","2023-12-31"
"FI","CASH FLOWS","RUSSEL 2000","DIOD","changeInReceivables",63323000,"USD","2024-09-30","2024-09-30"
"FI","CASH FLOWS","RUSSEL 2000","DIOD","purchaseOfBusiness",-24593000,"USD","2020-12-31","2020-12-31"
"FI","CASH FLOWS","RUSSEL 2000","DIOD","purchaseOfBusiness",-157000,"USD","2021-12-31","2021-12-31"
"FI","CASH FLOWS","RUSSEL 2000","DIOD","purchaseOfBusiness",-83979000,"USD","2022-12-31","2022-12-31"
"FI","CASH FLOWS","RUSSEL 2000","DIOD","purchaseOfBusiness",-3000,"USD","2023-12-31","2023-12-31"
"FI","CASH FLOWS","RUSSEL 2000","DIOD","amortizationCashFlow",16260000,"USD","2020-12-31","2020-12-31"
"FI","CASH FLOWS","RUSSEL 2000","DIOD","amortizationCashFlow",16216000,"USD","2021-12-31","2021-12-31"
"FI","CASH FLOWS","RUSSEL 2000","DIOD","amortizationCashFlow",15610000,"USD","2022-12-31","2022-12-31"
"FI","CASH FLOWS","RUSSEL 2000","DIOD","amortizationCashFlow",15282000,"USD","2023-12-31","2023-12-31"
"FI","CASH FLOWS","RUSSEL 2000","DIOD","amortizationCashFlow",15303000,"USD","2024-09-30","2024-09-30"
"FI","CASH FLOWS","RUSSEL 2000","DIOD","changesInAccountReceivables",-10501000,"USD","2020-12-31","2020-12-31"
"FI","CASH FLOWS","RUSSEL 2000","DIOD","changesInAccountReceivables",-52721000,"USD","2021-12-31","2021-12-31"
"FI","CASH FLOWS","RUSSEL 2000","DIOD","changesInAccountReceivables",-20163000,"USD","2022-12-31","2022-12-31"
"FI","CASH FLOWS","RUSSEL 2000","DIOD","changesInAccountReceivables",-2611000,"USD","2023-12-31","2023-12-31"
"FI","CASH FLOWS","RUSSEL 2000","DIOD","changesInAccountReceivables",63323000,"USD","2024-09-30","2024-09-30"
"FI","CASH FLOWS","RUSSEL 2000","DIOD","changesInCash",26146000,"USD","2020-12-31","2020-12-31"
"FI","CASH FLOWS","RUSSEL 2000","DIOD","changesInCash",35873000,"USD","2021-12-31","2021-12-31"
"FI","CASH FLOWS","RUSSEL 2000","DIOD","changesInCash",1525000,"USD","2022-12-31","2022-12-31"
"FI","CASH FLOWS","RUSSEL 2000","DIOD","changesInCash",-22131000,"USD","2023-12-31","2023-12-31"
"FI","CASH FLOWS","RUSSEL 2000","DIOD","changesInCash",-11402000,"USD","2024-09-30","2024-09-30"
"FI","CASH FLOWS","RUSSEL 2000","DIOD","amortizationOfIntangibles",16260000,"USD","2020-12-31","2020-12-31"
"FI","CASH FLOWS","RUSSEL 2000","DIOD","amortizationOfIntangibles",16216000,"USD","2021-12-31","2021-12-31"
"FI","CASH FLOWS","RUSSEL 2000","DIOD","amortizationOfIntangibles",15610000,"USD","2022-12-31","2022-12-31"
"FI","CASH FLOWS","RUSSEL 2000","DIOD","amortizationOfIntangibles",15282000,"USD","2023-12-31","2023-12-31"
"FI","CASH FLOWS","RUSSEL 2000","DIOD","amortizationOfIntangibles",15303000,"USD","2024-09-30","2024-09-30"
"FI","CASH FLOWS","RUSSEL 2000","DIOD","netIncomeFromContinuingOperations",99229000,"USD","2020-12-31","2020-12-31"
"FI","CASH FLOWS","RUSSEL 2000","DIOD","netIncomeFromContinuingOperations",236288000,"USD","2021-12-31","2021-12-31"
"FI","CASH FLOWS","RUSSEL 2000","DIOD","netIncomeFromContinuingOperations",339255000,"USD","2022-12-31","2022-12-31"
"FI","CASH FLOWS","RUSSEL 2000","DIOD","netIncomeFromContinuingOperations",230648000,"USD","2023-12-31","2023-12-31"
"FI","CASH FLOWS","RUSSEL 2000","DIOD","netIncomeFromContinuingOperations",65720000,"USD","2024-09-30","2024-09-30"
"FI","CASH FLOWS","RUSSEL 2000","DIOD","capitalExpenditure",-75813000,"USD","2020-12-31","2020-12-31"
"FI","CASH FLOWS","RUSSEL 2000","DIOD","capitalExpenditure",-141195000,"USD","2021-12-31","2021-12-31"
"FI","CASH FLOWS","RUSSEL 2000","DIOD","capitalExpenditure",-211728000,"USD","2022-12-31","2022-12-31"
"FI","CASH FLOWS","RUSSEL 2000","DIOD","capitalExpenditure",-150769000,"USD","2023-12-31","2023-12-31"
"FI","CASH FLOWS","RUSSEL 2000","DIOD","capitalExpenditure",-80625000,"USD","2024-09-30","2024-09-30"
"FI","CASH FLOWS","RUSSEL 2000","DIOD","saleOfInvestment",10277000,"USD","2020-12-31","2020-12-31"
"FI","BALANCE SHEET","RUSSEL 2000","DIOD","rawMaterials",183006000,"USD","2022-12-31","2022-12-31"
"FI","BALANCE SHEET","RUSSEL 2000","DIOD","rawMaterials",187096000,"USD","2023-12-31","2023-12-31"
"FI","BALANCE SHEET","RUSSEL 2000","DIOD","otherEquityAdjustments",-73606000,"USD","2020-12-31","2020-12-31"
"FI","BALANCE SHEET","RUSSEL 2000","DIOD","otherEquityAdjustments",-50517000,"USD","2021-12-31","2021-12-31"
"FI","BALANCE SHEET","RUSSEL 2000","DIOD","otherEquityAdjustments",-128233000,"USD","2022-12-31","2022-12-31"
"FI","BALANCE SHEET","RUSSEL 2000","DIOD","otherEquityAdjustments",-143227000,"USD","2023-12-31","2023-12-31"
"FI","BALANCE SHEET","RUSSEL 2000","DIOD","workingCapital",514225000,"USD","2020-12-31","2020-12-31"
"FI","BALANCE SHEET","RUSSEL 2000","DIOD","workingCapital",716638000,"USD","2021-12-31","2021-12-31"
"FI","BALANCE SHEET","RUSSEL 2000","DIOD","workingCapital",729141000,"USD","2022-12-31","2022-12-31"
"FI","BALANCE SHEET","RUSSEL 2000","DIOD","workingCapital",793887000,"USD","2023-12-31","2023-12-31"
"FI","BALANCE SHEET","RUSSEL 2000","DIOD","currentAccruedExpenses",92169000,"USD","2020-12-31","2020-12-31"
"FI","BALANCE SHEET","RUSSEL 2000","DIOD","currentAccruedExpenses",94327000,"USD","2021-12-31","2021-12-31"
"FI","BALANCE SHEET","RUSSEL 2000","DIOD","currentAccruedExpenses",118280000,"USD","2022-12-31","2022-12-31"
"FI","BALANCE SHEET","RUSSEL 2000","DIOD","currentAccruedExpenses",103427000,"USD","2023-12-31","2023-12-31"
"FI","BALANCE SHEET","RUSSEL 2000","DIOD","otherCurrentLiabilities",530000,"USD","2020-12-31","2020-12-31"
"FI","BALANCE SHEET","RUSSEL 2000","DIOD","otherCurrentLiabilities",3711000,"USD","2021-12-31","2021-12-31"
"FI","BALANCE SHEET","RUSSEL 2000","DIOD","otherCurrentLiabilities",3350000,"USD","2022-12-31","2022-12-31"
"FI","BALANCE SHEET","RUSSEL 2000","DIOD","otherCurrentLiabilities",137000,"USD","2023-12-31","2023-12-31"
"FI","BALANCE SHEET","RUSSEL 2000","DIOD","properties",0,"USD","2020-12-31","2020-12-31"
"FI","BALANCE SHEET","RUSSEL 2000","DIOD","properties",0,"USD","2021-12-31","2021-12-31"
"FI","BALANCE SHEET","RUSSEL 2000","DIOD","properties",0,"USD","2022-12-31","2022-12-31"
"FI","BALANCE SHEET","RUSSEL 2000","DIOD","properties",0,"USD","2023-12-31","2023-12-31"
"FI","BALANCE SHEET","RUSSEL 2000","DIOD","currentCapitalLeaseObligation",10812000,"USD","2020-12-31","2020-12-31"
"FI","BALANCE SHEET","RUSSEL 2000","DIOD","currentCapitalLeaseObligation",11214000,"USD","2021-12-31","2021-12-31"
"FI","BALANCE SHEET","RUSSEL 2000","DIOD","currentCapitalLeaseObligation",7420000,"USD","2022-12-31","2022-12-31"
"FI","BALANCE SHEET","RUSSEL 2000","DIOD","currentCapitalLeaseObligation",8892000,"USD","2023-12-31","2023-12-31"
"FI","BALANCE SHEET","RUSSEL 2000","DIOD","pensionandOtherPostRetirementBenefitPlansCurrent",48748000,"USD","2020-12-31","2020-12-31"
"FI","BALANCE SHEET","RUSSEL 2000","DIOD","pensionandOtherPostRetirementBenefitPlansCurrent",73124000,"USD","2021-12-31","2021-12-31"
"FI","BALANCE SHEET","RUSSEL 2000","DIOD","pensionandOtherPostRetirementBenefitPlansCurrent",82349000,"USD","2022-12-31","2022-12-31"
"FI","BALANCE SHEET","RUSSEL 2000","DIOD","pensionandOtherPostRetirementBenefitPlansCurrent",64000000,"USD","2023-12-31","2023-12-31"
"FI","BALANCE SHEET","RUSSEL 2000","DIOD","additionalPaidInCapital",449598000,"USD","2020-12-31","2020-12-31"
"FI","BALANCE SHEET","RUSSEL 2000","DIOD","additionalPaidInCapital",471649000,"USD","2021-12-31","2021-12-31"
"FI","BALANCE SHEET","RUSSEL 2000","DIOD","additionalPaidInCapital",494773000,"USD","2022-12-31","2022-12-31"
"FI","BALANCE SHEET","RUSSEL 2000","DIOD","additionalPaidInCapital",509861000,"USD","2023-12-31","2023-12-31"
"FI","BALANCE SHEET","RUSSEL 2000","DIOD","otherCurrentBorrowings",21860000,"USD","2020-12-31","2020-12-31"
"FI","BALANCE SHEET","RUSSEL 2000","DIOD","otherCurrentBorrowings",17381000,"USD","2021-12-31","2021-12-31"
"FI","BALANCE SHEET","RUSSEL 2000","DIOD","otherCurrentBorrowings",1693000,"USD","2022-12-31","2022-12-31"
"FI","BALANCE SHEET","RUSSEL 2000","DIOD","otherCurrentBorrowings",4419000,"USD","2023-12-31","2023-12-31"
"FI","CASH FLOWS","RUSSEL 2000","DIOD","netOtherFinancingCharges",-12619000,"USD","2020-12-31","2020-12-31"
"FI","CASH FLOWS","RUSSEL 2000","DIOD","netOtherFinancingCharges",-9858000,"USD","2021-12-31","2021-12-31"
"FI","CASH FLOWS","RUSSEL 2000","DIOD","netOtherFinancingCharges",-13582000,"USD","2022-12-31","2022-12-31"
"FI","CASH FLOWS","RUSSEL 2000","DIOD","netOtherFinancingCharges",-20320000,"USD","2023-12-31","2023-12-31"
"FI","CASH FLOWS","RUSSEL 2000","DIOD","netOtherFinancingCharges",-11816000,"USD","2024-09-30","2024-09-30"
"FI","CASH FLOWS","RUSSEL 2000","DIOD","changeInWorkingCapital",-31445000,"USD","2020-12-31","2020-12-31"
"FI","CASH FLOWS","RUSSEL 2000","DIOD","changeInWorkingCapital",-39184000,"USD","2021-12-31","2021-12-31"
"FI","CASH FLOWS","RUSSEL 2000","DIOD","changeInWorkingCapital",-81108000,"USD","2022-12-31","2022-12-31"
"FI","CASH FLOWS","RUSSEL 2000","DIOD","changeInWorkingCapital",-77587000,"USD","2023-12-31","2023-12-31"
"FI","CASH FLOWS","RUSSEL 2000","DIOD","changeInWorkingCapital",-117161000,"USD","2024-09-30","2024-09-30"
"FI","CASH FLOWS","RUSSEL 2000","DIOD","repurchaseOfCapitalStock",-296705000,"USD","2020-12-31","2020-12-31"
"FI","CASH FLOWS","RUSSEL 2000","DIOD","repurchaseOfCapitalStock",0,"USD","2021-12-31","2021-12-31"
"FI","CASH FLOWS","RUSSEL 2000","DIOD","repurchaseOfCapitalStock",0,"USD","2022-12-31","2022-12-31"
"FI","CASH FLOWS","RUSSEL 2000","DIOD","repurchaseOfCapitalStock",0,"USD","2019-12-31","2019-12-31"
"FI","CASH FLOWS","RUSSEL 2000","DIOD","saleOfBusiness",9939000,"USD","2021-12-31","2021-12-31"
"FI","CASH FLOWS","RUSSEL 2000","DIOD","saleOfBusiness",19270000,"USD","2022-12-31","2022-12-31"
"FI","CASH FLOWS","RUSSEL 2000","DIOD","saleOfBusiness",6292000,"USD","2023-12-31","2023-12-31"
"FI","CASH FLOWS","RUSSEL 2000","DIOD","deferredTax",-14456000,"USD","2020-12-31","2020-12-31"
"FI","CASH FLOWS","RUSSEL 2000","DIOD","deferredTax",21459000,"USD","2021-12-31","2021-12-31"
"FI","CASH FLOWS","RUSSEL 2000","DIOD","deferredTax",-39225000,"USD","2022-12-31","2022-12-31"
"FI","CASH FLOWS","RUSSEL 2000","DIOD","deferredTax",-13349000,"USD","2023-12-31","2023-12-31"
"FI","CASH FLOWS","RUSSEL 2000","DIOD","deferredTax",-11177000,"USD","2024-09-30","2024-09-30"
"FI","CASH FLOWS","RUSSEL 2000","DIOD","netLongTermDebtIssuance",211207000,"USD","2020-12-31","2020-12-31"
"FI","CASH FLOWS","RUSSEL 2000","DIOD","netLongTermDebtIssuance",-28410000,"USD","2021-12-31","2021-12-31"
"FI","CASH FLOWS","RUSSEL 2000","DIOD","netLongTermDebtIssuance",-133064000,"USD","2022-12-31","2022-12-31"
"FI","CASH FLOWS","RUSSEL 2000","DIOD","netLongTermDebtIssuance",-128930000,"USD","2023-12-31","2023-12-31"
"FI","CASH FLOWS","RUSSEL 2000","DIOD","netLongTermDebtIssuance",-2880000,"USD","2024-09-30","2024-09-30"
"FI","CASH FLOWS","RUSSEL 2000","DIOD","netIncome",98088000,"USD","2020-12-31","2020-12-31"
"FI","CASH FLOWS","RUSSEL 2000","DIOD","netIncome",228763000,"USD","2021-12-31","2021-12-31"
"FI","CASH FLOWS","RUSSEL 2000","DIOD","netIncome",331283000,"USD","2022-12-31","2022-12-31"
"FI","CASH FLOWS","RUSSEL 2000","DIOD","netIncome",227182000,"USD","2023-12-31","2023-12-31"
"FI","CASH FLOWS","RUSSEL 2000","DIOD","netIncome",61075000,"USD","2024-09-30","2024-09-30"
"FI","CASH FLOWS","RUSSEL 2000","DIOD","operatingGainsLosses",-1647000,"USD","2020-12-31","2020-12-31"
"FI","CASH FLOWS","RUSSEL 2000","DIOD","operatingGainsLosses",-37653000,"USD","2021-12-31","2021-12-31"
"FI","CASH FLOWS","RUSSEL 2000","DIOD","operatingGainsLosses",12599000,"USD","2022-12-31","2022-12-31"
"FI","CASH FLOWS","RUSSEL 2000","DIOD","operatingGainsLosses",-21443000,"USD","2023-12-31","2023-12-31"
"FI","CASH FLOWS","RUSSEL 2000","DIOD","operatingGainsLosses",-9195000,"USD","2024-09-30","2024-09-30"
"FI","CASH FLOWS","RUSSEL 2000","DIOD","purchaseOfPPE",-75813000,"USD","2020-12-31","2020-12-31"
"FI","CASH FLOWS","RUSSEL 2000","DIOD","purchaseOfPPE",-141195000,"USD","2021-12-31","2021-12-31"
"FI","CASH FLOWS","RUSSEL 2000","DIOD","purchaseOfPPE",-211728000,"USD","2022-12-31","2022-12-31"
"FI","CASH FLOWS","RUSSEL 2000","DIOD","purchaseOfPPE",-150769000,"USD","2023-12-31","2023-12-31"
"FI","CASH FLOWS","RUSSEL 2000","DIOD","purchaseOfPPE",-80625000,"USD","2024-09-30","2024-09-30"
"FI","CASH FLOWS","RUSSEL 2000","DIOD","beginningCashPosition",259507000,"USD","2020-12-31","2020-12-31"
"FI","CASH FLOWS","RUSSEL 2000","DIOD","beginningCashPosition",320529000,"USD","2021-12-31","2021-12-31"
"FI","CASH FLOWS","RUSSEL 2000","DIOD","beginningCashPosition",366818000,"USD","2022-12-31","2022-12-31"
"FI","CASH FLOWS","RUSSEL 2000","DIOD","beginningCashPosition",341099000,"USD","2023-12-31","2023-12-31"
"FI","CASH FLOWS","RUSSEL 2000","DIOD","beginningCashPosition",297637000,"USD","2024-09-30","2024-09-30"
"FI","CASH FLOWS","RUSSEL 2000","DIOD","otherNonCashItems",2272000,"USD","2020-12-31","2020-12-31"
"FI","CASH FLOWS","RUSSEL 2000","DIOD","otherNonCashItems",1993000,"USD","2021-12-31","2021-12-31"
"FI","CASH FLOWS","RUSSEL 2000","DIOD","otherNonCashItems",-3066000,"USD","2022-12-31","2022-12-31"
"FI","CASH FLOWS","RUSSEL 2000","DIOD","otherNonCashItems",-5596000,"USD","2023-12-31","2023-12-31"
"FI","CASH FLOWS","RUSSEL 2000","DIOD","otherNonCashItems",-12633000,"USD","2024-09-30","2024-09-30"
"FI","CASH FLOWS","RUSSEL 2000","DIOD","changeInOtherCurrentLiabilities",-2182000,"USD","2020-12-31","2020-12-31"
"FI","CASH FLOWS","RUSSEL 2000","DIOD","changeInOtherCurrentLiabilities",-1505000,"USD","2021-12-31","2021-12-31"
"FI","CASH FLOWS","RUSSEL 2000","DIOD","changeInOtherCurrentLiabilities",-6468000,"USD","2022-12-31","2022-12-31"
"FI","CASH FLOWS","RUSSEL 2000","DIOD","changeInOtherCurrentLiabilities",1163000,"USD","2023-12-31","2023-12-31"
"FI","CASH FLOWS","RUSSEL 2000","DIOD","changeInOtherCurrentLiabilities",-1147000,"USD","2024-09-30","2024-09-30"
"FI","CASH FLOWS","RUSSEL 2000","DIOD","stockBasedCompensation",25260000,"USD","2020-12-31","2020-12-31"
"FI","CASH FLOWS","RUSSEL 2000","DIOD","stockBasedCompensation",33205000,"USD","2021-12-31","2021-12-31"
"FI","CASH FLOWS","RUSSEL 2000","DIOD","stockBasedCompensation",36287000,"USD","2022-12-31","2022-12-31"
"FI","CASH FLOWS","RUSSEL 2000","DIOD","stockBasedCompensation",30911000,"USD","2023-12-31","2023-12-31"
"FI","CASH FLOWS","RUSSEL 2000","DIOD","stockBasedCompensation",23558000,"USD","2024-09-30","2024-09-30"
"FI","CASH FLOWS","RUSSEL 2000","DIOD","changeInInventory",-4560000,"USD","2020-12-31","2020-12-31"
"FI","CASH FLOWS","RUSSEL 2000","DIOD","changeInInventory",-43038000,"USD","2021-12-31","2021-12-31"
"FI","CASH FLOWS","RUSSEL 2000","DIOD","changeInInventory",-29675000,"USD","2022-12-31","2022-12-31"
"FI","CASH FLOWS","RUSSEL 2000","DIOD","changeInInventory",-28947000,"USD","2023-12-31","2023-12-31"
"FI","CASH FLOWS","RUSSEL 2000","DIOD","changeInInventory",-130007000,"USD","2024-09-30","2024-09-30"
"FI","CASH FLOWS","RUSSEL 2000","DIOD","longTermDebtIssuance",956363000,"USD","2020-12-31","2020-12-31"
"FI","CASH FLOWS","RUSSEL 2000","DIOD","longTermDebtIssuance",557882000,"USD","2021-12-31","2021-12-31"
"FI","CASH FLOWS","RUSSEL 2000","DIOD","longTermDebtIssuance",372751000,"USD","2022-12-31","2022-12-31"
"FI","CASH FLOWS","RUSSEL 2000","DIOD","longTermDebtIssuance",25204000,"USD","2023-12-31","2023-12-31"
"FI","CASH FLOWS","RUSSEL 2000","DIOD","longTermDebtIssuance",6283000,"USD","2024-09-30","2024-09-30"
"FI","CASH FLOWS","RUSSEL 2000","DIOD","netPPEPurchaseAndSale",-75581000,"USD","2020-12-31","2020-12-31"
"FI","CASH FLOWS","RUSSEL 2000","DIOD","netPPEPurchaseAndSale",-137988000,"USD","2021-12-31","2021-12-31"
"FI","CASH FLOWS","RUSSEL 2000","DIOD","netPPEPurchaseAndSale",-211310000,"USD","2022-12-31","2022-12-31"
"FI","CASH FLOWS","RUSSEL 2000","DIOD","netPPEPurchaseAndSale",-148000000,"USD","2023-12-31","2023-12-31"
"FI","CASH FLOWS","RUSSEL 2000","DIOD","netPPEPurchaseAndSale",-78845000,"USD","2024-09-30","2024-09-30"
"FI","CASH FLOWS","RUSSEL 2000","DIOD","deferredIncomeTax",-14456000,"USD","2020-12-31","2020-12-31"
"FI","CASH FLOWS","RUSSEL 2000","DIOD","deferredIncomeTax",21459000,"USD","2021-12-31","2021-12-31"
"FI","CASH FLOWS","RUSSEL 2000","DIOD","deferredIncomeTax",-39225000,"USD","2022-12-31","2022-12-31"
"FI","CASH FLOWS","RUSSEL 2000","DIOD","deferredIncomeTax",-13349000,"USD","2023-12-31","2023-12-31"
"FI","CASH FLOWS","RUSSEL 2000","DIOD","deferredIncomeTax",-11177000,"USD","2024-09-30","2024-09-30"
"FI","CASH FLOWS","RUSSEL 2000","DIOD","netBusinessPurchaseAndSale",-24593000,"USD","2020-12-31","2020-12-31"
"FI","CASH FLOWS","RUSSEL 2000","DIOD","netBusinessPurchaseAndSale",9782000,"USD","2021-12-31","2021-12-31"
"FI","CASH FLOWS","RUSSEL 2000","DIOD","netBusinessPurchaseAndSale",-64709000,"USD","2022-12-31","2022-12-31"
"FI","CASH FLOWS","RUSSEL 2000","DIOD","netBusinessPurchaseAndSale",6289000,"USD","2023-12-31","2023-12-31"
"FI","CASH FLOWS","RUSSEL 2000","DIOD","repaymentOfDebt",-785654000,"USD","2020-12-31","2020-12-31"
"FI","CASH FLOWS","RUSSEL 2000","DIOD","repaymentOfDebt",-732373000,"USD","2021-12-31","2021-12-31"
"FI","CASH FLOWS","RUSSEL 2000","DIOD","repaymentOfDebt",-599244000,"USD","2022-12-31","2022-12-31"
"FI","CASH FLOWS","RUSSEL 2000","DIOD","repaymentOfDebt",-178528000,"USD","2023-12-31","2023-12-31"
"FI","CASH FLOWS","RUSSEL 2000","DIOD","repaymentOfDebt",-84678000,"USD","2024-09-30","2024-09-30"
"FI","CASH FLOWS","RUSSEL 2000","DIOD","cashFlowFromContinuingOperatingActivities",187220000,"USD","2020-12-31","2020-12-31"
"FI","CASH FLOWS","RUSSEL 2000","DIOD","cashFlowFromContinuingOperatingActivities",338543000,"USD","2021-12-31","2021-12-31"
"FI","CASH FLOWS","RUSSEL 2000","DIOD","cashFlowFromContinuingOperatingActivities",392501000,"USD","2022-12-31","2022-12-31"
"FI","CASH FLOWS","RUSSEL 2000","DIOD","cashFlowFromContinuingOperatingActivities",280914000,"USD","2023-12-31","2023-12-31"
"FI","CASH FLOWS","RUSSEL 2000","DIOD","cashFlowFromContinuingOperatingActivities",76005000,"USD","2024-09-30","2024-09-30"
"FI","CASH FLOWS","RUSSEL 2000","DIOD","changeInCashSupplementalAsReported",61022000,"USD","2020-12-31","2020-12-31"
"FI","CASH FLOWS","RUSSEL 2000","DIOD","changeInCashSupplementalAsReported",46289000,"USD","2021-12-31","2021-12-31"
"FI","CASH FLOWS","RUSSEL 2000","DIOD","changeInCashSupplementalAsReported",-25719000,"USD","2022-12-31","2022-12-31"
"FI","CASH FLOWS","RUSSEL 2000","DIOD","changeInCashSupplementalAsReported",-22616000,"USD","2023-12-31","2023-12-31"
"FI","CASH FLOWS","RUSSEL 2000","DIOD","changeInCashSupplementalAsReported",19447000,"USD","2024-09-30","2024-09-30"
"FI","CASH FLOWS","RUSSEL 2000","DIOD","investingCashFlow",-106772000,"USD","2020-12-31","2020-12-31"
"FI","CASH FLOWS","RUSSEL 2000","DIOD","investingCashFlow",-144229000,"USD","2021-12-31","2021-12-31"
"FI","CASH FLOWS","RUSSEL 2000","DIOD","investingCashFlow",-265263000,"USD","2022-12-31","2022-12-31"
"FI","CASH FLOWS","RUSSEL 2000","DIOD","investingCashFlow",-158322000,"USD","2023-12-31","2023-12-31"
"FI","CASH FLOWS","RUSSEL 2000","DIOD","saleOfInvestment",7328000,"USD","2021-12-31","2021-12-31"
"FI","CASH FLOWS","RUSSEL 2000","DIOD","saleOfInvestment",17431000,"USD","2022-12-31","2022-12-31"
"FI","CASH FLOWS","RUSSEL 2000","DIOD","saleOfInvestment",6531000,"USD","2023-12-31","2023-12-31"
"FI","CASH FLOWS","RUSSEL 2000","DIOD","saleOfInvestment",15340000,"USD","2024-09-30","2024-09-30"
"FI","CASH FLOWS","RUSSEL 2000","DIOD","saleOfPPE",232000,"USD","2020-12-31","2020-12-31"
"FI","CASH FLOWS","RUSSEL 2000","DIOD","saleOfPPE",3207000,"USD","2021-12-31","2021-12-31"
"FI","CASH FLOWS","RUSSEL 2000","DIOD","saleOfPPE",418000,"USD","2022-12-31","2022-12-31"
"FI","CASH FLOWS","RUSSEL 2000","DIOD","saleOfPPE",2769000,"USD","2023-12-31","2023-12-31"
"FI","CASH FLOWS","RUSSEL 2000","DIOD","saleOfPPE",1780000,"USD","2024-09-30","2024-09-30"
"FI","CASH FLOWS","RUSSEL 2000","DIOD","gainLossOnInvestmentSecurities",-1766000,"USD","2020-12-31","2020-12-31"
"FI","CASH FLOWS","RUSSEL 2000","DIOD","gainLossOnInvestmentSecurities",-37896000,"USD","2021-12-31","2021-12-31"
"FI","CASH FLOWS","RUSSEL 2000","DIOD","gainLossOnInvestmentSecurities",-273000,"USD","2019-12-31","2019-12-31"
"FI","CASH FLOWS","RUSSEL 2000","DIOD","changeInTaxPayable",-3359000,"USD","2020-12-31","2020-12-31"
"FI","CASH FLOWS","RUSSEL 2000","DIOD","changeInTaxPayable",-1455000,"USD","2021-12-31","2021-12-31"
"FI","CASH FLOWS","RUSSEL 2000","DIOD","changeInTaxPayable",-8333000,"USD","2022-12-31","2022-12-31"
"FI","CASH FLOWS","RUSSEL 2000","DIOD","changeInTaxPayable",-9307000,"USD","2023-12-31","2023-12-31"
"FI","CASH FLOWS","RUSSEL 2000","DIOD","changeInTaxPayable",-27222000,"USD","2024-09-30","2024-09-30"
"FI","CASH FLOWS","RUSSEL 2000","DIOD","netShortTermDebtIssuance",36985000,"USD","2020-12-31","2020-12-31"
"FI","CASH FLOWS","RUSSEL 2000","DIOD","netShortTermDebtIssuance",-124510000,"USD","2021-12-31","2021-12-31"
"FI","CASH FLOWS","RUSSEL 2000","DIOD","netShortTermDebtIssuance",20793000,"USD","2022-12-31","2022-12-31"
"FI","CASH FLOWS","RUSSEL 2000","DIOD","netShortTermDebtIssuance",4527000,"USD","2023-12-31","2023-12-31"
"FI","CASH FLOWS","RUSSEL 2000","DIOD","netShortTermDebtIssuance",5115000,"USD","2024-09-30","2024-09-30"
"FI","CASH FLOWS","RUSSEL 2000","DIOD","shortTermDebtPayments",-40498000,"USD","2020-12-31","2020-12-31"
"FI","CASH FLOWS","RUSSEL 2000","DIOD","shortTermDebtPayments",-146372000,"USD","2021-12-31","2021-12-31"
"FI","CASH FLOWS","RUSSEL 2000","DIOD","shortTermDebtPayments",-93498000,"USD","2022-12-31","2022-12-31"
"FI","CASH FLOWS","RUSSEL 2000","DIOD","shortTermDebtPayments",-24509000,"USD","2023-12-31","2023-12-31"
"FI","CASH FLOWS","RUSSEL 2000","DIOD","shortTermDebtPayments",-75632000,"USD","2024-09-30","2024-09-30"
"FI","CASH FLOWS","RUSSEL 2000","DIOD","gainLossOnSaleOfPPE",119000,"USD","2020-12-31","2020-12-31"
"FI","CASH FLOWS","RUSSEL 2000","DIOD","gainLossOnSaleOfPPE",243000,"USD","2021-12-31","2021-12-31"
"FI","CASH FLOWS","RUSSEL 2000","DIOD","gainLossOnSaleOfPPE",-3626000,"USD","2022-12-31","2022-12-31"
"FI","CASH FLOWS","RUSSEL 2000","DIOD","gainLossOnSaleOfPPE",-2045000,"USD","2023-12-31","2023-12-31"
"FI","CASH FLOWS","RUSSEL 2000","DIOD","gainLossOnSaleOfPPE",-6016000,"USD","2024-09-30","2024-09-30"
"FI","CASH FLOWS","RUSSEL 2000","DIOD","investingCashFlow",-77826000,"USD","2024-09-30","2024-09-30"
"FI","CASH FLOWS","RUSSEL 2000","DIOD","changeInPrepaidAssets",-9067000,"USD","2020-12-31","2020-12-31"
"FI","CASH FLOWS","RUSSEL 2000","DIOD","changeInPrepaidAssets",-25445000,"USD","2021-12-31","2021-12-31"
"FI","CASH FLOWS","RUSSEL 2000","DIOD","changeInPrepaidAssets",-6630000,"USD","2019-12-31","2019-12-31"
"FI","CASH FLOWS","RUSSEL 2000","DIOD","netInvestmentPurchaseAndSale",-7340000,"USD","2020-12-31","2020-12-31"
"FI","CASH FLOWS","RUSSEL 2000","DIOD","netInvestmentPurchaseAndSale",-15345000,"USD","2021-12-31","2021-12-31"
"FI","CASH FLOWS","RUSSEL 2000","DIOD","netInvestmentPurchaseAndSale",4019000,"USD","2022-12-31","2022-12-31"
"FI","CASH FLOWS","RUSSEL 2000","DIOD","netInvestmentPurchaseAndSale",-20693000,"USD","2023-12-31","2023-12-31"
"FI","CASH FLOWS","RUSSEL 2000","DIOD","netInvestmentPurchaseAndSale",-4876000,"USD","2024-09-30","2024-09-30"
"FI","CASH FLOWS","RUSSEL 2000","DIOD","depreciation",91747000,"USD","2020-12-31","2020-12-31"
"FI","CASH FLOWS","RUSSEL 2000","DIOD","depreciation",106219000,"USD","2021-12-31","2021-12-31"
"FI","CASH FLOWS","RUSSEL 2000","DIOD","depreciation",112149000,"USD","2022-12-31","2022-12-31"
"FI","CASH FLOWS","RUSSEL 2000","DIOD","depreciation",122048000,"USD","2023-12-31","2023-12-31"
"FI","CASH FLOWS","RUSSEL 2000","DIOD","depreciation",121590000,"USD","2024-09-30","2024-09-30"
"FI","CASH FLOWS","RUSSEL 2000","DIOD","shortTermDebtIssuance",77483000,"USD","2020-12-31","2020-12-31"
"FI","CASH FLOWS","RUSSEL 2000","DIOD","shortTermDebtIssuance",21862000,"USD","2021-12-31","2021-12-31"
"FI","CASH FLOWS","RUSSEL 2000","DIOD","shortTermDebtIssuance",114291000,"USD","2022-12-31","2022-12-31"
"FI","CASH FLOWS","RUSSEL 2000","DIOD","shortTermDebtIssuance",29036000,"USD","2023-12-31","2023-12-31"
"FI","CASH FLOWS","RUSSEL 2000","DIOD","shortTermDebtIssuance",80747000,"USD","2024-09-30","2024-09-30"
"FI","BALANCE SHEET","RUSSEL 2000","DIOD","currentDebtAndCapitalLeaseObligation",46663000,"USD","2021-12-31","2021-12-31"
"FI","BALANCE SHEET","RUSSEL 2000","DIOD","currentDebtAndCapitalLeaseObligation",45393000,"USD","2022-12-31","2022-12-31"
"FI","BALANCE SHEET","RUSSEL 2000","DIOD","currentDebtAndCapitalLeaseObligation",53996000,"USD","2023-12-31","2023-12-31"
"FI","BALANCE SHEET","RUSSEL 2000","DIOD","landAndImprovements",66998000,"USD","2020-12-31","2020-12-31"
"FI","BALANCE SHEET","RUSSEL 2000","DIOD","landAndImprovements",66901000,"USD","2021-12-31","2021-12-31"
"FI","BALANCE SHEET","RUSSEL 2000","DIOD","landAndImprovements",67846000,"USD","2022-12-31","2022-12-31"
"FI","BALANCE SHEET","RUSSEL 2000","DIOD","landAndImprovements",74218000,"USD","2023-12-31","2023-12-31"
"FI","BALANCE SHEET","RUSSEL 2000","DIOD","prepaidAssets",70193000,"USD","2020-12-31","2020-12-31"
"FI","BALANCE SHEET","RUSSEL 2000","DIOD","prepaidAssets",107194000,"USD","2021-12-31","2021-12-31"
"FI","BALANCE SHEET","RUSSEL 2000","DIOD","prepaidAssets",83999000,"USD","2022-12-31","2022-12-31"
"FI","BALANCE SHEET","RUSSEL 2000","DIOD","prepaidAssets",48833000,"USD","2019-12-31","2019-12-31"
"FI","BALANCE SHEET","RUSSEL 2000","DIOD","incomeTaxPayable",19177000,"USD","2020-12-31","2020-12-31"
"FI","BALANCE SHEET","RUSSEL 2000","DIOD","incomeTaxPayable",29682000,"USD","2021-12-31","2021-12-31"
"FI","BALANCE SHEET","RUSSEL 2000","DIOD","incomeTaxPayable",19682000,"USD","2022-12-31","2022-12-31"
"FI","BALANCE SHEET","RUSSEL 2000","DIOD","incomeTaxPayable",10459000,"USD","2023-12-31","2023-12-31"
"FI","BALANCE SHEET","RUSSEL 2000","DIOD","otherShortTermInvestments",6142000,"USD","2020-12-31","2020-12-31"
"FI","BALANCE SHEET","RUSSEL 2000","DIOD","otherShortTermInvestments",6542000,"USD","2021-12-31","2021-12-31"
"FI","BALANCE SHEET","RUSSEL 2000","DIOD","otherShortTermInvestments",7059000,"USD","2022-12-31","2022-12-31"
"FI","BALANCE SHEET","RUSSEL 2000","DIOD","otherShortTermInvestments",10174000,"USD","2023-12-31","2023-12-31"
"FI","BALANCE SHEET","RUSSEL 2000","DIOD","treasuryStock",335910000,"USD","2020-12-31","2020-12-31"
"FI","BALANCE SHEET","RUSSEL 2000","DIOD","treasuryStock",336894000,"USD","2021-12-31","2021-12-31"
"FI","BALANCE SHEET","RUSSEL 2000","DIOD","treasuryStock",337490000,"USD","2022-12-31","2022-12-31"
"FI","BALANCE SHEET","RUSSEL 2000","DIOD","treasuryStock",337986000,"USD","2023-12-31","2023-12-31"
"FI","BALANCE SHEET","RUSSEL 2000","DIOD","lineOfCredit",140563000,"USD","2020-12-31","2020-12-31"
"FI","BALANCE SHEET","RUSSEL 2000","DIOD","lineOfCredit",18068000,"USD","2021-12-31","2021-12-31"
"FI","BALANCE SHEET","RUSSEL 2000","DIOD","lineOfCredit",36280000,"USD","2022-12-31","2022-12-31"
"FI","BALANCE SHEET","RUSSEL 2000","DIOD","lineOfCredit",40685000,"USD","2023-12-31","2023-12-31"
"FI","CASH FLOWS","RUSSEL 2000","DIOD","incomeTaxPaidSupplementalData",47891000,"USD","2020-12-31","2020-12-31"
"FI","CASH FLOWS","RUSSEL 2000","DIOD","incomeTaxPaidSupplementalData",56077000,"USD","2021-12-31","2021-12-31"
"FI","CASH FLOWS","RUSSEL 2000","DIOD","incomeTaxPaidSupplementalData",88687000,"USD","2022-12-31","2022-12-31"
"FI","CASH FLOWS","RUSSEL 2000","DIOD","incomeTaxPaidSupplementalData",97668000,"USD","2023-12-31","2023-12-31"
"FI","CASH FLOWS","RUSSEL 2000","DIOD","incomeTaxPaidSupplementalData",28245000,"USD","2024-09-30","2024-09-30"
"FI","CASH FLOWS","RUSSEL 2000","DIOD","freeCashFlow",111407000,"USD","2020-12-31","2020-12-31"
"FI","CASH FLOWS","RUSSEL 2000","DIOD","freeCashFlow",197348000,"USD","2021-12-31","2021-12-31"
"FI","CASH FLOWS","RUSSEL 2000","DIOD","freeCashFlow",180773000,"USD","2022-12-31","2022-12-31"
"FI","CASH FLOWS","RUSSEL 2000","DIOD","freeCashFlow",130145000,"USD","2023-12-31","2023-12-31"
"FI","CASH FLOWS","RUSSEL 2000","DIOD","freeCashFlow",-4620000,"USD","2024-09-30","2024-09-30"
"FI","CASH FLOWS","RUSSEL 2000","DIOD","commonStockPayments",-296705000,"USD","2020-12-31","2020-12-31"
"FI","CASH FLOWS","RUSSEL 2000","DIOD","commonStockPayments",0,"USD","2021-12-31","2021-12-31"
"FI","CASH FLOWS","RUSSEL 2000","DIOD","commonStockPayments",0,"USD","2022-12-31","2022-12-31"
"FI","CASH FLOWS","RUSSEL 2000","DIOD","commonStockPayments",0,"USD","2019-12-31","2019-12-31"
"FI","CASH FLOWS","RUSSEL 2000","DIOD","netOtherInvestingChanges",742000,"USD","2020-12-31","2020-12-31"
"FI","CASH FLOWS","RUSSEL 2000","DIOD","netOtherInvestingChanges",-678000,"USD","2021-12-31","2021-12-31"
"FI","CASH FLOWS","RUSSEL 2000","DIOD","netOtherInvestingChanges",6737000,"USD","2022-12-31","2022-12-31"
"FI","CASH FLOWS","RUSSEL 2000","DIOD","netOtherInvestingChanges",4082000,"USD","2023-12-31","2023-12-31"
"FI","CASH FLOWS","RUSSEL 2000","DIOD","netOtherInvestingChanges",-394000,"USD","2024-09-30","2024-09-30"
"FI","CASH FLOWS","RUSSEL 2000","DIOD","issuanceOfCapitalStock",6830000,"USD","2020-12-31","2020-12-31"
"FI","CASH FLOWS","RUSSEL 2000","DIOD","issuanceOfCapitalStock",4337000,"USD","2021-12-31","2021-12-31"
"FI","CASH FLOWS","RUSSEL 2000","DIOD","issuanceOfCapitalStock",140000,"USD","2022-12-31","2022-12-31"
"FI","CASH FLOWS","RUSSEL 2000","DIOD","issuanceOfCapitalStock",0,"USD","2023-12-31","2023-12-31"
"FI","CASH FLOWS","RUSSEL 2000","DIOD","longTermDebtPayments",-745156000,"USD","2020-12-31","2020-12-31"
"FI","CASH FLOWS","RUSSEL 2000","DIOD","longTermDebtPayments",-586001000,"USD","2021-12-31","2021-12-31"
"FI","CASH FLOWS","RUSSEL 2000","DIOD","longTermDebtPayments",-505746000,"USD","2022-12-31","2022-12-31"
"FI","CASH FLOWS","RUSSEL 2000","DIOD","longTermDebtPayments",-154019000,"USD","2023-12-31","2023-12-31"
"FI","CASH FLOWS","RUSSEL 2000","DIOD","longTermDebtPayments",-9046000,"USD","2024-09-30","2024-09-30"
"FI","CASH FLOWS","RUSSEL 2000","DIOD","effectOfExchangeRateChanges",34876000,"USD","2020-12-31","2020-12-31"
"FI","CASH FLOWS","RUSSEL 2000","DIOD","effectOfExchangeRateChanges",10416000,"USD","2021-12-31","2021-12-31"
"FI","CASH FLOWS","RUSSEL 2000","DIOD","effectOfExchangeRateChanges",-27244000,"USD","2022-12-31","2022-12-31"
"FI","CASH FLOWS","RUSSEL 2000","DIOD","effectOfExchangeRateChanges",-485000,"USD","2023-12-31","2023-12-31"
"FI","CASH FLOWS","RUSSEL 2000","DIOD","effectOfExchangeRateChanges",30849000,"USD","2024-09-30","2024-09-30"
"FI","CASH FLOWS","RUSSEL 2000","DIOD","netCommonStockIssuance",-289875000,"USD","2020-12-31","2020-12-31"
"FI","CASH FLOWS","RUSSEL 2000","DIOD","netCommonStockIssuance",4337000,"USD","2021-12-31","2021-12-31"
"FI","CASH FLOWS","RUSSEL 2000","DIOD","netCommonStockIssuance",140000,"USD","2022-12-31","2022-12-31"
"FI","CASH FLOWS","RUSSEL 2000","DIOD","netCommonStockIssuance",0,"USD","2023-12-31","2023-12-31"
"FI","CASH FLOWS","RUSSEL 2000","DIOD","depreciationAndAmortization",108007000,"USD","2020-12-31","2020-12-31"
"FI","CASH FLOWS","RUSSEL 2000","DIOD","depreciationAndAmortization",122435000,"USD","2021-12-31","2021-12-31"
"FI","CASH FLOWS","RUSSEL 2000","DIOD","depreciationAndAmortization",127759000,"USD","2022-12-31","2022-12-31"
"FI","CASH FLOWS","RUSSEL 2000","DIOD","depreciationAndAmortization",137330000,"USD","2023-12-31","2023-12-31"
"FI","CASH FLOWS","RUSSEL 2000","DIOD","depreciationAndAmortization",136893000,"USD","2024-09-30","2024-09-30"
"FI","CASH FLOWS","RUSSEL 2000","DIOD","changeInOtherCurrentAssets",-25445000,"USD","2021-12-31","2021-12-31"
"FI","CASH FLOWS","RUSSEL 2000","DIOD","changeInOtherCurrentAssets",1847000,"USD","2022-12-31","2022-12-31"
"FI","CASH FLOWS","RUSSEL 2000","DIOD","changeInOtherCurrentAssets",-17971000,"USD","2023-12-31","2023-12-31"
"FI","CASH FLOWS","RUSSEL 2000","DIOD","changeInOtherCurrentAssets",27842000,"USD","2024-09-30","2024-09-30"
"FI","CASH FLOWS","RUSSEL 2000","DIOD","changeInPayable",4063000,"USD","2020-12-31","2020-12-31"
"FI","CASH FLOWS","RUSSEL 2000","DIOD","changeInPayable",54173000,"USD","2021-12-31","2021-12-31"
"FI","CASH FLOWS","RUSSEL 2000","DIOD","changeInPayable",-58409000,"USD","2022-12-31","2022-12-31"
"FI","CASH FLOWS","RUSSEL 2000","DIOD","changeInPayable",-11472000,"USD","2023-12-31","2023-12-31"
"FI","CASH FLOWS","RUSSEL 2000","DIOD","changeInPayable",-41899000,"USD","2024-09-30","2024-09-30"
"FI","CASH FLOWS","RUSSEL 2000","DIOD","operatingCashFlow",187220000,"USD","2020-12-31","2020-12-31"
"FI","CASH FLOWS","RUSSEL 2000","DIOD","operatingCashFlow",338543000,"USD","2021-12-31","2021-12-31"
"FI","CASH FLOWS","RUSSEL 2000","DIOD","operatingCashFlow",392501000,"USD","2022-12-31","2022-12-31"
"FI","CASH FLOWS","RUSSEL 2000","DIOD","operatingCashFlow",280914000,"USD","2023-12-31","2023-12-31"
"FI","CASH FLOWS","RUSSEL 2000","DIOD","operatingCashFlow",76005000,"USD","2024-09-30","2024-09-30"
"FI","CASH FLOWS","RUSSEL 2000","DIOD","depreciationAmortizationDepletion",108007000,"USD","2020-12-31","2020-12-31"
"FI","CASH FLOWS","RUSSEL 2000","DIOD","depreciationAmortizationDepletion",122435000,"USD","2021-12-31","2021-12-31"
"FI","CASH FLOWS","RUSSEL 2000","DIOD","depreciationAmortizationDepletion",127759000,"USD","2022-12-31","2022-12-31"
"FI","CASH FLOWS","RUSSEL 2000","DIOD","depreciationAmortizationDepletion",137330000,"USD","2023-12-31","2023-12-31"
"FI","CASH FLOWS","RUSSEL 2000","DIOD","depreciationAmortizationDepletion",136893000,"USD","2024-09-30","2024-09-30"
"FI","CASH FLOWS","RUSSEL 2000","DIOD","netIssuancePaymentsOfDebt",248192000,"USD","2020-12-31","2020-12-31"
"FI","CASH FLOWS","RUSSEL 2000","DIOD","netIssuancePaymentsOfDebt",-152920000,"USD","2021-12-31","2021-12-31"
"FI","CASH FLOWS","RUSSEL 2000","DIOD","netIssuancePaymentsOfDebt",-112271000,"USD","2022-12-31","2022-12-31"
"FI","CASH FLOWS","RUSSEL 2000","DIOD","netIssuancePaymentsOfDebt",-124403000,"USD","2023-12-31","2023-12-31"
"FI","CASH FLOWS","RUSSEL 2000","DIOD","netIssuancePaymentsOfDebt",2235000,"USD","2024-09-30","2024-09-30"
"FI","CASH FLOWS","RUSSEL 2000","DIOD","changeInAccruedExpense",-9198000,"USD","2020-12-31","2020-12-31"
"FI","CASH FLOWS","RUSSEL 2000","DIOD","changeInAccruedExpense",29352000,"USD","2021-12-31","2021-12-31"
"FI","CASH FLOWS","RUSSEL 2000","DIOD","changeInAccruedExpense",31760000,"USD","2022-12-31","2022-12-31"
"FI","CASH FLOWS","RUSSEL 2000","DIOD","changeInAccruedExpense",-17749000,"USD","2023-12-31","2023-12-31"
"FI","CASH FLOWS","RUSSEL 2000","DIOD","changeInAccruedExpense",-35273000,"USD","2024-09-30","2024-09-30"
"FI","CASH FLOWS","RUSSEL 2000","DIOD","purchaseOfInvestment",-17617000,"USD","2020-12-31","2020-12-31"
"FI","CASH FLOWS","RUSSEL 2000","DIOD","purchaseOfInvestment",-22673000,"USD","2021-12-31","2021-12-31"
"FI","CASH FLOWS","RUSSEL 2000","DIOD","purchaseOfInvestment",-13412000,"USD","2022-12-31","2022-12-31"
"FI","CASH FLOWS","RUSSEL 2000","DIOD","purchaseOfInvestment",-27224000,"USD","2023-12-31","2023-12-31"
"FI","CASH FLOWS","RUSSEL 2000","DIOD","purchaseOfInvestment",-20216000,"USD","2024-09-30","2024-09-30"
"FI","CASH FLOWS","RUSSEL 2000","DIOD","changeInIncomeTaxPayable",-3359000,"USD","2020-12-31","2020-12-31"
"FI","CASH FLOWS","RUSSEL 2000","DIOD","changeInIncomeTaxPayable",-1455000,"USD","2021-12-31","2021-12-31"
"FI","CASH FLOWS","RUSSEL 2000","DIOD","changeInIncomeTaxPayable",-8333000,"USD","2022-12-31","2022-12-31"
"FI","CASH FLOWS","RUSSEL 2000","DIOD","changeInIncomeTaxPayable",-9307000,"USD","2023-12-31","2023-12-31"
"FI","CASH FLOWS","RUSSEL 2000","DIOD","changeInIncomeTaxPayable",-27222000,"USD","2024-09-30","2024-09-30"
