"domain","ficat","subjid","fitest","fiorres","fiorresu","fidtc","fiperiod"
"FI","INCOME STATEMENT","DIOD","Amortization",3808000,"USD","2023-09-30","3M"
"FI","INCOME STATEMENT","DIOD","Amortization",3806000,"USD","2023-12-31","3M"
"FI","INCOME STATEMENT","DIOD","Amortization",3810000,"USD","2024-03-31","3M"
"FI","INCOME STATEMENT","DIOD","Amortization",3854000,"USD","2024-06-30","3M"
"FI","INCOME STATEMENT","DIOD","Amortization",3833000,"USD","2024-09-30","3M"
"FI","INCOME STATEMENT","DIOD","Amortization",15303000,"USD","2024-09-30","TTM"
"FI","INCOME STATEMENT","DIOD","AmortizationOfIntangiblesIncomeStatement",3808000,"USD","2023-09-30","3M"
"FI","INCOME STATEMENT","DIOD","AmortizationOfIntangiblesIncomeStatement",3806000,"USD","2023-12-31","3M"
"FI","INCOME STATEMENT","DIOD","AmortizationOfIntangiblesIncomeStatement",3810000,"USD","2024-03-31","3M"
"FI","INCOME STATEMENT","DIOD","AmortizationOfIntangiblesIncomeStatement",3854000,"USD","2024-06-30","3M"
"FI","INCOME STATEMENT","DIOD","AmortizationOfIntangiblesIncomeStatement",3833000,"USD","2024-09-30","3M"
"FI","INCOME STATEMENT","DIOD","AmortizationOfIntangiblesIncomeStatement",15303000,"USD","2024-09-30","TTM"
"FI","INCOME STATEMENT","DIOD","BasicAverageShares",45936000,"USD","2023-09-30","3M"
"FI","INCOME STATEMENT","DIOD","BasicAverageShares",45686250,"USD","2023-09-30","TTM"
"FI","INCOME STATEMENT","DIOD","BasicAverageShares",45938000,"USD","2023-12-31","3M"
"FI","INCOME STATEMENT","DIOD","BasicAverageShares",45803000,"USD","2023-12-31","TTM"
"FI","INCOME STATEMENT","DIOD","BasicAverageShares",46032000,"USD","2024-03-31","3M"
"FI","INCOME STATEMENT","DIOD","BasicAverageShares",45911000,"USD","2024-03-31","TTM"
"FI","INCOME STATEMENT","DIOD","BasicAverageShares",46133000,"USD","2024-06-30","3M"
"FI","INCOME STATEMENT","DIOD","BasicAverageShares",46011000,"USD","2024-06-30","TTM"
"FI","INCOME STATEMENT","DIOD","BasicAverageShares",46331000,"USD","2024-09-30","3M"
"FI","INCOME STATEMENT","DIOD","BasicAverageShares",46109000,"USD","2024-09-30","TTM"
"FI","INCOME STATEMENT","DIOD","BasicEPS",1.06,"USD","2023-09-30","3M"
"FI","INCOME STATEMENT","DIOD","BasicEPS",6.44,"USD","2023-09-30","TTM"
"FI","INCOME STATEMENT","DIOD","BasicEPS",0.55,"USD","2023-12-31","3M"
"FI","INCOME STATEMENT","DIOD","BasicEPS",4.96,"USD","2023-12-31","TTM"
"FI","INCOME STATEMENT","DIOD","BasicEPS",0.3,"USD","2024-03-31","3M"
"FI","INCOME STATEMENT","DIOD","BasicEPS",3.7,"USD","2024-03-31","TTM"
"FI","INCOME STATEMENT","DIOD","BasicEPS",0.17,"USD","2024-06-30","3M"
"FI","INCOME STATEMENT","DIOD","BasicEPS",2.09,"USD","2024-06-30","TTM"
"FI","INCOME STATEMENT","DIOD","BasicEPS",0.3,"USD","2024-09-30","3M"
"FI","INCOME STATEMENT","DIOD","BasicEPS",1.33,"USD","2024-09-30","TTM"
"FI","INCOME STATEMENT","DIOD","CostOfRevenue",248771000,"USD","2023-09-30","3M"
"FI","INCOME STATEMENT","DIOD","CostOfRevenue",210223000,"USD","2023-12-31","3M"
"FI","INCOME STATEMENT","DIOD","CostOfRevenue",202388000,"USD","2024-03-31","3M"
"FI","INCOME STATEMENT","DIOD","CostOfRevenue",212385000,"USD","2024-06-30","3M"
"FI","INCOME STATEMENT","DIOD","CostOfRevenue",232071000,"USD","2024-09-30","3M"
"FI","INCOME STATEMENT","DIOD","CostOfRevenue",857067000,"USD","2024-09-30","TTM"
"FI","INCOME STATEMENT","DIOD","DilutedAverageShares",46320000,"USD","2023-09-30","3M"
"FI","INCOME STATEMENT","DIOD","DilutedAverageShares",46304500,"USD","2023-09-30","TTM"
"FI","INCOME STATEMENT","DIOD","DilutedAverageShares",46245000,"USD","2023-12-31","3M"
"FI","INCOME STATEMENT","DIOD","DilutedAverageShares",46311000,"USD","2023-12-31","TTM"
"FI","INCOME STATEMENT","DIOD","DilutedAverageShares",46285000,"USD","2024-03-31","3M"
"FI","INCOME STATEMENT","DIOD","DilutedAverageShares",46342000,"USD","2024-03-31","TTM"
"FI","INCOME STATEMENT","DIOD","DilutedAverageShares",46324000,"USD","2024-06-30","3M"
"FI","INCOME STATEMENT","DIOD","DilutedAverageShares",46339500,"USD","2024-06-30","TTM"
"FI","INCOME STATEMENT","DIOD","DilutedAverageShares",46442000,"USD","2024-09-30","3M"
"FI","INCOME STATEMENT","DIOD","DilutedAverageShares",46372500,"USD","2024-09-30","TTM"
"FI","INCOME STATEMENT","DIOD","GainOnSaleOfPPE",105000,"USD","2023-06-30","3M"
"FI","INCOME STATEMENT","DIOD","GainOnSaleOfPPE",0,"USD","2023-09-30","3M"
"FI","INCOME STATEMENT","DIOD","GainOnSaleOfPPE",4872000,"USD","2024-03-31","3M"
"FI","INCOME STATEMENT","DIOD","GainOnSaleOfPPE",82000,"USD","2024-06-30","3M"
"FI","INCOME STATEMENT","DIOD","GainOnSaleOfPPE",571000,"USD","2024-09-30","3M"
"FI","INCOME STATEMENT","DIOD","GainOnSaleOfPPE",7570000,"USD","2024-09-30","TTM"
"FI","INCOME STATEMENT","DIOD","InterestExpenseNonOperating",898000,"USD","2023-09-30","3M"
"FI","INCOME STATEMENT","DIOD","InterestExpenseNonOperating",481000,"USD","2023-12-31","3M"
"FI","INCOME STATEMENT","DIOD","InterestExpenseNonOperating",532000,"USD","2024-03-31","3M"
"FI","INCOME STATEMENT","DIOD","InterestExpenseNonOperating",852000,"USD","2024-06-30","3M"
"FI","INCOME STATEMENT","DIOD","InterestExpenseNonOperating",456000,"USD","2024-09-30","3M"
"FI","INCOME STATEMENT","DIOD","InterestExpenseNonOperating",2321000,"USD","2024-09-30","TTM"
"FI","INCOME STATEMENT","DIOD","InterestIncome",4507000,"USD","2023-09-30","3M"
"FI","INCOME STATEMENT","DIOD","InterestIncome",4835000,"USD","2023-12-31","3M"
"FI","INCOME STATEMENT","DIOD","InterestIncome",4614000,"USD","2024-03-31","3M"
"FI","INCOME STATEMENT","DIOD","InterestIncome",4237000,"USD","2024-06-30","3M"
"FI","INCOME STATEMENT","DIOD","InterestIncome",4532000,"USD","2024-09-30","3M"
"FI","INCOME STATEMENT","DIOD","InterestIncome",18218000,"USD","2024-09-30","TTM"
"FI","INCOME STATEMENT","DIOD","MinorityInterests",-1113000,"USD","2023-09-30","3M"
"FI","INCOME STATEMENT","DIOD","MinorityInterests",185000,"USD","2023-12-31","3M"
"FI","INCOME STATEMENT","DIOD","MinorityInterests",-1231000,"USD","2024-03-31","3M"
"FI","INCOME STATEMENT","DIOD","MinorityInterests",-2161000,"USD","2024-06-30","3M"
"FI","INCOME STATEMENT","DIOD","MinorityInterests",-1438000,"USD","2024-09-30","3M"
"FI","INCOME STATEMENT","DIOD","MinorityInterests",-4645000,"USD","2024-09-30","TTM"
"FI","INCOME STATEMENT","DIOD","NetInterestIncome",3609000,"USD","2023-09-30","3M"
"FI","INCOME STATEMENT","DIOD","NetInterestIncome",4354000,"USD","2023-12-31","3M"
"FI","INCOME STATEMENT","DIOD","NetInterestIncome",4082000,"USD","2024-03-31","3M"
"FI","INCOME STATEMENT","DIOD","NetInterestIncome",3385000,"USD","2024-06-30","3M"
"FI","INCOME STATEMENT","DIOD","NetInterestIncome",4076000,"USD","2024-09-30","3M"
"FI","INCOME STATEMENT","DIOD","NetInterestIncome",15897000,"USD","2024-09-30","TTM"
"FI","INCOME STATEMENT","DIOD","OtherIncomeExpense",458000,"USD","2023-09-30","3M"
"FI","INCOME STATEMENT","DIOD","OtherIncomeExpense",5849000,"USD","2023-12-31","3M"
"FI","INCOME STATEMENT","DIOD","OtherIncomeExpense",6648000,"USD","2024-03-31","3M"
"FI","INCOME STATEMENT","DIOD","OtherIncomeExpense",-2457000,"USD","2024-06-30","3M"
"FI","INCOME STATEMENT","DIOD","OtherIncomeExpense",-6369000,"USD","2024-09-30","3M"
"FI","INCOME STATEMENT","DIOD","OtherIncomeExpense",3671000,"USD","2024-09-30","TTM"
"FI","INCOME STATEMENT","DIOD","OtherOperatingExpenses",-13000,"USD","2023-06-30","3M"
"FI","INCOME STATEMENT","DIOD","OtherOperatingExpenses",-1404000,"USD","2023-09-30","3M"
"FI","INCOME STATEMENT","DIOD","OtherOperatingExpenses",1554000,"USD","2023-12-31","3M"
"FI","INCOME STATEMENT","DIOD","OtherOperatingExpenses",-1000,"USD","2024-03-31","3M"
"FI","INCOME STATEMENT","DIOD","OtherOperatingExpenses",1000,"USD","2024-09-30","3M"
"FI","INCOME STATEMENT","DIOD","ReconciledDepreciation",34817000,"USD","2023-09-30","3M"
"FI","INCOME STATEMENT","DIOD","ReconciledDepreciation",34634000,"USD","2023-12-31","3M"
"FI","INCOME STATEMENT","DIOD","ReconciledDepreciation",34841000,"USD","2024-03-31","3M"
"FI","INCOME STATEMENT","DIOD","ReconciledDepreciation",33784000,"USD","2024-06-30","3M"
"FI","INCOME STATEMENT","DIOD","ReconciledDepreciation",33634000,"USD","2024-09-30","3M"
"FI","INCOME STATEMENT","DIOD","ReconciledDepreciation",136893000,"USD","2024-09-30","TTM"
"FI","INCOME STATEMENT","DIOD","TaxRateForCalcs",0.176409,"USD","2023-09-30","3M"
"FI","INCOME STATEMENT","DIOD","TaxRateForCalcs",0.099397,"USD","2023-12-31","3M"
"FI","INCOME STATEMENT","DIOD","TaxRateForCalcs",0.188,"USD","2024-03-31","3M"
"FI","INCOME STATEMENT","DIOD","TaxRateForCalcs",0.206,"USD","2024-06-30","3M"
"FI","INCOME STATEMENT","DIOD","TaxRateForCalcs",0.19248,"USD","2024-09-30","3M"
"FI","INCOME STATEMENT","DIOD","TaxRateForCalcs",0.160557,"USD","2024-09-30","TTM"
"FI","INCOME STATEMENT","DIOD","TotalExpenses",348207000,"USD","2023-09-30","3M"
"FI","INCOME STATEMENT","DIOD","TotalExpenses",305024000,"USD","2023-12-31","3M"
"FI","INCOME STATEMENT","DIOD","TotalExpenses",293896000,"USD","2024-03-31","3M"
"FI","INCOME STATEMENT","DIOD","TotalExpenses",307895000,"USD","2024-06-30","3M"
"FI","INCOME STATEMENT","DIOD","TotalExpenses",328984000,"USD","2024-09-30","3M"
"FI","INCOME STATEMENT","DIOD","TotalExpenses",1235799000,"USD","2024-09-30","TTM"
"FI","INCOME STATEMENT","DIOD","TotalUnusualItems",-851000,"USD","2023-09-30","3M"
"FI","INCOME STATEMENT","DIOD","TotalUnusualItems",2365000,"USD","2023-12-31","3M"
"FI","INCOME STATEMENT","DIOD","TotalUnusualItems",6214000,"USD","2024-03-31","3M"
"FI","INCOME STATEMENT","DIOD","TotalUnusualItems",-3019000,"USD","2024-06-30","3M"
"FI","INCOME STATEMENT","DIOD","TotalUnusualItems",-7051000,"USD","2024-09-30","3M"
"FI","INCOME STATEMENT","DIOD","TotalUnusualItems",-1491000,"USD","2024-09-30","TTM"
"FI","BALANCE SHEET","DIOD","AccountsReceivable",414188000,"USD","2023-09-30","3M"
"FI","BALANCE SHEET","DIOD","AccountsReceivable",371930000,"USD","2023-12-31","3M"
"FI","BALANCE SHEET","DIOD","AccountsReceivable",391508000,"USD","2024-03-31","3M"
"FI","BALANCE SHEET","DIOD","AccountsReceivable",384965000,"USD","2024-06-30","3M"
"FI","BALANCE SHEET","DIOD","AccountsReceivable",358938000,"USD","2024-09-30","3M"
"FI","BALANCE SHEET","DIOD","AccumulatedDepreciation",-1004270000,"USD","2023-12-31","3M"
"FI","BALANCE SHEET","DIOD","CashCashEquivalentsAndShortTermInvestments",304917000,"USD","2023-09-30","3M"
"FI","BALANCE SHEET","DIOD","CashCashEquivalentsAndShortTermInvestments",325631000,"USD","2023-12-31","3M"
"FI","BALANCE SHEET","DIOD","CashCashEquivalentsAndShortTermInvestments",275984000,"USD","2024-03-31","3M"
"FI","BALANCE SHEET","DIOD","CashCashEquivalentsAndShortTermInvestments",273897000,"USD","2024-06-30","3M"
"FI","BALANCE SHEET","DIOD","CashCashEquivalentsAndShortTermInvestments",319327000,"USD","2024-09-30","3M"
"FI","BALANCE SHEET","DIOD","CommonStock",36817000,"USD","2023-09-30","3M"
"FI","BALANCE SHEET","DIOD","CommonStock",36819000,"USD","2023-12-31","3M"
"FI","BALANCE SHEET","DIOD","CommonStock",36936000,"USD","2024-03-31","3M"
"FI","BALANCE SHEET","DIOD","CommonStock",36958000,"USD","2024-06-30","3M"
"FI","BALANCE SHEET","DIOD","CommonStock",37082000,"USD","2024-09-30","3M"
"FI","BALANCE SHEET","DIOD","CommonStockEquity",1689662000,"USD","2023-09-30","3M"
"FI","BALANCE SHEET","DIOD","CommonStockEquity",1740741000,"USD","2023-12-31","3M"
"FI","BALANCE SHEET","DIOD","CommonStockEquity",1748590000,"USD","2024-03-31","3M"
"FI","BALANCE SHEET","DIOD","CommonStockEquity",1774355000,"USD","2024-06-30","3M"
"FI","BALANCE SHEET","DIOD","CommonStockEquity",1811584000,"USD","2024-09-30","3M"
"FI","BALANCE SHEET","DIOD","EmployeeBenefits",14656000,"USD","2023-12-31","3M"
"FI","INCOME STATEMENT","DIOD","DepreciationAndAmortizationInIncomeStatement",3808000,"USD","2023-09-30","3M"
"FI","INCOME STATEMENT","DIOD","DepreciationAndAmortizationInIncomeStatement",3806000,"USD","2023-12-31","3M"
"FI","INCOME STATEMENT","DIOD","DepreciationAndAmortizationInIncomeStatement",3810000,"USD","2024-03-31","3M"
"FI","INCOME STATEMENT","DIOD","DepreciationAndAmortizationInIncomeStatement",3854000,"USD","2024-06-30","3M"
"FI","INCOME STATEMENT","DIOD","DepreciationAndAmortizationInIncomeStatement",3833000,"USD","2024-09-30","3M"
"FI","INCOME STATEMENT","DIOD","DepreciationAndAmortizationInIncomeStatement",15303000,"USD","2024-09-30","TTM"
"FI","INCOME STATEMENT","DIOD","DilutedNIAvailtoComStockholders",48720000,"USD","2023-09-30","3M"
"FI","INCOME STATEMENT","DIOD","DilutedNIAvailtoComStockholders",25292000,"USD","2023-12-31","3M"
"FI","INCOME STATEMENT","DIOD","DilutedNIAvailtoComStockholders",14038000,"USD","2024-03-31","3M"
"FI","INCOME STATEMENT","DIOD","DilutedNIAvailtoComStockholders",8000000,"USD","2024-06-30","3M"
"FI","INCOME STATEMENT","DIOD","DilutedNIAvailtoComStockholders",13745000,"USD","2024-09-30","3M"
"FI","INCOME STATEMENT","DIOD","DilutedNIAvailtoComStockholders",61075000,"USD","2024-09-30","TTM"
"FI","INCOME STATEMENT","DIOD","EBIT",61405000,"USD","2023-09-30","3M"
"FI","INCOME STATEMENT","DIOD","EBIT",28359000,"USD","2023-12-31","3M"
"FI","INCOME STATEMENT","DIOD","EBIT",19338000,"USD","2024-03-31","3M"
"FI","INCOME STATEMENT","DIOD","EBIT",13656000,"USD","2024-06-30","3M"
"FI","INCOME STATEMENT","DIOD","EBIT",19258000,"USD","2024-09-30","3M"
"FI","INCOME STATEMENT","DIOD","EBIT",80611000,"USD","2024-09-30","TTM"
"FI","INCOME STATEMENT","DIOD","GrossProfit",155876000,"USD","2023-09-30","3M"
"FI","INCOME STATEMENT","DIOD","GrossProfit",112476000,"USD","2023-12-31","3M"
"FI","INCOME STATEMENT","DIOD","GrossProfit",99584000,"USD","2024-03-31","3M"
"FI","INCOME STATEMENT","DIOD","GrossProfit",107386000,"USD","2024-06-30","3M"
"FI","INCOME STATEMENT","DIOD","GrossProfit",118008000,"USD","2024-09-30","3M"
"FI","INCOME STATEMENT","DIOD","GrossProfit",437454000,"USD","2024-09-30","TTM"
"FI","INCOME STATEMENT","DIOD","InterestExpense",898000,"USD","2023-09-30","3M"
"FI","INCOME STATEMENT","DIOD","InterestExpense",481000,"USD","2023-12-31","3M"
"FI","INCOME STATEMENT","DIOD","InterestExpense",532000,"USD","2024-03-31","3M"
"FI","INCOME STATEMENT","DIOD","InterestExpense",852000,"USD","2024-06-30","3M"
"FI","INCOME STATEMENT","DIOD","InterestExpense",456000,"USD","2024-09-30","3M"
"FI","INCOME STATEMENT","DIOD","InterestExpense",2321000,"USD","2024-09-30","TTM"
"FI","INCOME STATEMENT","DIOD","NetIncome",48720000,"USD","2023-09-30","3M"
"FI","INCOME STATEMENT","DIOD","NetIncome",25292000,"USD","2023-12-31","3M"
"FI","INCOME STATEMENT","DIOD","NetIncome",14038000,"USD","2024-03-31","3M"
"FI","INCOME STATEMENT","DIOD","NetIncome",8000000,"USD","2024-06-30","3M"
"FI","INCOME STATEMENT","DIOD","NetIncome",13745000,"USD","2024-09-30","3M"
"FI","INCOME STATEMENT","DIOD","NetIncome",61075000,"USD","2024-09-30","TTM"
"FI","INCOME STATEMENT","DIOD","NetIncomeCommonStockholders",48720000,"USD","2023-09-30","3M"
"FI","INCOME STATEMENT","DIOD","NetIncomeCommonStockholders",25292000,"USD","2023-12-31","3M"
"FI","INCOME STATEMENT","DIOD","NetIncomeCommonStockholders",14038000,"USD","2024-03-31","3M"
"FI","INCOME STATEMENT","DIOD","NetIncomeCommonStockholders",8000000,"USD","2024-06-30","3M"
"FI","INCOME STATEMENT","DIOD","NetIncomeCommonStockholders",13745000,"USD","2024-09-30","3M"
"FI","INCOME STATEMENT","DIOD","NetIncomeCommonStockholders",61075000,"USD","2024-09-30","TTM"
"FI","INCOME STATEMENT","DIOD","NetIncomeFromContinuingAndDiscontinuedOperation",48720000,"USD","2023-09-30","3M"
"FI","INCOME STATEMENT","DIOD","NetIncomeFromContinuingAndDiscontinuedOperation",25292000,"USD","2023-12-31","3M"
"FI","INCOME STATEMENT","DIOD","NetIncomeFromContinuingAndDiscontinuedOperation",14038000,"USD","2024-03-31","3M"
"FI","INCOME STATEMENT","DIOD","NetIncomeFromContinuingAndDiscontinuedOperation",8000000,"USD","2024-06-30","3M"
"FI","INCOME STATEMENT","DIOD","NetIncomeFromContinuingAndDiscontinuedOperation",13745000,"USD","2024-09-30","3M"
"FI","INCOME STATEMENT","DIOD","NetIncomeFromContinuingAndDiscontinuedOperation",61075000,"USD","2024-09-30","TTM"
"FI","INCOME STATEMENT","DIOD","NetIncomeFromContinuingOperationNetMinorityInterest",48720000,"USD","2023-09-30","3M"
"FI","INCOME STATEMENT","DIOD","NetIncomeFromContinuingOperationNetMinorityInterest",25292000,"USD","2023-12-31","3M"
"FI","INCOME STATEMENT","DIOD","NetIncomeFromContinuingOperationNetMinorityInterest",14038000,"USD","2024-03-31","3M"
"FI","INCOME STATEMENT","DIOD","NetIncomeFromContinuingOperationNetMinorityInterest",8000000,"USD","2024-06-30","3M"
"FI","INCOME STATEMENT","DIOD","NetIncomeFromContinuingOperationNetMinorityInterest",13745000,"USD","2024-09-30","3M"
"FI","INCOME STATEMENT","DIOD","NetIncomeFromContinuingOperationNetMinorityInterest",61075000,"USD","2024-09-30","TTM"
"FI","INCOME STATEMENT","DIOD","NetIncomeIncludingNoncontrollingInterests",49833000,"USD","2023-09-30","3M"
"FI","INCOME STATEMENT","DIOD","NetIncomeIncludingNoncontrollingInterests",25107000,"USD","2023-12-31","3M"
"FI","INCOME STATEMENT","DIOD","NetIncomeIncludingNoncontrollingInterests",15269000,"USD","2024-03-31","3M"
"FI","INCOME STATEMENT","DIOD","NetIncomeIncludingNoncontrollingInterests",10161000,"USD","2024-06-30","3M"
"FI","INCOME STATEMENT","DIOD","NetIncomeIncludingNoncontrollingInterests",15183000,"USD","2024-09-30","3M"
"FI","INCOME STATEMENT","DIOD","NetIncomeIncludingNoncontrollingInterests",65720000,"USD","2024-09-30","TTM"
"FI","INCOME STATEMENT","DIOD","NormalizedIncome",49420875.650751,"USD","2023-09-30","3M"
"FI","INCOME STATEMENT","DIOD","NormalizedIncome",23162074.790157,"USD","2023-12-31","3M"
"FI","INCOME STATEMENT","DIOD","NormalizedIncome",8992232,"USD","2024-03-31","3M"
"FI","INCOME STATEMENT","DIOD","NormalizedIncome",10397086,"USD","2024-06-30","3M"
"FI","INCOME STATEMENT","DIOD","NormalizedIncome",19438826.880119,"USD","2024-09-30","3M"
"FI","INCOME STATEMENT","DIOD","NormalizedIncome",62326609.656406,"USD","2024-09-30","TTM"
"FI","INCOME STATEMENT","DIOD","OperatingExpense",99436000,"USD","2023-09-30","3M"
"FI","INCOME STATEMENT","DIOD","OperatingExpense",94801000,"USD","2023-12-31","3M"
"FI","INCOME STATEMENT","DIOD","OperatingExpense",91508000,"USD","2024-03-31","3M"
"FI","INCOME STATEMENT","DIOD","OperatingExpense",95510000,"USD","2024-06-30","3M"
"FI","INCOME STATEMENT","DIOD","OperatingExpense",96913000,"USD","2024-09-30","3M"
"FI","INCOME STATEMENT","DIOD","OperatingExpense",378732000,"USD","2024-09-30","TTM"
"FI","INCOME STATEMENT","DIOD","OperatingRevenue",404647000,"USD","2023-09-30","3M"
"FI","INCOME STATEMENT","DIOD","OperatingRevenue",322699000,"USD","2023-12-31","3M"
"FI","INCOME STATEMENT","DIOD","OperatingRevenue",301972000,"USD","2024-03-31","3M"
"FI","INCOME STATEMENT","DIOD","OperatingRevenue",319771000,"USD","2024-06-30","3M"
"FI","INCOME STATEMENT","DIOD","OperatingRevenue",350079000,"USD","2024-09-30","3M"
"FI","INCOME STATEMENT","DIOD","OperatingRevenue",1294521000,"USD","2024-09-30","TTM"
"FI","INCOME STATEMENT","DIOD","OtherNonOperatingIncomeExpenses",1309000,"USD","2023-09-30","3M"
"FI","INCOME STATEMENT","DIOD","OtherNonOperatingIncomeExpenses",3484000,"USD","2023-12-31","3M"
"FI","INCOME STATEMENT","DIOD","OtherNonOperatingIncomeExpenses",434000,"USD","2024-03-31","3M"
"FI","INCOME STATEMENT","DIOD","OtherNonOperatingIncomeExpenses",562000,"USD","2024-06-30","3M"
"FI","INCOME STATEMENT","DIOD","OtherNonOperatingIncomeExpenses",682000,"USD","2024-09-30","3M"
"FI","INCOME STATEMENT","DIOD","OtherNonOperatingIncomeExpenses",5162000,"USD","2024-09-30","TTM"
"FI","INCOME STATEMENT","DIOD","PretaxIncome",60507000,"USD","2023-09-30","3M"
"FI","INCOME STATEMENT","DIOD","PretaxIncome",27878000,"USD","2023-12-31","3M"
"FI","INCOME STATEMENT","DIOD","PretaxIncome",18806000,"USD","2024-03-31","3M"
"FI","INCOME STATEMENT","DIOD","PretaxIncome",12804000,"USD","2024-06-30","3M"
"FI","INCOME STATEMENT","DIOD","PretaxIncome",18802000,"USD","2024-09-30","3M"
"FI","INCOME STATEMENT","DIOD","PretaxIncome",78290000,"USD","2024-09-30","TTM"
"FI","INCOME STATEMENT","DIOD","ReconciledCostOfRevenue",217762000,"USD","2023-09-30","3M"
"FI","INCOME STATEMENT","DIOD","ReconciledCostOfRevenue",179395000,"USD","2023-12-31","3M"
"FI","INCOME STATEMENT","DIOD","ReconciledCostOfRevenue",171357000,"USD","2024-03-31","3M"
"FI","INCOME STATEMENT","DIOD","ReconciledCostOfRevenue",182455000,"USD","2024-06-30","3M"
"FI","INCOME STATEMENT","DIOD","ReconciledCostOfRevenue",202270000,"USD","2024-09-30","3M"
"FI","INCOME STATEMENT","DIOD","ReconciledCostOfRevenue",735477000,"USD","2024-09-30","TTM"
"FI","INCOME STATEMENT","DIOD","SellingGeneralAndAdministration",62964000,"USD","2023-09-30","3M"
"FI","INCOME STATEMENT","DIOD","SellingGeneralAndAdministration",56484000,"USD","2023-12-31","3M"
"FI","INCOME STATEMENT","DIOD","SellingGeneralAndAdministration",53735000,"USD","2024-03-31","3M"
"FI","INCOME STATEMENT","DIOD","SellingGeneralAndAdministration",58467000,"USD","2024-06-30","3M"
"FI","INCOME STATEMENT","DIOD","SellingGeneralAndAdministration",59388000,"USD","2024-09-30","3M"
"FI","INCOME STATEMENT","DIOD","SellingGeneralAndAdministration",228074000,"USD","2024-09-30","TTM"
"FI","INCOME STATEMENT","DIOD","SpecialIncomeCharges",-2566000,"USD","2023-09-30","3M"
"FI","INCOME STATEMENT","DIOD","SpecialIncomeCharges",3028000,"USD","2023-12-31","3M"
"FI","INCOME STATEMENT","DIOD","SpecialIncomeCharges",4872000,"USD","2024-03-31","3M"
"FI","INCOME STATEMENT","DIOD","SpecialIncomeCharges",-8168000,"USD","2024-06-30","3M"
"FI","INCOME STATEMENT","DIOD","SpecialIncomeCharges",782000,"USD","2024-09-30","3M"
"FI","INCOME STATEMENT","DIOD","SpecialIncomeCharges",514000,"USD","2024-09-30","TTM"
"FI","BALANCE SHEET","DIOD","AccountsPayable",161079000,"USD","2023-09-30","3M"
"FI","BALANCE SHEET","DIOD","AccountsPayable",158261000,"USD","2023-12-31","3M"
"FI","BALANCE SHEET","DIOD","AccountsPayable",149228000,"USD","2024-03-31","3M"
"FI","BALANCE SHEET","DIOD","AccountsPayable",156687000,"USD","2024-06-30","3M"
"FI","BALANCE SHEET","DIOD","AccountsPayable",150247000,"USD","2024-09-30","3M"
"FI","BALANCE SHEET","DIOD","AdditionalPaidInCapital",502482000,"USD","2023-09-30","3M"
"FI","BALANCE SHEET","DIOD","AdditionalPaidInCapital",509861000,"USD","2023-12-31","3M"
"FI","BALANCE SHEET","DIOD","AdditionalPaidInCapital",509401000,"USD","2024-03-31","3M"
"FI","BALANCE SHEET","DIOD","AdditionalPaidInCapital",513309000,"USD","2024-06-30","3M"
"FI","BALANCE SHEET","DIOD","AdditionalPaidInCapital",517129000,"USD","2024-09-30","3M"
"FI","BALANCE SHEET","DIOD","AllowanceForDoubtfulAccountsReceivable",-4686000,"USD","2023-09-30","3M"
"FI","BALANCE SHEET","DIOD","AllowanceForDoubtfulAccountsReceivable",-5641000,"USD","2023-12-31","3M"
"FI","BALANCE SHEET","DIOD","AllowanceForDoubtfulAccountsReceivable",-8254000,"USD","2024-03-31","3M"
"FI","BALANCE SHEET","DIOD","AllowanceForDoubtfulAccountsReceivable",-12133000,"USD","2024-06-30","3M"
"FI","BALANCE SHEET","DIOD","AllowanceForDoubtfulAccountsReceivable",-10461000,"USD","2024-09-30","3M"
"FI","BALANCE SHEET","DIOD","CapitalStock",36817000,"USD","2023-09-30","3M"
"FI","BALANCE SHEET","DIOD","CapitalStock",36819000,"USD","2023-12-31","3M"
"FI","BALANCE SHEET","DIOD","CapitalStock",36936000,"USD","2024-03-31","3M"
"FI","BALANCE SHEET","DIOD","CapitalStock",36958000,"USD","2024-06-30","3M"
"FI","BALANCE SHEET","DIOD","CapitalStock",37082000,"USD","2024-09-30","3M"
"FI","BALANCE SHEET","DIOD","CashAndCashEquivalents",295045000,"USD","2023-09-30","3M"
"FI","BALANCE SHEET","DIOD","CashAndCashEquivalents",315457000,"USD","2023-12-31","3M"
"FI","BALANCE SHEET","DIOD","CashAndCashEquivalents",266202000,"USD","2024-03-31","3M"
"FI","BALANCE SHEET","DIOD","CashAndCashEquivalents",264709000,"USD","2024-06-30","3M"
"FI","BALANCE SHEET","DIOD","CashAndCashEquivalents",311864000,"USD","2024-09-30","3M"
"FI","BALANCE SHEET","DIOD","ConstructionInProgress",134333000,"USD","2023-12-31","3M"
"FI","BALANCE SHEET","DIOD","CurrentAccruedExpenses",193383000,"USD","2023-09-30","3M"
"FI","BALANCE SHEET","DIOD","CurrentAccruedExpenses",103427000,"USD","2023-12-31","3M"
"FI","BALANCE SHEET","DIOD","CurrentAccruedExpenses",164570000,"USD","2024-03-31","3M"
"FI","BALANCE SHEET","DIOD","CurrentAccruedExpenses",167436000,"USD","2024-06-30","3M"
"FI","BALANCE SHEET","DIOD","CurrentAccruedExpenses",161880000,"USD","2024-09-30","3M"
"FI","BALANCE SHEET","DIOD","CurrentAssets",1182582000,"USD","2023-09-30","3M"
"FI","BALANCE SHEET","DIOD","CurrentAssets",1187385000,"USD","2023-12-31","3M"
"FI","BALANCE SHEET","DIOD","CurrentAssets",1201229000,"USD","2024-03-31","3M"
"FI","BALANCE SHEET","DIOD","CurrentAssets",1220464000,"USD","2024-06-30","3M"
"FI","BALANCE SHEET","DIOD","CurrentAssets",1262444000,"USD","2024-09-30","3M"
"FI","BALANCE SHEET","DIOD","CurrentCapitalLeaseObligation",8892000,"USD","2023-12-31","3M"
"FI","BALANCE SHEET","DIOD","CurrentDebtAndCapitalLeaseObligation",30553000,"USD","2023-09-30","3M"
"FI","BALANCE SHEET","DIOD","CurrentDebtAndCapitalLeaseObligation",53996000,"USD","2023-12-31","3M"
"FI","BALANCE SHEET","DIOD","CurrentDebtAndCapitalLeaseObligation",50198000,"USD","2024-03-31","3M"
"FI","BALANCE SHEET","DIOD","CurrentDebtAndCapitalLeaseObligation",27687000,"USD","2024-06-30","3M"
"FI","BALANCE SHEET","DIOD","CurrentDebtAndCapitalLeaseObligation",37150000,"USD","2024-09-30","3M"
"FI","BALANCE SHEET","DIOD","Goodwill",143745000,"USD","2023-09-30","3M"
"FI","BALANCE SHEET","DIOD","Goodwill",146558000,"USD","2023-12-31","3M"
"FI","BALANCE SHEET","DIOD","Goodwill",146941000,"USD","2024-03-31","3M"
"FI","BALANCE SHEET","DIOD","Goodwill",145595000,"USD","2024-06-30","3M"
"FI","BALANCE SHEET","DIOD","Goodwill",148512000,"USD","2024-09-30","3M"
"FI","BALANCE SHEET","DIOD","GoodwillAndOtherIntangibleAssets",211190000,"USD","2023-09-30","3M"
"FI","BALANCE SHEET","DIOD","GoodwillAndOtherIntangibleAssets",210495000,"USD","2023-12-31","3M"
"FI","BALANCE SHEET","DIOD","GoodwillAndOtherIntangibleAssets",206893000,"USD","2024-03-31","3M"
"FI","BALANCE SHEET","DIOD","GoodwillAndOtherIntangibleAssets",202986000,"USD","2024-06-30","3M"
"FI","BALANCE SHEET","DIOD","GoodwillAndOtherIntangibleAssets",202210000,"USD","2024-09-30","3M"
"FI","BALANCE SHEET","DIOD","LineOfCredit",29429000,"USD","2023-09-30","3M"
"FI","BALANCE SHEET","DIOD","LineOfCredit",40685000,"USD","2023-12-31","3M"
"FI","BALANCE SHEET","DIOD","LineOfCredit",48928000,"USD","2024-03-31","3M"
"FI","BALANCE SHEET","DIOD","LineOfCredit",26343000,"USD","2024-06-30","3M"
"FI","BALANCE SHEET","DIOD","LineOfCredit",35704000,"USD","2024-09-30","3M"
"FI","BALANCE SHEET","DIOD","NonCurrentDeferredAssets",35788000,"USD","2023-09-30","3M"
"FI","BALANCE SHEET","DIOD","NonCurrentDeferredAssets",51620000,"USD","2023-12-31","3M"
"FI","BALANCE SHEET","DIOD","NonCurrentDeferredAssets",50912000,"USD","2024-03-31","3M"
"FI","BALANCE SHEET","DIOD","NonCurrentDeferredAssets",50956000,"USD","2024-06-30","3M"
"FI","BALANCE SHEET","DIOD","NonCurrentDeferredAssets",52443000,"USD","2024-09-30","3M"
"FI","BALANCE SHEET","DIOD","NonCurrentDeferredLiabilities",12982000,"USD","2023-09-30","3M"
"FI","BALANCE SHEET","DIOD","NonCurrentDeferredLiabilities",41157000,"USD","2023-12-31","3M"
"FI","BALANCE SHEET","DIOD","NonCurrentDeferredLiabilities",10509000,"USD","2024-03-31","3M"
"FI","BALANCE SHEET","DIOD","NonCurrentDeferredLiabilities",9532000,"USD","2024-06-30","3M"
"FI","BALANCE SHEET","DIOD","NonCurrentDeferredLiabilities",11600000,"USD","2024-09-30","3M"
"FI","BALANCE SHEET","DIOD","NonCurrentDeferredTaxesAssets",35788000,"USD","2023-09-30","3M"
"FI","BALANCE SHEET","DIOD","NonCurrentDeferredTaxesAssets",51620000,"USD","2023-12-31","3M"
"FI","BALANCE SHEET","DIOD","NonCurrentDeferredTaxesAssets",50912000,"USD","2024-03-31","3M"
"FI","BALANCE SHEET","DIOD","NonCurrentDeferredTaxesAssets",50956000,"USD","2024-06-30","3M"
"FI","BALANCE SHEET","DIOD","NonCurrentDeferredTaxesAssets",52443000,"USD","2024-09-30","3M"
"FI","BALANCE SHEET","DIOD","NonCurrentDeferredTaxesLiabilities",12982000,"USD","2023-09-30","3M"
"FI","BALANCE SHEET","DIOD","NonCurrentDeferredTaxesLiabilities",13662000,"USD","2023-12-31","3M"
"FI","BALANCE SHEET","DIOD","NonCurrentDeferredTaxesLiabilities",10509000,"USD","2024-03-31","3M"
"FI","BALANCE SHEET","DIOD","NonCurrentDeferredTaxesLiabilities",9532000,"USD","2024-06-30","3M"
"FI","BALANCE SHEET","DIOD","NonCurrentDeferredTaxesLiabilities",11600000,"USD","2024-09-30","3M"
"FI","BALANCE SHEET","DIOD","OrdinarySharesNumber",45936090,"USD","2023-09-30","3M"
"FI","BALANCE SHEET","DIOD","OrdinarySharesNumber",45938382,"USD","2023-12-31","3M"
"FI","BALANCE SHEET","DIOD","OrdinarySharesNumber",46114753,"USD","2024-03-31","3M"
"FI","BALANCE SHEET","DIOD","OrdinarySharesNumber",46146009,"USD","2024-06-30","3M"
"FI","BALANCE SHEET","DIOD","OrdinarySharesNumber",46330932,"USD","2024-09-30","3M"
"FI","BALANCE SHEET","DIOD","OtherCurrentBorrowings",1124000,"USD","2023-09-30","3M"
"FI","BALANCE SHEET","DIOD","OtherCurrentBorrowings",4419000,"USD","2023-12-31","3M"
"FI","BALANCE SHEET","DIOD","OtherCurrentBorrowings",1270000,"USD","2024-03-31","3M"
"FI","BALANCE SHEET","DIOD","OtherCurrentBorrowings",1344000,"USD","2024-06-30","3M"
"FI","BALANCE SHEET","DIOD","OtherCurrentBorrowings",1446000,"USD","2024-09-30","3M"
"FI","BALANCE SHEET","DIOD","OtherCurrentLiabilities",137000,"USD","2023-12-31","3M"
"FI","BALANCE SHEET","DIOD","OtherIntangibleAssets",67445000,"USD","2023-09-30","3M"
"FI","BALANCE SHEET","DIOD","OtherIntangibleAssets",63937000,"USD","2023-12-31","3M"
"FI","BALANCE SHEET","DIOD","OtherIntangibleAssets",59952000,"USD","2024-03-31","3M"
"FI","BALANCE SHEET","DIOD","OtherIntangibleAssets",57391000,"USD","2024-06-30","3M"
"FI","BALANCE SHEET","DIOD","OtherIntangibleAssets",53698000,"USD","2024-09-30","3M"
"FI","BALANCE SHEET","DIOD","OtherNonCurrentAssets",174536000,"USD","2023-09-30","3M"
"FI","BALANCE SHEET","DIOD","OtherNonCurrentAssets",171990000,"USD","2023-12-31","3M"
"FI","BALANCE SHEET","DIOD","OtherNonCurrentAssets",173660000,"USD","2024-03-31","3M"
"FI","BALANCE SHEET","DIOD","OtherNonCurrentAssets",179034000,"USD","2024-06-30","3M"
"FI","BALANCE SHEET","DIOD","OtherNonCurrentAssets",168560000,"USD","2024-09-30","3M"
"FI","BALANCE SHEET","DIOD","OtherNonCurrentLiabilities",99210000,"USD","2023-09-30","3M"
"FI","BALANCE SHEET","DIOD","OtherNonCurrentLiabilities",21487000,"USD","2023-12-31","3M"
"FI","BALANCE SHEET","DIOD","OtherNonCurrentLiabilities",89899000,"USD","2024-03-31","3M"
"FI","BALANCE SHEET","DIOD","OtherNonCurrentLiabilities",85971000,"USD","2024-06-30","3M"
"FI","BALANCE SHEET","DIOD","OtherNonCurrentLiabilities",86938000,"USD","2024-09-30","3M"
"FI","BALANCE SHEET","DIOD","Payables",190971000,"USD","2023-09-30","3M"
"FI","BALANCE SHEET","DIOD","Payables",171938000,"USD","2023-12-31","3M"
"FI","BALANCE SHEET","DIOD","Payables",162511000,"USD","2024-03-31","3M"
"FI","BALANCE SHEET","DIOD","Payables",165832000,"USD","2024-06-30","3M"
"FI","BALANCE SHEET","DIOD","Payables",153753000,"USD","2024-09-30","3M"
"FI","BALANCE SHEET","DIOD","PayablesAndAccruedExpenses",384354000,"USD","2023-09-30","3M"
"FI","BALANCE SHEET","DIOD","PayablesAndAccruedExpenses",275365000,"USD","2023-12-31","3M"
"FI","BALANCE SHEET","DIOD","PayablesAndAccruedExpenses",327081000,"USD","2024-03-31","3M"
"FI","BALANCE SHEET","DIOD","PayablesAndAccruedExpenses",333268000,"USD","2024-06-30","3M"
"FI","BALANCE SHEET","DIOD","PayablesAndAccruedExpenses",315633000,"USD","2024-09-30","3M"
"FI","BALANCE SHEET","DIOD","Properties",0,"USD","2023-12-31","3M"
"FI","INCOME STATEMENT","DIOD","DepreciationAmortizationDepletionIncomeStatement",3808000,"USD","2023-09-30","3M"
"FI","INCOME STATEMENT","DIOD","DepreciationAmortizationDepletionIncomeStatement",3806000,"USD","2023-12-31","3M"
"FI","INCOME STATEMENT","DIOD","DepreciationAmortizationDepletionIncomeStatement",3810000,"USD","2024-03-31","3M"
"FI","INCOME STATEMENT","DIOD","DepreciationAmortizationDepletionIncomeStatement",3854000,"USD","2024-06-30","3M"
"FI","INCOME STATEMENT","DIOD","DepreciationAmortizationDepletionIncomeStatement",3833000,"USD","2024-09-30","3M"
"FI","INCOME STATEMENT","DIOD","DepreciationAmortizationDepletionIncomeStatement",15303000,"USD","2024-09-30","TTM"
"FI","INCOME STATEMENT","DIOD","DilutedEPS",1.05,"USD","2023-09-30","3M"
"FI","INCOME STATEMENT","DIOD","DilutedEPS",6.35,"USD","2023-09-30","TTM"
"FI","INCOME STATEMENT","DIOD","DilutedEPS",0.55,"USD","2023-12-31","3M"
"FI","INCOME STATEMENT","DIOD","DilutedEPS",4.91,"USD","2023-12-31","TTM"
"FI","INCOME STATEMENT","DIOD","DilutedEPS",0.3,"USD","2024-03-31","3M"
"FI","INCOME STATEMENT","DIOD","DilutedEPS",3.67,"USD","2024-03-31","TTM"
"FI","INCOME STATEMENT","DIOD","DilutedEPS",0.17,"USD","2024-06-30","3M"
"FI","INCOME STATEMENT","DIOD","DilutedEPS",2.08,"USD","2024-06-30","TTM"
"FI","INCOME STATEMENT","DIOD","DilutedEPS",0.3,"USD","2024-09-30","3M"
"FI","INCOME STATEMENT","DIOD","DilutedEPS",1.32,"USD","2024-09-30","TTM"
"FI","INCOME STATEMENT","DIOD","EBITDA",96222000,"USD","2023-09-30","3M"
"FI","INCOME STATEMENT","DIOD","EBITDA",62993000,"USD","2023-12-31","3M"
"FI","INCOME STATEMENT","DIOD","EBITDA",54179000,"USD","2024-03-31","3M"
"FI","INCOME STATEMENT","DIOD","EBITDA",47440000,"USD","2024-06-30","3M"
"FI","INCOME STATEMENT","DIOD","EBITDA",52892000,"USD","2024-09-30","3M"
"FI","INCOME STATEMENT","DIOD","EBITDA",217504000,"USD","2024-09-30","TTM"
"FI","INCOME STATEMENT","DIOD","GainOnSaleOfSecurity",1715000,"USD","2023-09-30","3M"
"FI","INCOME STATEMENT","DIOD","GainOnSaleOfSecurity",-663000,"USD","2023-12-31","3M"
"FI","INCOME STATEMENT","DIOD","GainOnSaleOfSecurity",1342000,"USD","2024-03-31","3M"
"FI","INCOME STATEMENT","DIOD","GainOnSaleOfSecurity",5149000,"USD","2024-06-30","3M"
"FI","INCOME STATEMENT","DIOD","GainOnSaleOfSecurity",-7833000,"USD","2024-09-30","3M"
"FI","INCOME STATEMENT","DIOD","GainOnSaleOfSecurity",-2005000,"USD","2024-09-30","TTM"
"FI","INCOME STATEMENT","DIOD","InterestIncomeNonOperating",4507000,"USD","2023-09-30","3M"
"FI","INCOME STATEMENT","DIOD","InterestIncomeNonOperating",4835000,"USD","2023-12-31","3M"
"FI","INCOME STATEMENT","DIOD","InterestIncomeNonOperating",4614000,"USD","2024-03-31","3M"
"FI","INCOME STATEMENT","DIOD","InterestIncomeNonOperating",4237000,"USD","2024-06-30","3M"
"FI","INCOME STATEMENT","DIOD","InterestIncomeNonOperating",4532000,"USD","2024-09-30","3M"
"FI","INCOME STATEMENT","DIOD","InterestIncomeNonOperating",18218000,"USD","2024-09-30","TTM"
"FI","INCOME STATEMENT","DIOD","NetIncomeContinuousOperations",49833000,"USD","2023-09-30","3M"
"FI","INCOME STATEMENT","DIOD","NetIncomeContinuousOperations",25107000,"USD","2023-12-31","3M"
"FI","INCOME STATEMENT","DIOD","NetIncomeContinuousOperations",15269000,"USD","2024-03-31","3M"
"FI","INCOME STATEMENT","DIOD","NetIncomeContinuousOperations",10161000,"USD","2024-06-30","3M"
"FI","INCOME STATEMENT","DIOD","NetIncomeContinuousOperations",15183000,"USD","2024-09-30","3M"
"FI","INCOME STATEMENT","DIOD","NetIncomeContinuousOperations",65720000,"USD","2024-09-30","TTM"
"FI","INCOME STATEMENT","DIOD","NetNonOperatingInterestIncomeExpense",3609000,"USD","2023-09-30","3M"
"FI","INCOME STATEMENT","DIOD","NetNonOperatingInterestIncomeExpense",4354000,"USD","2023-12-31","3M"
"FI","INCOME STATEMENT","DIOD","NetNonOperatingInterestIncomeExpense",4082000,"USD","2024-03-31","3M"
"FI","INCOME STATEMENT","DIOD","NetNonOperatingInterestIncomeExpense",3385000,"USD","2024-06-30","3M"
"FI","INCOME STATEMENT","DIOD","NetNonOperatingInterestIncomeExpense",4076000,"USD","2024-09-30","3M"
"FI","INCOME STATEMENT","DIOD","NetNonOperatingInterestIncomeExpense",15897000,"USD","2024-09-30","TTM"
"FI","INCOME STATEMENT","DIOD","NormalizedEBITDA",97073000,"USD","2023-09-30","3M"
"FI","INCOME STATEMENT","DIOD","NormalizedEBITDA",60628000,"USD","2023-12-31","3M"
"FI","INCOME STATEMENT","DIOD","NormalizedEBITDA",47965000,"USD","2024-03-31","3M"
"FI","INCOME STATEMENT","DIOD","NormalizedEBITDA",50459000,"USD","2024-06-30","3M"
"FI","INCOME STATEMENT","DIOD","NormalizedEBITDA",59943000,"USD","2024-09-30","3M"
"FI","INCOME STATEMENT","DIOD","NormalizedEBITDA",218995000,"USD","2024-09-30","TTM"
"FI","INCOME STATEMENT","DIOD","OperatingIncome",56440000,"USD","2023-09-30","3M"
"FI","INCOME STATEMENT","DIOD","OperatingIncome",17675000,"USD","2023-12-31","3M"
"FI","INCOME STATEMENT","DIOD","OperatingIncome",8076000,"USD","2024-03-31","3M"
"FI","INCOME STATEMENT","DIOD","OperatingIncome",11876000,"USD","2024-06-30","3M"
"FI","INCOME STATEMENT","DIOD","OperatingIncome",21095000,"USD","2024-09-30","3M"
"FI","INCOME STATEMENT","DIOD","OperatingIncome",58722000,"USD","2024-09-30","TTM"
"FI","INCOME STATEMENT","DIOD","ResearchAndDevelopment",34068000,"USD","2023-09-30","3M"
"FI","INCOME STATEMENT","DIOD","ResearchAndDevelopment",32957000,"USD","2023-12-31","3M"
"FI","INCOME STATEMENT","DIOD","ResearchAndDevelopment",33964000,"USD","2024-03-31","3M"
"FI","INCOME STATEMENT","DIOD","ResearchAndDevelopment",33189000,"USD","2024-06-30","3M"
"FI","INCOME STATEMENT","DIOD","ResearchAndDevelopment",33691000,"USD","2024-09-30","3M"
"FI","INCOME STATEMENT","DIOD","ResearchAndDevelopment",133801000,"USD","2024-09-30","TTM"
"FI","INCOME STATEMENT","DIOD","RestructuringAndMergernAcquisition",0,"USD","2023-06-30","3M"
"FI","INCOME STATEMENT","DIOD","RestructuringAndMergernAcquisition",2566000,"USD","2023-09-30","3M"
"FI","INCOME STATEMENT","DIOD","RestructuringAndMergernAcquisition",-983000,"USD","2023-12-31","3M"
"FI","INCOME STATEMENT","DIOD","RestructuringAndMergernAcquisition",8250000,"USD","2024-06-30","3M"
"FI","INCOME STATEMENT","DIOD","RestructuringAndMergernAcquisition",-211000,"USD","2024-09-30","3M"
"FI","INCOME STATEMENT","DIOD","RestructuringAndMergernAcquisition",7056000,"USD","2024-09-30","TTM"
"FI","INCOME STATEMENT","DIOD","TaxEffectOfUnusualItems",-150124.349249,"USD","2023-09-30","3M"
"FI","INCOME STATEMENT","DIOD","TaxEffectOfUnusualItems",235074.790157,"USD","2023-12-31","3M"
"FI","INCOME STATEMENT","DIOD","TaxEffectOfUnusualItems",1168232,"USD","2024-03-31","3M"
"FI","INCOME STATEMENT","DIOD","TaxEffectOfUnusualItems",-621914,"USD","2024-06-30","3M"
"FI","INCOME STATEMENT","DIOD","TaxEffectOfUnusualItems",-1357173.119881,"USD","2024-09-30","3M"
"FI","INCOME STATEMENT","DIOD","TaxEffectOfUnusualItems",-239390.343594,"USD","2024-09-30","TTM"
"FI","INCOME STATEMENT","DIOD","TaxProvision",10674000,"USD","2023-09-30","3M"
"FI","INCOME STATEMENT","DIOD","TaxProvision",2771000,"USD","2023-12-31","3M"
"FI","INCOME STATEMENT","DIOD","TaxProvision",3537000,"USD","2024-03-31","3M"
"FI","INCOME STATEMENT","DIOD","TaxProvision",2643000,"USD","2024-06-30","3M"
"FI","INCOME STATEMENT","DIOD","TaxProvision",3619000,"USD","2024-09-30","3M"
"FI","INCOME STATEMENT","DIOD","TaxProvision",12570000,"USD","2024-09-30","TTM"
"FI","INCOME STATEMENT","DIOD","TotalOperatingIncomeAsReported",53874000,"USD","2023-09-30","3M"
"FI","INCOME STATEMENT","DIOD","TotalOperatingIncomeAsReported",20703000,"USD","2023-12-31","3M"
"FI","INCOME STATEMENT","DIOD","TotalOperatingIncomeAsReported",12948000,"USD","2024-03-31","3M"
"FI","INCOME STATEMENT","DIOD","TotalOperatingIncomeAsReported",3708000,"USD","2024-06-30","3M"
"FI","INCOME STATEMENT","DIOD","TotalOperatingIncomeAsReported",21877000,"USD","2024-09-30","3M"
"FI","INCOME STATEMENT","DIOD","TotalOperatingIncomeAsReported",59236000,"USD","2024-09-30","TTM"
"FI","INCOME STATEMENT","DIOD","TotalRevenue",404647000,"USD","2023-09-30","3M"
"FI","INCOME STATEMENT","DIOD","TotalRevenue",322699000,"USD","2023-12-31","3M"
"FI","INCOME STATEMENT","DIOD","TotalRevenue",301972000,"USD","2024-03-31","3M"
"FI","INCOME STATEMENT","DIOD","TotalRevenue",319771000,"USD","2024-06-30","3M"
"FI","INCOME STATEMENT","DIOD","TotalRevenue",350079000,"USD","2024-09-30","3M"
"FI","INCOME STATEMENT","DIOD","TotalRevenue",1294521000,"USD","2024-09-30","TTM"
"FI","INCOME STATEMENT","DIOD","TotalUnusualItemsExcludingGoodwill",-851000,"USD","2023-09-30","3M"
"FI","INCOME STATEMENT","DIOD","TotalUnusualItemsExcludingGoodwill",2365000,"USD","2023-12-31","3M"
"FI","INCOME STATEMENT","DIOD","TotalUnusualItemsExcludingGoodwill",6214000,"USD","2024-03-31","3M"
"FI","INCOME STATEMENT","DIOD","TotalUnusualItemsExcludingGoodwill",-3019000,"USD","2024-06-30","3M"
"FI","INCOME STATEMENT","DIOD","TotalUnusualItemsExcludingGoodwill",-7051000,"USD","2024-09-30","3M"
"FI","INCOME STATEMENT","DIOD","TotalUnusualItemsExcludingGoodwill",-1491000,"USD","2024-09-30","TTM"
"FI","BALANCE SHEET","DIOD","BuildingsAndImprovements",340488000,"USD","2023-12-31","3M"
"FI","BALANCE SHEET","DIOD","CapitalLeaseObligations",36275000,"USD","2023-12-31","3M"
"FI","BALANCE SHEET","DIOD","CurrentDebt",30553000,"USD","2023-09-30","3M"
"FI","BALANCE SHEET","DIOD","CurrentDebt",45104000,"USD","2023-12-31","3M"
"FI","BALANCE SHEET","DIOD","CurrentDebt",50198000,"USD","2024-03-31","3M"
"FI","BALANCE SHEET","DIOD","CurrentDebt",27687000,"USD","2024-06-30","3M"
"FI","BALANCE SHEET","DIOD","CurrentDebt",37150000,"USD","2024-09-30","3M"
"FI","BALANCE SHEET","DIOD","FinishedGoods",95181000,"USD","2023-09-30","3M"
"FI","BALANCE SHEET","DIOD","FinishedGoods",129802000,"USD","2023-12-31","3M"
"FI","BALANCE SHEET","DIOD","FinishedGoods",169980000,"USD","2024-03-31","3M"
"FI","BALANCE SHEET","DIOD","FinishedGoods",197107000,"USD","2024-06-30","3M"
"FI","BALANCE SHEET","DIOD","FinishedGoods",202194000,"USD","2024-09-30","3M"
"FI","BALANCE SHEET","DIOD","GainsLossesNotAffectingRetainedEarnings",-161633000,"USD","2023-09-30","3M"
"FI","BALANCE SHEET","DIOD","GainsLossesNotAffectingRetainedEarnings",-143227000,"USD","2023-12-31","3M"
"FI","BALANCE SHEET","DIOD","GainsLossesNotAffectingRetainedEarnings",-149073000,"USD","2024-03-31","3M"
"FI","BALANCE SHEET","DIOD","GainsLossesNotAffectingRetainedEarnings",-135172000,"USD","2024-06-30","3M"
"FI","BALANCE SHEET","DIOD","GainsLossesNotAffectingRetainedEarnings",-115584000,"USD","2024-09-30","3M"
"FI","BALANCE SHEET","DIOD","GrossPPE",1750439000,"USD","2023-12-31","3M"
"FI","BALANCE SHEET","DIOD","Inventory",343694000,"USD","2023-09-30","3M"
"FI","BALANCE SHEET","DIOD","Inventory",389774000,"USD","2023-12-31","3M"
"FI","BALANCE SHEET","DIOD","Inventory",429363000,"USD","2024-03-31","3M"
"FI","BALANCE SHEET","DIOD","Inventory",461539000,"USD","2024-06-30","3M"
"FI","BALANCE SHEET","DIOD","Inventory",482038000,"USD","2024-09-30","3M"
"FI","BALANCE SHEET","DIOD","LandAndImprovements",74218000,"USD","2023-12-31","3M"
"FI","BALANCE SHEET","DIOD","LongTermCapitalLeaseObligation",27383000,"USD","2023-12-31","3M"
"FI","BALANCE SHEET","DIOD","LongTermDebt",22645000,"USD","2023-09-30","3M"
"FI","BALANCE SHEET","DIOD","LongTermDebt",16979000,"USD","2023-12-31","3M"
"FI","BALANCE SHEET","DIOD","LongTermDebt",19639000,"USD","2024-03-31","3M"
"FI","BALANCE SHEET","DIOD","LongTermDebt",18988000,"USD","2024-06-30","3M"
"FI","BALANCE SHEET","DIOD","LongTermDebt",20717000,"USD","2024-09-30","3M"
"FI","BALANCE SHEET","DIOD","LongTermDebtAndCapitalLeaseObligation",22645000,"USD","2023-09-30","3M"
"FI","BALANCE SHEET","DIOD","LongTermDebtAndCapitalLeaseObligation",44362000,"USD","2023-12-31","3M"
"FI","BALANCE SHEET","DIOD","LongTermDebtAndCapitalLeaseObligation",19639000,"USD","2024-03-31","3M"
"FI","BALANCE SHEET","DIOD","LongTermDebtAndCapitalLeaseObligation",18988000,"USD","2024-06-30","3M"
"FI","BALANCE SHEET","DIOD","LongTermDebtAndCapitalLeaseObligation",20717000,"USD","2024-09-30","3M"
"FI","BALANCE SHEET","DIOD","MachineryFurnitureEquipment",1201400000,"USD","2023-12-31","3M"
"FI","BALANCE SHEET","DIOD","NetPPE",736126000,"USD","2023-09-30","3M"
"FI","BALANCE SHEET","DIOD","NetPPE",746169000,"USD","2023-12-31","3M"
"FI","BALANCE SHEET","DIOD","NetPPE",723478000,"USD","2024-03-31","3M"
"FI","BALANCE SHEET","DIOD","NetPPE",707617000,"USD","2024-06-30","3M"
"FI","BALANCE SHEET","DIOD","NetPPE",703725000,"USD","2024-09-30","3M"
"FI","BALANCE SHEET","DIOD","NetTangibleAssets",1478472000,"USD","2023-09-30","3M"
"FI","BALANCE SHEET","DIOD","NetTangibleAssets",1530246000,"USD","2023-12-31","3M"
"FI","BALANCE SHEET","DIOD","NetTangibleAssets",1541697000,"USD","2024-03-31","3M"
"FI","BALANCE SHEET","DIOD","NetTangibleAssets",1571369000,"USD","2024-06-30","3M"
"FI","BALANCE SHEET","DIOD","NetTangibleAssets",1609374000,"USD","2024-09-30","3M"
"FI","BALANCE SHEET","DIOD","OtherShortTermInvestments",9872000,"USD","2023-09-30","3M"
"FI","BALANCE SHEET","DIOD","OtherShortTermInvestments",10174000,"USD","2023-12-31","3M"
"FI","BALANCE SHEET","DIOD","OtherShortTermInvestments",9782000,"USD","2024-03-31","3M"
"FI","BALANCE SHEET","DIOD","OtherShortTermInvestments",9188000,"USD","2024-06-30","3M"
"FI","BALANCE SHEET","DIOD","OtherShortTermInvestments",7463000,"USD","2024-09-30","3M"
"FI","BALANCE SHEET","DIOD","PreferredStock",0,"USD","2023-09-30","3M"
"FI","BALANCE SHEET","DIOD","PreferredStock",0,"USD","2023-12-31","3M"
"FI","BALANCE SHEET","DIOD","PreferredStock",0,"USD","2024-03-31","3M"
"FI","BALANCE SHEET","DIOD","PreferredStock",0,"USD","2024-06-30","3M"
"FI","BALANCE SHEET","DIOD","PreferredStock",0,"USD","2024-09-30","3M"
"FI","BALANCE SHEET","DIOD","Receivables",414188000,"USD","2023-09-30","3M"
"FI","BALANCE SHEET","DIOD","Receivables",371930000,"USD","2023-12-31","3M"
"FI","BALANCE SHEET","DIOD","Receivables",391508000,"USD","2024-03-31","3M"
"FI","BALANCE SHEET","DIOD","Receivables",384965000,"USD","2024-06-30","3M"
"FI","BALANCE SHEET","DIOD","Receivables",358938000,"USD","2024-09-30","3M"
"FI","BALANCE SHEET","DIOD","RetainedEarnings",1649982000,"USD","2023-09-30","3M"
"FI","BALANCE SHEET","DIOD","RetainedEarnings",1675274000,"USD","2023-12-31","3M"
"FI","BALANCE SHEET","DIOD","RetainedEarnings",1689312000,"USD","2024-03-31","3M"
"FI","BALANCE SHEET","DIOD","RetainedEarnings",1697312000,"USD","2024-06-30","3M"
"FI","BALANCE SHEET","DIOD","RetainedEarnings",1711057000,"USD","2024-09-30","3M"
"FI","BALANCE SHEET","DIOD","TangibleBookValue",1478472000,"USD","2023-09-30","3M"
"FI","BALANCE SHEET","DIOD","TangibleBookValue",1530246000,"USD","2023-12-31","3M"
"FI","BALANCE SHEET","DIOD","TangibleBookValue",1541697000,"USD","2024-03-31","3M"
"FI","BALANCE SHEET","DIOD","TangibleBookValue",1571369000,"USD","2024-06-30","3M"
"FI","BALANCE SHEET","DIOD","TangibleBookValue",1609374000,"USD","2024-09-30","3M"
"FI","BALANCE SHEET","DIOD","TotalEquityGrossMinorityInterest",1758883000,"USD","2023-09-30","3M"
"FI","BALANCE SHEET","DIOD","TotalEquityGrossMinorityInterest",1809677000,"USD","2023-12-31","3M"
"FI","BALANCE SHEET","DIOD","TotalEquityGrossMinorityInterest",1824811000,"USD","2024-03-31","3M"
"FI","BALANCE SHEET","DIOD","TotalEquityGrossMinorityInterest",1851576000,"USD","2024-06-30","3M"
"FI","BALANCE SHEET","DIOD","TotalEquityGrossMinorityInterest",1883309000,"USD","2024-09-30","3M"
"FI","BALANCE SHEET","DIOD","TreasurySharesNumber",9286862,"USD","2023-09-30","3M"
"FI","BALANCE SHEET","DIOD","TreasurySharesNumber",9286862,"USD","2023-12-31","3M"
"FI","BALANCE SHEET","DIOD","TreasurySharesNumber",9286862,"USD","2024-03-31","3M"
"FI","BALANCE SHEET","DIOD","TreasurySharesNumber",9287762,"USD","2024-06-30","3M"
"FI","BALANCE SHEET","DIOD","TreasurySharesNumber",9288420,"USD","2024-09-30","3M"
"FI","BALANCE SHEET","DIOD","WorkInProcess",64789000,"USD","2023-09-30","3M"
"FI","BALANCE SHEET","DIOD","WorkInProcess",72876000,"USD","2023-12-31","3M"
"FI","BALANCE SHEET","DIOD","WorkInProcess",74432000,"USD","2024-03-31","3M"
"FI","BALANCE SHEET","DIOD","WorkInProcess",76287000,"USD","2024-06-30","3M"
"FI","BALANCE SHEET","DIOD","WorkInProcess",70514000,"USD","2024-09-30","3M"
"FI","BALANCE SHEET","DIOD","WorkingCapital",767675000,"USD","2023-09-30","3M"
"FI","BALANCE SHEET","DIOD","WorkingCapital",793887000,"USD","2023-12-31","3M"
"FI","BALANCE SHEET","DIOD","WorkingCapital",823950000,"USD","2024-03-31","3M"
"FI","BALANCE SHEET","DIOD","WorkingCapital",859509000,"USD","2024-06-30","3M"
"FI","BALANCE SHEET","DIOD","WorkingCapital",909661000,"USD","2024-09-30","3M"
"FI","CASH FLOWS","DIOD","ChangeInInventory",-21683000,"USD","2023-09-30","3M"
"FI","CASH FLOWS","DIOD","ChangeInInventory",-39852000,"USD","2023-12-31","3M"
"FI","CASH FLOWS","DIOD","ChangeInInventory",-40435000,"USD","2024-03-31","3M"
"FI","CASH FLOWS","DIOD","ChangeInInventory",-33920000,"USD","2024-06-30","3M"
"FI","CASH FLOWS","DIOD","ChangeInInventory",-15800000,"USD","2024-09-30","3M"
"FI","CASH FLOWS","DIOD","ChangeInInventory",-130007000,"USD","2024-09-30","TTM"
"FI","CASH FLOWS","DIOD","ChangeInTaxPayable",3759000,"USD","2023-09-30","3M"
"FI","CASH FLOWS","DIOD","ChangeInTaxPayable",-20247000,"USD","2023-12-31","3M"
"FI","CASH FLOWS","DIOD","ChangeInTaxPayable",2857000,"USD","2024-03-31","3M"
"FI","CASH FLOWS","DIOD","ChangeInTaxPayable",-4015000,"USD","2024-06-30","3M"
"FI","CASH FLOWS","DIOD","ChangeInTaxPayable",-5817000,"USD","2024-09-30","3M"
"FI","CASH FLOWS","DIOD","ChangeInTaxPayable",-27222000,"USD","2024-09-30","TTM"
"FI","CASH FLOWS","DIOD","ChangesInAccountReceivables",-24642000,"USD","2023-09-30","3M"
"FI","CASH FLOWS","DIOD","ChangesInAccountReceivables",46841000,"USD","2023-12-31","3M"
"FI","CASH FLOWS","DIOD","ChangesInAccountReceivables",-17731000,"USD","2024-03-31","3M"
"FI","CASH FLOWS","DIOD","ChangesInAccountReceivables",4876000,"USD","2024-06-30","3M"
"FI","CASH FLOWS","DIOD","ChangesInAccountReceivables",29337000,"USD","2024-09-30","3M"
"FI","CASH FLOWS","DIOD","ChangesInAccountReceivables",63323000,"USD","2024-09-30","TTM"
"FI","CASH FLOWS","DIOD","DeferredTax",-2181000,"USD","2023-09-30","3M"
"FI","CASH FLOWS","DIOD","DeferredTax",-10870000,"USD","2023-12-31","3M"
"FI","CASH FLOWS","DIOD","DeferredTax",-318000,"USD","2024-03-31","3M"
"FI","CASH FLOWS","DIOD","DeferredTax",366000,"USD","2024-06-30","3M"
"FI","CASH FLOWS","DIOD","DeferredTax",-355000,"USD","2024-09-30","3M"
"FI","CASH FLOWS","DIOD","DeferredTax",-11177000,"USD","2024-09-30","TTM"
"FI","CASH FLOWS","DIOD","DepreciationAmortizationDepletion",34817000,"USD","2023-09-30","3M"
"FI","CASH FLOWS","DIOD","DepreciationAmortizationDepletion",34634000,"USD","2023-12-31","3M"
"FI","CASH FLOWS","DIOD","DepreciationAmortizationDepletion",34841000,"USD","2024-03-31","3M"
"FI","CASH FLOWS","DIOD","DepreciationAmortizationDepletion",33784000,"USD","2024-06-30","3M"
"FI","CASH FLOWS","DIOD","DepreciationAmortizationDepletion",33634000,"USD","2024-09-30","3M"
"FI","CASH FLOWS","DIOD","DepreciationAmortizationDepletion",136893000,"USD","2024-09-30","TTM"
"FI","CASH FLOWS","DIOD","FreeCashFlow",11611000,"USD","2023-09-30","3M"
"FI","CASH FLOWS","DIOD","FreeCashFlow",11095000,"USD","2023-12-31","3M"
"FI","CASH FLOWS","DIOD","FreeCashFlow",-51524000,"USD","2024-03-31","3M"
"FI","CASH FLOWS","DIOD","FreeCashFlow",-3548000,"USD","2024-06-30","3M"
"FI","CASH FLOWS","DIOD","FreeCashFlow",39357000,"USD","2024-09-30","3M"
"FI","CASH FLOWS","DIOD","FreeCashFlow",-4620000,"USD","2024-09-30","TTM"
"FI","CASH FLOWS","DIOD","InterestPaidSupplementalData",848000,"USD","2023-09-30","3M"
"FI","BALANCE SHEET","DIOD","CurrentLiabilities",414907000,"USD","2023-09-30","3M"
"FI","BALANCE SHEET","DIOD","CurrentLiabilities",393498000,"USD","2023-12-31","3M"
"FI","BALANCE SHEET","DIOD","CurrentLiabilities",377279000,"USD","2024-03-31","3M"
"FI","BALANCE SHEET","DIOD","CurrentLiabilities",360955000,"USD","2024-06-30","3M"
"FI","BALANCE SHEET","DIOD","CurrentLiabilities",352783000,"USD","2024-09-30","3M"
"FI","BALANCE SHEET","DIOD","GrossAccountsReceivable",418874000,"USD","2023-09-30","3M"
"FI","BALANCE SHEET","DIOD","GrossAccountsReceivable",377571000,"USD","2023-12-31","3M"
"FI","BALANCE SHEET","DIOD","GrossAccountsReceivable",399762000,"USD","2024-03-31","3M"
"FI","BALANCE SHEET","DIOD","GrossAccountsReceivable",397098000,"USD","2024-06-30","3M"
"FI","BALANCE SHEET","DIOD","GrossAccountsReceivable",369399000,"USD","2024-09-30","3M"
"FI","BALANCE SHEET","DIOD","IncomeTaxPayable",29892000,"USD","2023-09-30","3M"
"FI","BALANCE SHEET","DIOD","IncomeTaxPayable",10459000,"USD","2023-12-31","3M"
"FI","BALANCE SHEET","DIOD","IncomeTaxPayable",13283000,"USD","2024-03-31","3M"
"FI","BALANCE SHEET","DIOD","IncomeTaxPayable",9145000,"USD","2024-06-30","3M"
"FI","BALANCE SHEET","DIOD","IncomeTaxPayable",3506000,"USD","2024-09-30","3M"
"FI","BALANCE SHEET","DIOD","InvestedCapital",1742860000,"USD","2023-09-30","3M"
"FI","BALANCE SHEET","DIOD","InvestedCapital",1802824000,"USD","2023-12-31","3M"
"FI","BALANCE SHEET","DIOD","InvestedCapital",1818427000,"USD","2024-03-31","3M"
"FI","BALANCE SHEET","DIOD","InvestedCapital",1821030000,"USD","2024-06-30","3M"
"FI","BALANCE SHEET","DIOD","InvestedCapital",1869451000,"USD","2024-09-30","3M"
"FI","BALANCE SHEET","DIOD","MinorityInterest",69221000,"USD","2023-09-30","3M"
"FI","BALANCE SHEET","DIOD","MinorityInterest",68936000,"USD","2023-12-31","3M"
"FI","BALANCE SHEET","DIOD","MinorityInterest",76221000,"USD","2024-03-31","3M"
"FI","BALANCE SHEET","DIOD","MinorityInterest",77221000,"USD","2024-06-30","3M"
"FI","BALANCE SHEET","DIOD","MinorityInterest",71725000,"USD","2024-09-30","3M"
"FI","BALANCE SHEET","DIOD","OtherCurrentAssets",117191000,"USD","2023-09-30","3M"
"FI","BALANCE SHEET","DIOD","OtherCurrentAssets",97024000,"USD","2023-12-31","3M"
"FI","BALANCE SHEET","DIOD","OtherCurrentAssets",100016000,"USD","2024-03-31","3M"
"FI","BALANCE SHEET","DIOD","OtherCurrentAssets",97115000,"USD","2024-06-30","3M"
"FI","BALANCE SHEET","DIOD","OtherCurrentAssets",96921000,"USD","2024-09-30","3M"
"FI","BALANCE SHEET","DIOD","OtherEquityAdjustments",-161633000,"USD","2023-09-30","3M"
"FI","BALANCE SHEET","DIOD","OtherEquityAdjustments",-143227000,"USD","2023-12-31","3M"
"FI","BALANCE SHEET","DIOD","OtherEquityAdjustments",-149073000,"USD","2024-03-31","3M"
"FI","BALANCE SHEET","DIOD","OtherEquityAdjustments",-135172000,"USD","2024-06-30","3M"
"FI","BALANCE SHEET","DIOD","OtherEquityAdjustments",-115584000,"USD","2024-09-30","3M"
"FI","BALANCE SHEET","DIOD","PensionandOtherPostRetirementBenefitPlansCurrent",64000000,"USD","2023-12-31","3M"
"FI","BALANCE SHEET","DIOD","ShareIssued",55222952,"USD","2023-09-30","3M"
"FI","BALANCE SHEET","DIOD","ShareIssued",55225244,"USD","2023-12-31","3M"
"FI","BALANCE SHEET","DIOD","ShareIssued",55401615,"USD","2024-03-31","3M"
"FI","BALANCE SHEET","DIOD","ShareIssued",55433771,"USD","2024-06-30","3M"
"FI","BALANCE SHEET","DIOD","ShareIssued",55619352,"USD","2024-09-30","3M"
"FI","BALANCE SHEET","DIOD","TotalCapitalization",1712307000,"USD","2023-09-30","3M"
"FI","BALANCE SHEET","DIOD","TotalCapitalization",1757720000,"USD","2023-12-31","3M"
"FI","BALANCE SHEET","DIOD","TotalCapitalization",1768229000,"USD","2024-03-31","3M"
"FI","BALANCE SHEET","DIOD","TotalCapitalization",1793343000,"USD","2024-06-30","3M"
"FI","BALANCE SHEET","DIOD","TotalCapitalization",1832301000,"USD","2024-09-30","3M"
"FI","BALANCE SHEET","DIOD","TotalNonCurrentAssets",1157640000,"USD","2023-09-30","3M"
"FI","BALANCE SHEET","DIOD","TotalNonCurrentAssets",1180274000,"USD","2023-12-31","3M"
"FI","BALANCE SHEET","DIOD","TotalNonCurrentAssets",1154943000,"USD","2024-03-31","3M"
"FI","BALANCE SHEET","DIOD","TotalNonCurrentAssets",1140593000,"USD","2024-06-30","3M"
"FI","BALANCE SHEET","DIOD","TotalNonCurrentAssets",1126938000,"USD","2024-09-30","3M"
"FI","BALANCE SHEET","DIOD","TradeandOtherPayablesNonCurrent",31595000,"USD","2023-09-30","3M"
"FI","BALANCE SHEET","DIOD","TradeandOtherPayablesNonCurrent",42822000,"USD","2023-12-31","3M"
"FI","BALANCE SHEET","DIOD","TradeandOtherPayablesNonCurrent",34035000,"USD","2024-03-31","3M"
"FI","BALANCE SHEET","DIOD","TradeandOtherPayablesNonCurrent",34035000,"USD","2024-06-30","3M"
"FI","BALANCE SHEET","DIOD","TradeandOtherPayablesNonCurrent",34035000,"USD","2024-09-30","3M"
"FI","BALANCE SHEET","DIOD","TreasuryStock",337986000,"USD","2023-09-30","3M"
"FI","BALANCE SHEET","DIOD","TreasuryStock",337986000,"USD","2023-12-31","3M"
"FI","BALANCE SHEET","DIOD","TreasuryStock",337986000,"USD","2024-03-31","3M"
"FI","BALANCE SHEET","DIOD","TreasuryStock",338052000,"USD","2024-06-30","3M"
"FI","BALANCE SHEET","DIOD","TreasuryStock",338100000,"USD","2024-09-30","3M"
"FI","CASH FLOWS","DIOD","AmortizationOfIntangibles",3808000,"USD","2023-09-30","3M"
"FI","CASH FLOWS","DIOD","AmortizationOfIntangibles",3806000,"USD","2023-12-31","3M"
"FI","CASH FLOWS","DIOD","AmortizationOfIntangibles",3810000,"USD","2024-03-31","3M"
"FI","CASH FLOWS","DIOD","AmortizationOfIntangibles",3854000,"USD","2024-06-30","3M"
"FI","CASH FLOWS","DIOD","AmortizationOfIntangibles",3833000,"USD","2024-09-30","3M"
"FI","CASH FLOWS","DIOD","AmortizationOfIntangibles",15303000,"USD","2024-09-30","TTM"
"FI","CASH FLOWS","DIOD","BeginningCashPosition",324736000,"USD","2023-09-30","3M"
"FI","CASH FLOWS","DIOD","BeginningCashPosition",297637000,"USD","2023-12-31","3M"
"FI","CASH FLOWS","DIOD","BeginningCashPosition",318483000,"USD","2024-03-31","3M"
"FI","CASH FLOWS","DIOD","BeginningCashPosition",270560000,"USD","2024-06-30","3M"
"FI","CASH FLOWS","DIOD","BeginningCashPosition",267657000,"USD","2024-09-30","3M"
"FI","CASH FLOWS","DIOD","BeginningCashPosition",297637000,"USD","2024-09-30","TTM"
"FI","CASH FLOWS","DIOD","CapitalExpenditure",-38483000,"USD","2023-09-30","3M"
"FI","CASH FLOWS","DIOD","CapitalExpenditure",-27297000,"USD","2023-12-31","3M"
"FI","CASH FLOWS","DIOD","CapitalExpenditure",-20381000,"USD","2024-03-31","3M"
"FI","CASH FLOWS","DIOD","CapitalExpenditure",-17947000,"USD","2024-06-30","3M"
"FI","CASH FLOWS","DIOD","CapitalExpenditure",-15000000,"USD","2024-09-30","3M"
"FI","CASH FLOWS","DIOD","CapitalExpenditure",-80625000,"USD","2024-09-30","TTM"
"FI","CASH FLOWS","DIOD","CashFlowFromContinuingFinancingActivities",-44019000,"USD","2023-09-30","3M"
"FI","CASH FLOWS","DIOD","CashFlowFromContinuingFinancingActivities",5955000,"USD","2023-12-31","3M"
"FI","CASH FLOWS","DIOD","CashFlowFromContinuingFinancingActivities",3182000,"USD","2024-03-31","3M"
"FI","CASH FLOWS","DIOD","CashFlowFromContinuingFinancingActivities",-20156000,"USD","2024-06-30","3M"
"FI","CASH FLOWS","DIOD","CashFlowFromContinuingFinancingActivities",1438000,"USD","2024-09-30","3M"
"FI","CASH FLOWS","DIOD","CashFlowFromContinuingFinancingActivities",-9581000,"USD","2024-09-30","TTM"
"FI","CASH FLOWS","DIOD","CashFlowFromContinuingOperatingActivities",50094000,"USD","2023-09-30","3M"
"FI","CASH FLOWS","DIOD","CashFlowFromContinuingOperatingActivities",38392000,"USD","2023-12-31","3M"
"FI","CASH FLOWS","DIOD","CashFlowFromContinuingOperatingActivities",-31143000,"USD","2024-03-31","3M"
"FI","CASH FLOWS","DIOD","CashFlowFromContinuingOperatingActivities",14399000,"USD","2024-06-30","3M"
"FI","CASH FLOWS","DIOD","CashFlowFromContinuingOperatingActivities",54357000,"USD","2024-09-30","3M"
"FI","CASH FLOWS","DIOD","CashFlowFromContinuingOperatingActivities",76005000,"USD","2024-09-30","TTM"
"FI","CASH FLOWS","DIOD","ChangeInIncomeTaxPayable",3759000,"USD","2023-09-30","3M"
"FI","CASH FLOWS","DIOD","ChangeInIncomeTaxPayable",-20247000,"USD","2023-12-31","3M"
"FI","CASH FLOWS","DIOD","ChangeInIncomeTaxPayable",2857000,"USD","2024-03-31","3M"
"FI","CASH FLOWS","DIOD","ChangeInIncomeTaxPayable",-4015000,"USD","2024-06-30","3M"
"FI","CASH FLOWS","DIOD","ChangeInIncomeTaxPayable",-5817000,"USD","2024-09-30","3M"
"FI","CASH FLOWS","DIOD","ChangeInIncomeTaxPayable",-27222000,"USD","2024-09-30","TTM"
"FI","CASH FLOWS","DIOD","ChangeInOtherCurrentAssets",-12455000,"USD","2023-09-30","3M"
"FI","CASH FLOWS","DIOD","ChangeInOtherCurrentAssets",24173000,"USD","2023-12-31","3M"
"FI","CASH FLOWS","DIOD","ChangeInOtherCurrentAssets",3478000,"USD","2024-03-31","3M"
"FI","CASH FLOWS","DIOD","ChangeInOtherCurrentAssets",-2441000,"USD","2024-06-30","3M"
"FI","CASH FLOWS","DIOD","ChangeInOtherCurrentAssets",2632000,"USD","2024-09-30","3M"
"FI","CASH FLOWS","DIOD","ChangeInOtherCurrentAssets",27842000,"USD","2024-09-30","TTM"
"FI","CASH FLOWS","DIOD","ChangeInPayable",14063000,"USD","2023-09-30","3M"
"FI","CASH FLOWS","DIOD","ChangeInPayable",-25724000,"USD","2023-12-31","3M"
"FI","CASH FLOWS","DIOD","ChangeInPayable",-6260000,"USD","2024-03-31","3M"
"FI","CASH FLOWS","DIOD","ChangeInPayable",4195000,"USD","2024-06-30","3M"
"FI","CASH FLOWS","DIOD","ChangeInPayable",-14110000,"USD","2024-09-30","3M"
"FI","CASH FLOWS","DIOD","ChangeInPayable",-41899000,"USD","2024-09-30","TTM"
"FI","CASH FLOWS","DIOD","ChangeInReceivables",-24642000,"USD","2023-09-30","3M"
"FI","CASH FLOWS","DIOD","ChangeInReceivables",46841000,"USD","2023-12-31","3M"
"FI","CASH FLOWS","DIOD","ChangeInReceivables",-17731000,"USD","2024-03-31","3M"
"FI","CASH FLOWS","DIOD","ChangeInReceivables",4876000,"USD","2024-06-30","3M"
"FI","CASH FLOWS","DIOD","ChangeInReceivables",29337000,"USD","2024-09-30","3M"
"FI","CASH FLOWS","DIOD","ChangeInReceivables",63323000,"USD","2024-09-30","TTM"
"FI","CASH FLOWS","DIOD","ChangeInWorkingCapital",-33543000,"USD","2023-09-30","3M"
"FI","CASH FLOWS","DIOD","ChangeInWorkingCapital",-12284000,"USD","2023-12-31","3M"
"FI","CASH FLOWS","DIOD","ChangeInWorkingCapital",-77425000,"USD","2024-03-31","3M"
"FI","CASH FLOWS","DIOD","ChangeInWorkingCapital",-26982000,"USD","2024-06-30","3M"
"FI","CASH FLOWS","DIOD","ChangeInWorkingCapital",-470000,"USD","2024-09-30","3M"
"FI","CASH FLOWS","DIOD","ChangeInWorkingCapital",-117161000,"USD","2024-09-30","TTM"
"FI","CASH FLOWS","DIOD","ChangesInCash",-25805000,"USD","2023-09-30","3M"
"FI","CASH FLOWS","DIOD","ChangesInCash",15396000,"USD","2023-12-31","3M"
"FI","CASH FLOWS","DIOD","ChangesInCash",-46240000,"USD","2024-03-31","3M"
"FI","CASH FLOWS","DIOD","ChangesInCash",-18318000,"USD","2024-06-30","3M"
"FI","CASH FLOWS","DIOD","ChangesInCash",37760000,"USD","2024-09-30","3M"
"FI","CASH FLOWS","DIOD","ChangesInCash",-11402000,"USD","2024-09-30","TTM"
"FI","CASH FLOWS","DIOD","DeferredIncomeTax",-2181000,"USD","2023-09-30","3M"
"FI","CASH FLOWS","DIOD","DeferredIncomeTax",-10870000,"USD","2023-12-31","3M"
"FI","CASH FLOWS","DIOD","DeferredIncomeTax",-318000,"USD","2024-03-31","3M"
"FI","CASH FLOWS","DIOD","DeferredIncomeTax",366000,"USD","2024-06-30","3M"
"FI","CASH FLOWS","DIOD","DeferredIncomeTax",-355000,"USD","2024-09-30","3M"
"FI","CASH FLOWS","DIOD","DeferredIncomeTax",-11177000,"USD","2024-09-30","TTM"
"FI","CASH FLOWS","DIOD","Depreciation",31009000,"USD","2023-09-30","3M"
"FI","CASH FLOWS","DIOD","Depreciation",30828000,"USD","2023-12-31","3M"
"FI","CASH FLOWS","DIOD","Depreciation",31031000,"USD","2024-03-31","3M"
"FI","CASH FLOWS","DIOD","Depreciation",29930000,"USD","2024-06-30","3M"
"FI","CASH FLOWS","DIOD","Depreciation",29801000,"USD","2024-09-30","3M"
"FI","CASH FLOWS","DIOD","Depreciation",121590000,"USD","2024-09-30","TTM"
"FI","CASH FLOWS","DIOD","DepreciationAndAmortization",34817000,"USD","2023-09-30","3M"
"FI","CASH FLOWS","DIOD","DepreciationAndAmortization",34634000,"USD","2023-12-31","3M"
"FI","CASH FLOWS","DIOD","DepreciationAndAmortization",34841000,"USD","2024-03-31","3M"
"FI","CASH FLOWS","DIOD","DepreciationAndAmortization",33784000,"USD","2024-06-30","3M"
"FI","CASH FLOWS","DIOD","DepreciationAndAmortization",33634000,"USD","2024-09-30","3M"
"FI","CASH FLOWS","DIOD","DepreciationAndAmortization",136893000,"USD","2024-09-30","TTM"
"FI","CASH FLOWS","DIOD","EndCashPosition",297637000,"USD","2023-09-30","3M"
"FI","CASH FLOWS","DIOD","EndCashPosition",318483000,"USD","2023-12-31","3M"
"FI","CASH FLOWS","DIOD","EndCashPosition",270560000,"USD","2024-03-31","3M"
"FI","CASH FLOWS","DIOD","EndCashPosition",267657000,"USD","2024-06-30","3M"
"FI","CASH FLOWS","DIOD","EndCashPosition",317084000,"USD","2024-09-30","3M"
"FI","CASH FLOWS","DIOD","EndCashPosition",286235000,"USD","2024-09-30","TTM"
"FI","CASH FLOWS","DIOD","FinancingCashFlow",-44019000,"USD","2023-09-30","3M"
"FI","CASH FLOWS","DIOD","FinancingCashFlow",5955000,"USD","2023-12-31","3M"
"FI","CASH FLOWS","DIOD","FinancingCashFlow",3182000,"USD","2024-03-31","3M"
"FI","CASH FLOWS","DIOD","FinancingCashFlow",-20156000,"USD","2024-06-30","3M"
"FI","CASH FLOWS","DIOD","FinancingCashFlow",1438000,"USD","2024-09-30","3M"
"FI","CASH FLOWS","DIOD","FinancingCashFlow",-9581000,"USD","2024-09-30","TTM"
"FI","CASH FLOWS","DIOD","GainLossOnSaleOfPPE",-1403000,"USD","2023-09-30","3M"
"FI","CASH FLOWS","DIOD","GainLossOnSaleOfPPE",-491000,"USD","2023-12-31","3M"
"FI","CASH FLOWS","DIOD","GainLossOnSaleOfPPE",-4872000,"USD","2024-03-31","3M"
"FI","CASH FLOWS","DIOD","GainLossOnSaleOfPPE",-82000,"USD","2024-06-30","3M"
"FI","CASH FLOWS","DIOD","GainLossOnSaleOfPPE",-571000,"USD","2024-09-30","3M"
"FI","CASH FLOWS","DIOD","InterestPaidSupplementalData",381000,"USD","2023-12-31","3M"
"FI","CASH FLOWS","DIOD","InterestPaidSupplementalData",463000,"USD","2024-03-31","3M"
"FI","CASH FLOWS","DIOD","InterestPaidSupplementalData",783000,"USD","2024-06-30","3M"
"FI","CASH FLOWS","DIOD","InterestPaidSupplementalData",372000,"USD","2024-09-30","3M"
"FI","CASH FLOWS","DIOD","InterestPaidSupplementalData",1999000,"USD","2024-09-30","TTM"
"FI","CASH FLOWS","DIOD","IssuanceOfDebt",21424000,"USD","2023-09-30","3M"
"FI","CASH FLOWS","DIOD","IssuanceOfDebt",12827000,"USD","2023-12-31","3M"
"FI","CASH FLOWS","DIOD","IssuanceOfDebt",12081000,"USD","2024-03-31","3M"
"FI","CASH FLOWS","DIOD","IssuanceOfDebt",44342000,"USD","2024-06-30","3M"
"FI","CASH FLOWS","DIOD","IssuanceOfDebt",17780000,"USD","2024-09-30","3M"
"FI","CASH FLOWS","DIOD","IssuanceOfDebt",87030000,"USD","2024-09-30","TTM"
"FI","CASH FLOWS","DIOD","NetBusinessPurchaseAndSale",0,"USD","2023-06-30","3M"
"FI","CASH FLOWS","DIOD","NetBusinessPurchaseAndSale",0,"USD","2023-09-30","3M"
"FI","CASH FLOWS","DIOD","NetBusinessPurchaseAndSale",6289000,"USD","2023-12-31","3M"
"FI","CASH FLOWS","DIOD","NetLongTermDebtIssuance",-32276000,"USD","2023-09-30","3M"
"FI","CASH FLOWS","DIOD","NetLongTermDebtIssuance",-3573000,"USD","2023-12-31","3M"
"FI","CASH FLOWS","DIOD","NetLongTermDebtIssuance",-298000,"USD","2024-03-31","3M"
"FI","CASH FLOWS","DIOD","NetLongTermDebtIssuance",-274000,"USD","2024-06-30","3M"
"FI","CASH FLOWS","DIOD","NetLongTermDebtIssuance",1265000,"USD","2024-09-30","3M"
"FI","CASH FLOWS","DIOD","NetLongTermDebtIssuance",-2880000,"USD","2024-09-30","TTM"
"FI","CASH FLOWS","DIOD","NetOtherInvestingChanges",2551000,"USD","2023-09-30","3M"
"FI","CASH FLOWS","DIOD","NetOtherInvestingChanges",-1249000,"USD","2023-12-31","3M"
"FI","CASH FLOWS","DIOD","NetOtherInvestingChanges",1900000,"USD","2024-03-31","3M"
"FI","CASH FLOWS","DIOD","NetOtherInvestingChanges",4873000,"USD","2024-06-30","3M"
"FI","CASH FLOWS","DIOD","NetOtherInvestingChanges",-5918000,"USD","2024-09-30","3M"
"FI","CASH FLOWS","DIOD","NetOtherInvestingChanges",-394000,"USD","2024-09-30","TTM"
"FI","CASH FLOWS","DIOD","NetShortTermDebtIssuance",-2995000,"USD","2023-09-30","3M"
"FI","CASH FLOWS","DIOD","NetShortTermDebtIssuance",9628000,"USD","2023-12-31","3M"
"FI","CASH FLOWS","DIOD","NetShortTermDebtIssuance",8926000,"USD","2024-03-31","3M"
"FI","CASH FLOWS","DIOD","NetShortTermDebtIssuance",-21905000,"USD","2024-06-30","3M"
"FI","CASH FLOWS","DIOD","NetShortTermDebtIssuance",8466000,"USD","2024-09-30","3M"
"FI","CASH FLOWS","DIOD","NetShortTermDebtIssuance",5115000,"USD","2024-09-30","TTM"
"FI","CASH FLOWS","DIOD","OperatingCashFlow",50094000,"USD","2023-09-30","3M"
"FI","CASH FLOWS","DIOD","OperatingCashFlow",38392000,"USD","2023-12-31","3M"
"FI","CASH FLOWS","DIOD","OperatingCashFlow",-31143000,"USD","2024-03-31","3M"
"FI","CASH FLOWS","DIOD","OperatingCashFlow",14399000,"USD","2024-06-30","3M"
"FI","CASH FLOWS","DIOD","OperatingCashFlow",54357000,"USD","2024-09-30","3M"
"FI","CASH FLOWS","DIOD","OperatingCashFlow",76005000,"USD","2024-09-30","TTM"
"FI","CASH FLOWS","DIOD","OperatingGainsLosses",-2955000,"USD","2023-09-30","3M"
"FI","CASH FLOWS","DIOD","OperatingGainsLosses",-2334000,"USD","2023-12-31","3M"
"FI","CASH FLOWS","DIOD","OperatingGainsLosses",-5248000,"USD","2024-03-31","3M"
"FI","CASH FLOWS","DIOD","OperatingGainsLosses",-4439000,"USD","2024-06-30","3M"
"FI","CASH FLOWS","DIOD","OperatingGainsLosses",2826000,"USD","2024-09-30","3M"
"FI","CASH FLOWS","DIOD","OperatingGainsLosses",-9195000,"USD","2024-09-30","TTM"
"FI","CASH FLOWS","DIOD","OtherNonCashItems",-1846000,"USD","2023-09-30","3M"
"FI","CASH FLOWS","DIOD","OtherNonCashItems",-3336000,"USD","2023-12-31","3M"
"FI","CASH FLOWS","DIOD","OtherNonCashItems",-3334000,"USD","2024-03-31","3M"
"FI","CASH FLOWS","DIOD","OtherNonCashItems",-2737000,"USD","2024-06-30","3M"
"FI","CASH FLOWS","DIOD","OtherNonCashItems",-3226000,"USD","2024-09-30","3M"
"FI","CASH FLOWS","DIOD","OtherNonCashItems",-12633000,"USD","2024-09-30","TTM"
"FI","CASH FLOWS","DIOD","PurchaseOfPPE",-38483000,"USD","2023-09-30","3M"
"FI","CASH FLOWS","DIOD","PurchaseOfPPE",-27297000,"USD","2023-12-31","3M"
"FI","CASH FLOWS","DIOD","PurchaseOfPPE",-20381000,"USD","2024-03-31","3M"
"FI","CASH FLOWS","DIOD","PurchaseOfPPE",-17947000,"USD","2024-06-30","3M"
"FI","CASH FLOWS","DIOD","PurchaseOfPPE",-15000000,"USD","2024-09-30","3M"
"FI","CASH FLOWS","DIOD","PurchaseOfPPE",-80625000,"USD","2024-09-30","TTM"
"FI","CASH FLOWS","DIOD","GainLossOnSaleOfPPE",-6016000,"USD","2024-09-30","TTM"
"FI","CASH FLOWS","DIOD","InvestingCashFlow",-31880000,"USD","2023-09-30","3M"
"FI","CASH FLOWS","DIOD","InvestingCashFlow",-28951000,"USD","2023-12-31","3M"
"FI","CASH FLOWS","DIOD","InvestingCashFlow",-18279000,"USD","2024-03-31","3M"
"FI","CASH FLOWS","DIOD","InvestingCashFlow",-12561000,"USD","2024-06-30","3M"
"FI","CASH FLOWS","DIOD","InvestingCashFlow",-18035000,"USD","2024-09-30","3M"
"FI","CASH FLOWS","DIOD","InvestingCashFlow",-77826000,"USD","2024-09-30","TTM"
"FI","CASH FLOWS","DIOD","LongTermDebtIssuance",15011000,"USD","2023-09-30","3M"
"FI","CASH FLOWS","DIOD","LongTermDebtIssuance",0,"USD","2023-12-31","3M"
"FI","CASH FLOWS","DIOD","LongTermDebtIssuance",3155000,"USD","2024-03-31","3M"
"FI","CASH FLOWS","DIOD","LongTermDebtIssuance",0,"USD","2024-06-30","3M"
"FI","CASH FLOWS","DIOD","LongTermDebtIssuance",3128000,"USD","2024-09-30","3M"
"FI","CASH FLOWS","DIOD","LongTermDebtIssuance",6283000,"USD","2024-09-30","TTM"
"FI","CASH FLOWS","DIOD","NetCommonStockIssuance",0,"USD","2023-06-30","3M"
"FI","CASH FLOWS","DIOD","NetCommonStockIssuance",0,"USD","2023-09-30","3M"
"FI","CASH FLOWS","DIOD","NetCommonStockIssuance",0,"USD","2023-12-31","3M"
"FI","CASH FLOWS","DIOD","NetInvestmentPurchaseAndSale",2337000,"USD","2023-09-30","3M"
"FI","CASH FLOWS","DIOD","NetInvestmentPurchaseAndSale",-7386000,"USD","2023-12-31","3M"
"FI","CASH FLOWS","DIOD","NetInvestmentPurchaseAndSale",80000,"USD","2024-03-31","3M"
"FI","CASH FLOWS","DIOD","NetInvestmentPurchaseAndSale",470000,"USD","2024-06-30","3M"
"FI","CASH FLOWS","DIOD","NetInvestmentPurchaseAndSale",1960000,"USD","2024-09-30","3M"
"FI","CASH FLOWS","DIOD","NetInvestmentPurchaseAndSale",-4876000,"USD","2024-09-30","TTM"
"FI","CASH FLOWS","DIOD","NetIssuancePaymentsOfDebt",-35271000,"USD","2023-09-30","3M"
"FI","CASH FLOWS","DIOD","NetIssuancePaymentsOfDebt",6055000,"USD","2023-12-31","3M"
"FI","CASH FLOWS","DIOD","NetIssuancePaymentsOfDebt",8628000,"USD","2024-03-31","3M"
"FI","CASH FLOWS","DIOD","NetIssuancePaymentsOfDebt",-22179000,"USD","2024-06-30","3M"
"FI","CASH FLOWS","DIOD","NetIssuancePaymentsOfDebt",9731000,"USD","2024-09-30","3M"
"FI","CASH FLOWS","DIOD","NetIssuancePaymentsOfDebt",2235000,"USD","2024-09-30","TTM"
"FI","CASH FLOWS","DIOD","PurchaseOfBusiness",0,"USD","2023-06-30","3M"
"FI","CASH FLOWS","DIOD","PurchaseOfBusiness",0,"USD","2023-09-30","3M"
"FI","CASH FLOWS","DIOD","PurchaseOfBusiness",-3000,"USD","2023-12-31","3M"
"FI","CASH FLOWS","DIOD","PurchaseOfInvestment",-1972000,"USD","2023-09-30","3M"
"FI","CASH FLOWS","DIOD","PurchaseOfInvestment",-7258000,"USD","2023-12-31","3M"
"FI","CASH FLOWS","DIOD","PurchaseOfInvestment",-1483000,"USD","2024-03-31","3M"
"FI","CASH FLOWS","DIOD","PurchaseOfInvestment",-631000,"USD","2024-06-30","3M"
"FI","CASH FLOWS","DIOD","PurchaseOfInvestment",-10844000,"USD","2024-09-30","3M"
"FI","CASH FLOWS","DIOD","PurchaseOfInvestment",-20216000,"USD","2024-09-30","TTM"
"FI","CASH FLOWS","DIOD","RepaymentOfDebt",-56684000,"USD","2023-09-30","3M"
"FI","CASH FLOWS","DIOD","RepaymentOfDebt",-6691000,"USD","2023-12-31","3M"
"FI","CASH FLOWS","DIOD","RepaymentOfDebt",-3439000,"USD","2024-03-31","3M"
"FI","CASH FLOWS","DIOD","RepaymentOfDebt",-66508000,"USD","2024-06-30","3M"
"FI","CASH FLOWS","DIOD","RepaymentOfDebt",-8040000,"USD","2024-09-30","3M"
"FI","CASH FLOWS","DIOD","RepaymentOfDebt",-84678000,"USD","2024-09-30","TTM"
"FI","CASH FLOWS","DIOD","SaleOfInvestment",4309000,"USD","2023-09-30","3M"
"FI","CASH FLOWS","DIOD","SaleOfInvestment",-128000,"USD","2023-12-31","3M"
"FI","CASH FLOWS","DIOD","SaleOfInvestment",1563000,"USD","2024-03-31","3M"
"FI","CASH FLOWS","DIOD","SaleOfInvestment",1101000,"USD","2024-06-30","3M"
"FI","CASH FLOWS","DIOD","SaleOfInvestment",12804000,"USD","2024-09-30","3M"
"FI","CASH FLOWS","DIOD","SaleOfInvestment",15340000,"USD","2024-09-30","TTM"
"FI","CASH FLOWS","DIOD","StockBasedCompensation",5969000,"USD","2023-09-30","3M"
"FI","CASH FLOWS","DIOD","StockBasedCompensation",7475000,"USD","2023-12-31","3M"
"FI","CASH FLOWS","DIOD","StockBasedCompensation",5072000,"USD","2024-03-31","3M"
"FI","CASH FLOWS","DIOD","StockBasedCompensation",4246000,"USD","2024-06-30","3M"
"FI","CASH FLOWS","DIOD","StockBasedCompensation",6765000,"USD","2024-09-30","3M"
"FI","CASH FLOWS","DIOD","StockBasedCompensation",23558000,"USD","2024-09-30","TTM"
"FI","BALANCE SHEET","DIOD","RawMaterials",183724000,"USD","2023-09-30","3M"
"FI","BALANCE SHEET","DIOD","RawMaterials",187096000,"USD","2023-12-31","3M"
"FI","BALANCE SHEET","DIOD","RawMaterials",184951000,"USD","2024-03-31","3M"
"FI","BALANCE SHEET","DIOD","RawMaterials",188145000,"USD","2024-06-30","3M"
"FI","BALANCE SHEET","DIOD","RawMaterials",209330000,"USD","2024-09-30","3M"
"FI","BALANCE SHEET","DIOD","RestrictedCash",2592000,"USD","2023-09-30","3M"
"FI","BALANCE SHEET","DIOD","RestrictedCash",3026000,"USD","2023-12-31","3M"
"FI","BALANCE SHEET","DIOD","RestrictedCash",4358000,"USD","2024-03-31","3M"
"FI","BALANCE SHEET","DIOD","RestrictedCash",2948000,"USD","2024-06-30","3M"
"FI","BALANCE SHEET","DIOD","RestrictedCash",5220000,"USD","2024-09-30","3M"
"FI","BALANCE SHEET","DIOD","StockholdersEquity",1689662000,"USD","2023-09-30","3M"
"FI","BALANCE SHEET","DIOD","StockholdersEquity",1740741000,"USD","2023-12-31","3M"
"FI","BALANCE SHEET","DIOD","StockholdersEquity",1748590000,"USD","2024-03-31","3M"
"FI","BALANCE SHEET","DIOD","StockholdersEquity",1774355000,"USD","2024-06-30","3M"
"FI","BALANCE SHEET","DIOD","StockholdersEquity",1811584000,"USD","2024-09-30","3M"
"FI","BALANCE SHEET","DIOD","TotalAssets",2340222000,"USD","2023-09-30","3M"
"FI","BALANCE SHEET","DIOD","TotalAssets",2367659000,"USD","2023-12-31","3M"
"FI","BALANCE SHEET","DIOD","TotalAssets",2356172000,"USD","2024-03-31","3M"
"FI","BALANCE SHEET","DIOD","TotalAssets",2361057000,"USD","2024-06-30","3M"
"FI","BALANCE SHEET","DIOD","TotalAssets",2389382000,"USD","2024-09-30","3M"
"FI","BALANCE SHEET","DIOD","TotalDebt",53198000,"USD","2023-09-30","3M"
"FI","BALANCE SHEET","DIOD","TotalDebt",98358000,"USD","2023-12-31","3M"
"FI","BALANCE SHEET","DIOD","TotalDebt",69837000,"USD","2024-03-31","3M"
"FI","BALANCE SHEET","DIOD","TotalDebt",46675000,"USD","2024-06-30","3M"
"FI","BALANCE SHEET","DIOD","TotalDebt",57867000,"USD","2024-09-30","3M"
"FI","BALANCE SHEET","DIOD","TotalLiabilitiesNetMinorityInterest",581339000,"USD","2023-09-30","3M"
"FI","BALANCE SHEET","DIOD","TotalLiabilitiesNetMinorityInterest",557982000,"USD","2023-12-31","3M"
"FI","BALANCE SHEET","DIOD","TotalLiabilitiesNetMinorityInterest",531361000,"USD","2024-03-31","3M"
"FI","BALANCE SHEET","DIOD","TotalLiabilitiesNetMinorityInterest",509481000,"USD","2024-06-30","3M"
"FI","BALANCE SHEET","DIOD","TotalLiabilitiesNetMinorityInterest",506073000,"USD","2024-09-30","3M"
"FI","BALANCE SHEET","DIOD","TotalNonCurrentLiabilitiesNetMinorityInterest",166432000,"USD","2023-09-30","3M"
"FI","BALANCE SHEET","DIOD","TotalNonCurrentLiabilitiesNetMinorityInterest",164484000,"USD","2023-12-31","3M"
"FI","BALANCE SHEET","DIOD","TotalNonCurrentLiabilitiesNetMinorityInterest",154082000,"USD","2024-03-31","3M"
"FI","BALANCE SHEET","DIOD","TotalNonCurrentLiabilitiesNetMinorityInterest",148526000,"USD","2024-06-30","3M"
"FI","BALANCE SHEET","DIOD","TotalNonCurrentLiabilitiesNetMinorityInterest",153290000,"USD","2024-09-30","3M"
"FI","BALANCE SHEET","DIOD","TotalTaxPayable",29892000,"USD","2023-09-30","3M"
"FI","BALANCE SHEET","DIOD","TotalTaxPayable",13677000,"USD","2023-12-31","3M"
"FI","BALANCE SHEET","DIOD","TotalTaxPayable",13283000,"USD","2024-03-31","3M"
"FI","BALANCE SHEET","DIOD","TotalTaxPayable",9145000,"USD","2024-06-30","3M"
"FI","BALANCE SHEET","DIOD","TotalTaxPayable",3506000,"USD","2024-09-30","3M"
"FI","CASH FLOWS","DIOD","AmortizationCashFlow",3808000,"USD","2023-09-30","3M"
"FI","CASH FLOWS","DIOD","AmortizationCashFlow",3806000,"USD","2023-12-31","3M"
"FI","CASH FLOWS","DIOD","AmortizationCashFlow",3810000,"USD","2024-03-31","3M"
"FI","CASH FLOWS","DIOD","AmortizationCashFlow",3854000,"USD","2024-06-30","3M"
"FI","CASH FLOWS","DIOD","AmortizationCashFlow",3833000,"USD","2024-09-30","3M"
"FI","CASH FLOWS","DIOD","AmortizationCashFlow",15303000,"USD","2024-09-30","TTM"
"FI","CASH FLOWS","DIOD","CashFlowFromContinuingInvestingActivities",-31880000,"USD","2023-09-30","3M"
"FI","CASH FLOWS","DIOD","CashFlowFromContinuingInvestingActivities",-28951000,"USD","2023-12-31","3M"
"FI","CASH FLOWS","DIOD","CashFlowFromContinuingInvestingActivities",-18279000,"USD","2024-03-31","3M"
"FI","CASH FLOWS","DIOD","CashFlowFromContinuingInvestingActivities",-12561000,"USD","2024-06-30","3M"
"FI","CASH FLOWS","DIOD","CashFlowFromContinuingInvestingActivities",-18035000,"USD","2024-09-30","3M"
"FI","CASH FLOWS","DIOD","CashFlowFromContinuingInvestingActivities",-77826000,"USD","2024-09-30","TTM"
"FI","CASH FLOWS","DIOD","ChangeInAccountPayable",10304000,"USD","2023-09-30","3M"
"FI","CASH FLOWS","DIOD","ChangeInAccountPayable",-5477000,"USD","2023-12-31","3M"
"FI","CASH FLOWS","DIOD","ChangeInAccountPayable",-9117000,"USD","2024-03-31","3M"
"FI","CASH FLOWS","DIOD","ChangeInAccountPayable",8210000,"USD","2024-06-30","3M"
"FI","CASH FLOWS","DIOD","ChangeInAccountPayable",-8293000,"USD","2024-09-30","3M"
"FI","CASH FLOWS","DIOD","ChangeInAccountPayable",-14677000,"USD","2024-09-30","TTM"
"FI","CASH FLOWS","DIOD","ChangeInAccruedExpense",9864000,"USD","2023-09-30","3M"
"FI","CASH FLOWS","DIOD","ChangeInAccruedExpense",-15834000,"USD","2023-12-31","3M"
"FI","CASH FLOWS","DIOD","ChangeInAccruedExpense",-15469000,"USD","2024-03-31","3M"
"FI","CASH FLOWS","DIOD","ChangeInAccruedExpense",-454000,"USD","2024-06-30","3M"
"FI","CASH FLOWS","DIOD","ChangeInAccruedExpense",-3516000,"USD","2024-09-30","3M"
"FI","CASH FLOWS","DIOD","ChangeInAccruedExpense",-35273000,"USD","2024-09-30","TTM"
"FI","CASH FLOWS","DIOD","ChangeInCashSupplementalAsReported",-27099000,"USD","2023-09-30","3M"
"FI","CASH FLOWS","DIOD","ChangeInCashSupplementalAsReported",20846000,"USD","2023-12-31","3M"
"FI","CASH FLOWS","DIOD","ChangeInCashSupplementalAsReported",-47923000,"USD","2024-03-31","3M"
"FI","CASH FLOWS","DIOD","ChangeInCashSupplementalAsReported",-2903000,"USD","2024-06-30","3M"
"FI","CASH FLOWS","DIOD","ChangeInCashSupplementalAsReported",49427000,"USD","2024-09-30","3M"
"FI","CASH FLOWS","DIOD","ChangeInCashSupplementalAsReported",19447000,"USD","2024-09-30","TTM"
"FI","CASH FLOWS","DIOD","ChangeInOtherCurrentLiabilities",1310000,"USD","2023-09-30","3M"
"FI","CASH FLOWS","DIOD","ChangeInOtherCurrentLiabilities",-1888000,"USD","2023-12-31","3M"
"FI","CASH FLOWS","DIOD","ChangeInOtherCurrentLiabilities",-1008000,"USD","2024-03-31","3M"
"FI","CASH FLOWS","DIOD","ChangeInOtherCurrentLiabilities",762000,"USD","2024-06-30","3M"
"FI","CASH FLOWS","DIOD","ChangeInOtherCurrentLiabilities",987000,"USD","2024-09-30","3M"
"FI","CASH FLOWS","DIOD","ChangeInOtherCurrentLiabilities",-1147000,"USD","2024-09-30","TTM"
"FI","CASH FLOWS","DIOD","ChangeInPayablesAndAccruedExpense",23927000,"USD","2023-09-30","3M"
"FI","CASH FLOWS","DIOD","ChangeInPayablesAndAccruedExpense",-41558000,"USD","2023-12-31","3M"
"FI","CASH FLOWS","DIOD","ChangeInPayablesAndAccruedExpense",-21729000,"USD","2024-03-31","3M"
"FI","CASH FLOWS","DIOD","ChangeInPayablesAndAccruedExpense",3741000,"USD","2024-06-30","3M"
"FI","CASH FLOWS","DIOD","ChangeInPayablesAndAccruedExpense",-17626000,"USD","2024-09-30","3M"
"FI","CASH FLOWS","DIOD","ChangeInPayablesAndAccruedExpense",-77172000,"USD","2024-09-30","TTM"
"FI","CASH FLOWS","DIOD","CommonStockIssuance",0,"USD","2023-06-30","3M"
"FI","CASH FLOWS","DIOD","CommonStockIssuance",0,"USD","2023-09-30","3M"
"FI","CASH FLOWS","DIOD","CommonStockIssuance",0,"USD","2023-12-31","3M"
"FI","CASH FLOWS","DIOD","EffectOfExchangeRateChanges",-1294000,"USD","2023-09-30","3M"
"FI","CASH FLOWS","DIOD","EffectOfExchangeRateChanges",5450000,"USD","2023-12-31","3M"
"FI","CASH FLOWS","DIOD","EffectOfExchangeRateChanges",-1683000,"USD","2024-03-31","3M"
"FI","CASH FLOWS","DIOD","EffectOfExchangeRateChanges",15415000,"USD","2024-06-30","3M"
"FI","CASH FLOWS","DIOD","EffectOfExchangeRateChanges",11667000,"USD","2024-09-30","3M"
"FI","CASH FLOWS","DIOD","EffectOfExchangeRateChanges",30849000,"USD","2024-09-30","TTM"
"FI","CASH FLOWS","DIOD","IncomeTaxPaidSupplementalData",24588000,"USD","2023-09-30","3M"
"FI","CASH FLOWS","DIOD","IncomeTaxPaidSupplementalData",9943000,"USD","2023-12-31","3M"
"FI","CASH FLOWS","DIOD","IncomeTaxPaidSupplementalData",2562000,"USD","2024-03-31","3M"
"FI","CASH FLOWS","DIOD","IncomeTaxPaidSupplementalData",6534000,"USD","2024-06-30","3M"
"FI","CASH FLOWS","DIOD","IncomeTaxPaidSupplementalData",9206000,"USD","2024-09-30","3M"
"FI","CASH FLOWS","DIOD","IncomeTaxPaidSupplementalData",28245000,"USD","2024-09-30","TTM"
"FI","CASH FLOWS","DIOD","IssuanceOfCapitalStock",0,"USD","2023-06-30","3M"
"FI","CASH FLOWS","DIOD","IssuanceOfCapitalStock",0,"USD","2023-09-30","3M"
"FI","CASH FLOWS","DIOD","IssuanceOfCapitalStock",0,"USD","2023-12-31","3M"
"FI","CASH FLOWS","DIOD","LongTermDebtPayments",-47276000,"USD","2023-09-30","3M"
"FI","CASH FLOWS","DIOD","LongTermDebtPayments",-3492000,"USD","2023-12-31","3M"
"FI","CASH FLOWS","DIOD","LongTermDebtPayments",-3439000,"USD","2024-03-31","3M"
"FI","CASH FLOWS","DIOD","LongTermDebtPayments",-261000,"USD","2024-06-30","3M"
"FI","CASH FLOWS","DIOD","LongTermDebtPayments",-1854000,"USD","2024-09-30","3M"
"FI","CASH FLOWS","DIOD","LongTermDebtPayments",-9046000,"USD","2024-09-30","TTM"
"FI","CASH FLOWS","DIOD","NetIncome",48720000,"USD","2023-09-30","3M"
"FI","CASH FLOWS","DIOD","NetIncome",25292000,"USD","2023-12-31","3M"
"FI","CASH FLOWS","DIOD","NetIncome",14038000,"USD","2024-03-31","3M"
"FI","CASH FLOWS","DIOD","NetIncome",8000000,"USD","2024-06-30","3M"
"FI","CASH FLOWS","DIOD","NetIncome",13745000,"USD","2024-09-30","3M"
"FI","CASH FLOWS","DIOD","NetIncome",61075000,"USD","2024-09-30","TTM"
"FI","CASH FLOWS","DIOD","NetIncomeFromContinuingOperations",49833000,"USD","2023-09-30","3M"
"FI","CASH FLOWS","DIOD","NetIncomeFromContinuingOperations",25107000,"USD","2023-12-31","3M"
"FI","CASH FLOWS","DIOD","NetIncomeFromContinuingOperations",15269000,"USD","2024-03-31","3M"
"FI","CASH FLOWS","DIOD","NetIncomeFromContinuingOperations",10161000,"USD","2024-06-30","3M"
"FI","CASH FLOWS","DIOD","NetIncomeFromContinuingOperations",15183000,"USD","2024-09-30","3M"
"FI","CASH FLOWS","DIOD","NetIncomeFromContinuingOperations",65720000,"USD","2024-09-30","TTM"
"FI","CASH FLOWS","DIOD","NetOtherFinancingCharges",-8748000,"USD","2023-09-30","3M"
"FI","CASH FLOWS","DIOD","NetOtherFinancingCharges",-100000,"USD","2023-12-31","3M"
"FI","CASH FLOWS","DIOD","NetOtherFinancingCharges",-5446000,"USD","2024-03-31","3M"
"FI","CASH FLOWS","DIOD","NetOtherFinancingCharges",2023000,"USD","2024-06-30","3M"
"FI","CASH FLOWS","DIOD","NetOtherFinancingCharges",-8293000,"USD","2024-09-30","3M"
"FI","CASH FLOWS","DIOD","NetOtherFinancingCharges",-11816000,"USD","2024-09-30","TTM"
"FI","CASH FLOWS","DIOD","NetPPEPurchaseAndSale",-36768000,"USD","2023-09-30","3M"
"FI","CASH FLOWS","DIOD","NetPPEPurchaseAndSale",-26605000,"USD","2023-12-31","3M"
"FI","CASH FLOWS","DIOD","NetPPEPurchaseAndSale",-20259000,"USD","2024-03-31","3M"
"FI","CASH FLOWS","DIOD","NetPPEPurchaseAndSale",-17904000,"USD","2024-06-30","3M"
"FI","CASH FLOWS","DIOD","NetPPEPurchaseAndSale",-14077000,"USD","2024-09-30","3M"
"FI","CASH FLOWS","DIOD","NetPPEPurchaseAndSale",-78845000,"USD","2024-09-30","TTM"
"FI","CASH FLOWS","DIOD","SaleOfPPE",1715000,"USD","2023-09-30","3M"
"FI","CASH FLOWS","DIOD","SaleOfPPE",692000,"USD","2023-12-31","3M"
"FI","CASH FLOWS","DIOD","SaleOfPPE",122000,"USD","2024-03-31","3M"
"FI","CASH FLOWS","DIOD","SaleOfPPE",43000,"USD","2024-06-30","3M"
"FI","CASH FLOWS","DIOD","SaleOfPPE",923000,"USD","2024-09-30","3M"
"FI","CASH FLOWS","DIOD","SaleOfPPE",1780000,"USD","2024-09-30","TTM"
"FI","CASH FLOWS","DIOD","ShortTermDebtIssuance",6413000,"USD","2023-09-30","3M"
"FI","CASH FLOWS","DIOD","ShortTermDebtIssuance",12827000,"USD","2023-12-31","3M"
"FI","CASH FLOWS","DIOD","ShortTermDebtIssuance",8926000,"USD","2024-03-31","3M"
"FI","CASH FLOWS","DIOD","ShortTermDebtIssuance",44342000,"USD","2024-06-30","3M"
"FI","CASH FLOWS","DIOD","ShortTermDebtIssuance",14652000,"USD","2024-09-30","3M"
"FI","CASH FLOWS","DIOD","ShortTermDebtIssuance",80747000,"USD","2024-09-30","TTM"
"FI","CASH FLOWS","DIOD","ShortTermDebtPayments",-9408000,"USD","2023-09-30","3M"
"FI","CASH FLOWS","DIOD","ShortTermDebtPayments",-3199000,"USD","2023-12-31","3M"
"FI","CASH FLOWS","DIOD","ShortTermDebtPayments",0,"USD","2024-03-31","3M"
"FI","CASH FLOWS","DIOD","ShortTermDebtPayments",-66247000,"USD","2024-06-30","3M"
"FI","CASH FLOWS","DIOD","ShortTermDebtPayments",-6186000,"USD","2024-09-30","3M"
"FI","CASH FLOWS","DIOD","ShortTermDebtPayments",-75632000,"USD","2024-09-30","TTM"
