"scgrp","sctest","sccat","scgrpid","sctest0","sctestcd","text"
"BALANCE SHEET","cashAndCashEquivalents","ASSETS","1","CashAndCashEquivalents","Cash And Cash Equivalents","BALANCE SHEET - ASSETS - Cash And Cash Equivalents"
"BALANCE SHEET","cashEquivalents","ASSETS","2","CashEquivalents","Cash Equivalents","BALANCE SHEET - ASSETS - Cash Equivalents"
"BALANCE SHEET","cashFinancial","ASSETS","3","CashFinancial","Cash Financial","BALANCE SHEET - ASSETS - Cash Financial"
"BALANCE SHEET","cashCashEquivalentsAndShortTermInvestments","ASSETS","4","CashCashEquivalentsAndShortTermInvestments","Cash Cash Equivalents And Short Term Investments","BALANCE SHEET - ASSETS - Cash Cash Equivalents And Short Term Investments"
"BALANCE SHEET","commercialPaper","ASSETS","5","CommercialPaper","Commercial Paper","BALANCE SHEET - ASSETS - Commercial Paper"
"BALANCE SHEET","accountsReceivable","ASSETS","6","AccountsReceivable","Accounts Receivable","BALANCE SHEET - ASSETS - Accounts Receivable"
"BALANCE SHEET","grossAccountsReceivable","ASSETS","7","GrossAccountsReceivable","Gross Accounts Receivable","BALANCE SHEET - ASSETS - Gross Accounts Receivable"
"BALANCE SHEET","allowanceForDoubtfulAccountsReceivable","ASSETS","8","AllowanceForDoubtfulAccountsReceivable","Allowance For Doubtful Accounts Receivable","BALANCE SHEET - ASSETS - Allowance For Doubtful Accounts Receivable"
"BALANCE SHEET","accruedInterestReceivable","ASSETS","9","AccruedInterestReceivable","Accrued Interest Receivable","BALANCE SHEET - ASSETS - Accrued Interest Receivable"
"BALANCE SHEET","netAccountsReceivable","ASSETS","10","NetAccountsReceivable","Net Accounts Receivable","BALANCE SHEET - ASSETS - Net Accounts Receivable"
"BALANCE SHEET","inventory","ASSETS","11","Inventory","Inventory","BALANCE SHEET - ASSETS - Inventory"
"BALANCE SHEET","rawMaterials","ASSETS","12","RawMaterials","Raw Materials","BALANCE SHEET - ASSETS - Raw Materials"
"BALANCE SHEET","workInProcess","ASSETS","13","WorkInProcess","Work In Process","BALANCE SHEET - ASSETS - Work In Process"
"BALANCE SHEET","currentAssets","ASSETS","14","CurrentAssets","Current Assets","BALANCE SHEET - ASSETS - Current Assets"
"BALANCE SHEET","finishedGoods","ASSETS","15","FinishedGoods","Finished Goods","BALANCE SHEET - ASSETS - Finished Goods"
"BALANCE SHEET","inventoriesAdjustmentsAllowances","ASSETS","16","InventoriesAdjustmentsAllowances","Inventories Adjustments Allowances","BALANCE SHEET - ASSETS - Inventories Adjustments Allowances"
"BALANCE SHEET","receivables","ASSETS","17","Receivables","Receivables","BALANCE SHEET - ASSETS - Receivables"
"BALANCE SHEET","otherInventories","ASSETS","18","OtherInventories","Other Inventories","BALANCE SHEET - ASSETS - Other Inventories"
"BALANCE SHEET","prepaidAssets","ASSETS","19","PrepaidAssets","Prepaid Assets","BALANCE SHEET - ASSETS - Prepaid Assets"
"BALANCE SHEET","taxesReceivable","ASSETS","20","TaxesReceivable","Taxes Receivable","BALANCE SHEET - ASSETS - Taxes Receivable"
"BALANCE SHEET","hedgingAssetsCurrent","ASSETS","21","HedgingAssetsCurrent","Hedging Assets Current","BALANCE SHEET - ASSETS - Hedging Assets Current"
"BALANCE SHEET","otherCurrentAssets","ASSETS","22","OtherCurrentAssets","Other Current Assets","BALANCE SHEET - ASSETS - Other Current Assets"
"BALANCE SHEET","assetsHeldForSaleCurrent","ASSETS","23","AssetsHeldForSaleCurrent","Assets Held For Sale Current","BALANCE SHEET - ASSETS - Assets Held For Sale Current"
"BALANCE SHEET","fixedAssetsRevaluationReserve","ASSETS","24","FixedAssetsRevaluationReserve","Fixed Assets Revaluation Reserve","BALANCE SHEET - ASSETS - Fixed Assets Revaluation Reserve"
"BALANCE SHEET","grossPPE","ASSETS","25","GrossPPE","Gross PPE","BALANCE SHEET - ASSETS - Gross PPE"
"BALANCE SHEET","accumulatedDepreciation","ASSETS","26","AccumulatedDepreciation","Accumulated Depreciation","BALANCE SHEET - ASSETS - Accumulated Depreciation"
"BALANCE SHEET","receivablesAdjustmentsAllowances","ASSETS","27","ReceivablesAdjustmentsAllowances","Receivables Adjustments Allowances","BALANCE SHEET - ASSETS - Receivables Adjustments Allowances"
"BALANCE SHEET","netPPE","ASSETS","28","NetPPE","Net PPE","BALANCE SHEET - ASSETS - Net PPE"
"BALANCE SHEET","currentDeferredAssets","ASSETS","29","CurrentDeferredAssets","Current Deferred Assets","BALANCE SHEET - ASSETS - Current Deferred Assets"
"BALANCE SHEET","landAndImprovements","ASSETS","30","LandAndImprovements","Land And Improvements","BALANCE SHEET - ASSETS - Land And Improvements"
"BALANCE SHEET","buildingsAndImprovements","ASSETS","31","BuildingsAndImprovements","Buildings And Improvements","BALANCE SHEET - ASSETS - Buildings And Improvements"
"BALANCE SHEET","machineryFurnitureEquipment","ASSETS","32","MachineryFurnitureEquipment","Machinery Furniture Equipment","BALANCE SHEET - ASSETS - Machinery Furniture Equipment"
"BALANCE SHEET","constructionInProgress","ASSETS","33","ConstructionInProgress","Construction In Progress","BALANCE SHEET - ASSETS - Construction In Progress"
"BALANCE SHEET","investmentsAndAdvances","ASSETS","34","InvestmentsAndAdvances","Investments And Advances","BALANCE SHEET - ASSETS - Investments And Advances"
"BALANCE SHEET","investmentinFinancialAssets","ASSETS","35","InvestmentinFinancialAssets","Investmentin Financial Assets","BALANCE SHEET - ASSETS - Investmentin Financial Assets"
"BALANCE SHEET","investmentsInOtherVenturesUnderEquityMethod","ASSETS","36","InvestmentsInOtherVenturesUnderEquityMethod","Investments In Other Ventures Under Equity Method","BALANCE SHEET - ASSETS - Investments In Other Ventures Under Equity Method"
"BALANCE SHEET","investmentsinAssociatesatCost","ASSETS","37","InvestmentsinAssociatesatCost","Investmentsin Associatesat Cost","BALANCE SHEET - ASSETS - Investmentsin Associatesat Cost"
"BALANCE SHEET","investmentsinJointVenturesatCost","ASSETS","38","InvestmentsinJointVenturesatCost","Investmentsin Joint Venturesat Cost","BALANCE SHEET - ASSETS - Investmentsin Joint Venturesat Cost"
"BALANCE SHEET","investmentsinSubsidiariesatCost","ASSETS","39","InvestmentsinSubsidiariesatCost","Investmentsin Subsidiariesat Cost","BALANCE SHEET - ASSETS - Investmentsin Subsidiariesat Cost"
"BALANCE SHEET","investmentProperties","ASSETS","40","InvestmentProperties","Investment Properties","BALANCE SHEET - ASSETS - Investment Properties"
"BALANCE SHEET","goodwill","ASSETS","41","Goodwill","Goodwill","BALANCE SHEET - ASSETS - Goodwill"
"BALANCE SHEET","goodwillAndOtherIntangibleAssets","ASSETS","42","GoodwillAndOtherIntangibleAssets","Goodwill And Other Intangible Assets","BALANCE SHEET - ASSETS - Goodwill And Other Intangible Assets"
"BALANCE SHEET","otherIntangibleAssets","ASSETS","43","OtherIntangibleAssets","Other Intangible Assets","BALANCE SHEET - ASSETS - Other Intangible Assets"
"BALANCE SHEET","leases","ASSETS","44","Leases","Leases","BALANCE SHEET - ASSETS - Leases"
"BALANCE SHEET","otherProperties","OTHER","45","OtherProperties","Other Properties","BALANCE SHEET - OTHER - Other Properties"
"BALANCE SHEET","nonCurrentAccountsReceivable","ASSETS","46","NonCurrentAccountsReceivable","Non Current Accounts Receivable","BALANCE SHEET - ASSETS - Non Current Accounts Receivable"
"BALANCE SHEET","properties","ASSETS","47","Properties","Properties","BALANCE SHEET - ASSETS - Properties"
"BALANCE SHEET","nonCurrentDeferredAssets","ASSETS","48","NonCurrentDeferredAssets","Non Current Deferred Assets","BALANCE SHEET - ASSETS - Non Current Deferred Assets"
"BALANCE SHEET","nonCurrentPrepaidAssets","ASSETS","49","NonCurrentPrepaidAssets","Non Current Prepaid Assets","BALANCE SHEET - ASSETS - Non Current Prepaid Assets"
"BALANCE SHEET","heldToMaturitySecurities","ASSETS","50","HeldToMaturitySecurities","Held To Maturity Securities","BALANCE SHEET - ASSETS - Held To Maturity Securities"
"BALANCE SHEET","availableForSaleSecurities","ASSETS","51","AvailableForSaleSecurities","Available For Sale Securities","BALANCE SHEET - ASSETS - Available For Sale Securities"
"BALANCE SHEET","otherNonCurrentAssets","ASSETS","52","OtherNonCurrentAssets","Other Non Current Assets","BALANCE SHEET - ASSETS - Other Non Current Assets"
"BALANCE SHEET","financialAssets","ASSETS","53","FinancialAssets","Financial Assets","BALANCE SHEET - ASSETS - Financial Assets"
"BALANCE SHEET","financialAssetsDesignatedasFairValueThroughProfitorLossTotal","ASSETS","54","FinancialAssetsDesignatedasFairValueThroughProfitorLossTotal","Financial Assets Designatedas Fair Value Through Profitor Loss Total","BALANCE SHEET - ASSETS - Financial Assets Designatedas Fair Value Through Profitor Loss Total"
"BALANCE SHEET","otherInvestments","ASSETS","55","OtherInvestments","Other Investments","BALANCE SHEET - ASSETS - Other Investments"
"BALANCE SHEET","tradingSecurities","OTHER","56","TradingSecurities","Trading Securities","BALANCE SHEET - OTHER - Trading Securities"
"BALANCE SHEET","netTangibleAssets","ASSETS","57","NetTangibleAssets","Net Tangible Assets","BALANCE SHEET - ASSETS - Net Tangible Assets"
"BALANCE SHEET","otherShortTermInvestments","OTHER","58","OtherShortTermInvestments","Other Short Term Investments","BALANCE SHEET - OTHER - Other Short Term Investments"
"BALANCE SHEET","restrictedCash","ASSETS","59","RestrictedCash","Restricted Cash","BALANCE SHEET - ASSETS - Restricted Cash"
"BALANCE SHEET","totalAssets","ASSETS","60","TotalAssets","Total Assets","BALANCE SHEET - ASSETS - Total Assets"
"BALANCE SHEET","accountsPayable","LIABILITIES","61","AccountsPayable","Accounts Payable","BALANCE SHEET - LIABILITIES - Accounts Payable"
"BALANCE SHEET","payables","LIABILITIES","62","Payables","Payables","BALANCE SHEET - LIABILITIES - Payables"
"BALANCE SHEET","payablesAndAccruedExpenses","LIABILITIES","63","PayablesAndAccruedExpenses","Payables And Accrued Expenses","BALANCE SHEET - LIABILITIES - Payables And Accrued Expenses"
"BALANCE SHEET","dividendsPayable","OTHER","64","DividendsPayable","Dividends Payable","BALANCE SHEET - OTHER - Dividends Payable"
"BALANCE SHEET","incomeTaxPayable","LIABILITIES","65","IncomeTaxPayable","Income Tax Payable","BALANCE SHEET - LIABILITIES - Income Tax Payable"
"BALANCE SHEET","interestPayable","LIABILITIES","66","InterestPayable","Interest Payable","BALANCE SHEET - LIABILITIES - Interest Payable"
"BALANCE SHEET","otherCurrentLiabilities","LIABILITIES","67","OtherCurrentLiabilities","Other Current Liabilities","BALANCE SHEET - LIABILITIES - Other Current Liabilities"
"BALANCE SHEET","currentAccruedExpenses","LIABILITIES","68","CurrentAccruedExpenses","Current Accrued Expenses","BALANCE SHEET - LIABILITIES - Current Accrued Expenses"
"BALANCE SHEET","currentLiabilities","LIABILITIES","69","CurrentLiabilities","Current Liabilities","BALANCE SHEET - LIABILITIES - Current Liabilities"
"BALANCE SHEET","currentProvisions","LIABILITIES","70","CurrentProvisions","Current Provisions","BALANCE SHEET - LIABILITIES - Current Provisions"
"BALANCE SHEET","pensionandOtherPostRetirementBenefitPlansCurrent","LIABILITIES","71","PensionandOtherPostRetirementBenefitPlansCurrent","Pensionand Other Post Retirement Benefit Plans Current","BALANCE SHEET - LIABILITIES - Pensionand Other Post Retirement Benefit Plans Current"
"BALANCE SHEET","currentDeferredRevenue","LIABILITIES","72","CurrentDeferredRevenue","Current Deferred Revenue","BALANCE SHEET - LIABILITIES - Current Deferred Revenue"
"BALANCE SHEET","currentDeferredTaxesAssets","ASSETS","73","CurrentDeferredTaxesAssets","Current Deferred Taxes Assets","BALANCE SHEET - ASSETS - Current Deferred Taxes Assets"
"BALANCE SHEET","currentDeferredTaxesLiabilities","LIABILITIES","74","CurrentDeferredTaxesLiabilities","Current Deferred Taxes Liabilities","BALANCE SHEET - LIABILITIES - Current Deferred Taxes Liabilities"
"BALANCE SHEET","duefromRelatedPartiesCurrent","ASSETS","75","DuefromRelatedPartiesCurrent","Duefrom Related Parties Current","BALANCE SHEET - ASSETS - Duefrom Related Parties Current"
"BALANCE SHEET","duetoRelatedPartiesCurrent","LIABILITIES","76","DuetoRelatedPartiesCurrent","Dueto Related Parties Current","BALANCE SHEET - LIABILITIES - Dueto Related Parties Current"
"BALANCE SHEET","otherCurrentBorrowings","LIABILITIES","77","OtherCurrentBorrowings","Other Current Borrowings","BALANCE SHEET - LIABILITIES - Other Current Borrowings"
"BALANCE SHEET","currentDebt","LIABILITIES","78","CurrentDebt","Current Debt","BALANCE SHEET - LIABILITIES - Current Debt"
"BALANCE SHEET","currentNotesPayable","LIABILITIES","79","CurrentNotesPayable","Current Notes Payable","BALANCE SHEET - LIABILITIES - Current Notes Payable"
"BALANCE SHEET","currentDebtAndCapitalLeaseObligation","LIABILITIES","80","CurrentDebtAndCapitalLeaseObligation","Current Debt And Capital Lease Obligation","BALANCE SHEET - LIABILITIES - Current Debt And Capital Lease Obligation"
"BALANCE SHEET","currentCapitalLeaseObligation","LIABILITIES","81","CurrentCapitalLeaseObligation","Current Capital Lease Obligation","BALANCE SHEET - LIABILITIES - Current Capital Lease Obligation"
"BALANCE SHEET","liabilitiesHeldforSaleNonCurrent","LIABILITIES","82","LiabilitiesHeldforSaleNonCurrent","Liabilities Heldfor Sale Non Current","BALANCE SHEET - LIABILITIES - Liabilities Heldfor Sale Non Current"
"BALANCE SHEET","longTermDebt","LIABILITIES","83","LongTermDebt","Long Term Debt","BALANCE SHEET - LIABILITIES - Long Term Debt"
"BALANCE SHEET","currentDeferredLiabilities","LIABILITIES","84","CurrentDeferredLiabilities","Current Deferred Liabilities","BALANCE SHEET - LIABILITIES - Current Deferred Liabilities"
"BALANCE SHEET","longTermCapitalLeaseObligation","LIABILITIES","85","LongTermCapitalLeaseObligation","Long Term Capital Lease Obligation","BALANCE SHEET - LIABILITIES - Long Term Capital Lease Obligation"
"BALANCE SHEET","longTermDebtAndCapitalLeaseObligation","LIABILITIES","86","LongTermDebtAndCapitalLeaseObligation","Long Term Debt And Capital Lease Obligation","BALANCE SHEET - LIABILITIES - Long Term Debt And Capital Lease Obligation"
"CASH FLOWS","saleOfPPE","INVESTING ACTIVITIES","61","SaleOfPPE","Sale Of PPE","CASH FLOWS - INVESTING ACTIVITIES - Sale Of PPE"
"BALANCE SHEET","longTermEquityInvestment","ASSETS","87","LongTermEquityInvestment","Long Term Equity Investment","BALANCE SHEET - ASSETS - Long Term Equity Investment"
"BALANCE SHEET","longTermProvisions","LIABILITIES","88","LongTermProvisions","Long Term Provisions","BALANCE SHEET - LIABILITIES - Long Term Provisions"
"BALANCE SHEET","derivativeProductLiabilities","OTHER","89","DerivativeProductLiabilities","Derivative Product Liabilities","BALANCE SHEET - OTHER - Derivative Product Liabilities"
"BALANCE SHEET","nonCurrentDeferredLiabilities","LIABILITIES","90","NonCurrentDeferredLiabilities","Non Current Deferred Liabilities","BALANCE SHEET - LIABILITIES - Non Current Deferred Liabilities"
"BALANCE SHEET","nonCurrentDeferredRevenue","LIABILITIES","91","NonCurrentDeferredRevenue","Non Current Deferred Revenue","BALANCE SHEET - LIABILITIES - Non Current Deferred Revenue"
"BALANCE SHEET","nonCurrentDeferredTaxesAssets","ASSETS","92","NonCurrentDeferredTaxesAssets","Non Current Deferred Taxes Assets","BALANCE SHEET - ASSETS - Non Current Deferred Taxes Assets"
"BALANCE SHEET","nonCurrentDeferredTaxesLiabilities","LIABILITIES","93","NonCurrentDeferredTaxesLiabilities","Non Current Deferred Taxes Liabilities","BALANCE SHEET - LIABILITIES - Non Current Deferred Taxes Liabilities"
"BALANCE SHEET","nonCurrentAccruedExpenses","LIABILITIES","94","NonCurrentAccruedExpenses","Non Current Accrued Expenses","BALANCE SHEET - LIABILITIES - Non Current Accrued Expenses"
"BALANCE SHEET","nonCurrentNoteReceivables","ASSETS","95","NonCurrentNoteReceivables","Non Current Note Receivables","BALANCE SHEET - ASSETS - Non Current Note Receivables"
"BALANCE SHEET","nonCurrentPensionAndOtherPostretirementBenefitPlans","LIABILITIES","96","NonCurrentPensionAndOtherPostretirementBenefitPlans","Non Current Pension And Other Postretirement Benefit Plans","BALANCE SHEET - LIABILITIES - Non Current Pension And Other Postretirement Benefit Plans"
"BALANCE SHEET","duefromRelatedPartiesNonCurrent","ASSETS","97","DuefromRelatedPartiesNonCurrent","Duefrom Related Parties Non Current","BALANCE SHEET - ASSETS - Duefrom Related Parties Non Current"
"BALANCE SHEET","duetoRelatedPartiesNonCurrent","LIABILITIES","98","DuetoRelatedPartiesNonCurrent","Dueto Related Parties Non Current","BALANCE SHEET - LIABILITIES - Dueto Related Parties Non Current"
"BALANCE SHEET","minimumPensionLiabilities","LIABILITIES","99","MinimumPensionLiabilities","Minimum Pension Liabilities","BALANCE SHEET - LIABILITIES - Minimum Pension Liabilities"
"BALANCE SHEET","tradeandOtherPayablesNonCurrent","LIABILITIES","100","TradeandOtherPayablesNonCurrent","Tradeand Other Payables Non Current","BALANCE SHEET - LIABILITIES - Tradeand Other Payables Non Current"
"BALANCE SHEET","otherNonCurrentLiabilities","LIABILITIES","101","OtherNonCurrentLiabilities","Other Non Current Liabilities","BALANCE SHEET - LIABILITIES - Other Non Current Liabilities"
"BALANCE SHEET","totalLiabilitiesNetMinorityInterest","LIABILITIES","102","TotalLiabilitiesNetMinorityInterest","Total Liabilities Net Minority Interest","BALANCE SHEET - LIABILITIES - Total Liabilities Net Minority Interest"
"BALANCE SHEET","commonStock","EQUITY","103","CommonStock","Common Stock","BALANCE SHEET - EQUITY - Common Stock"
"BALANCE SHEET","commonStockEquity","EQUITY","104","CommonStockEquity","Common Stock Equity","BALANCE SHEET - EQUITY - Common Stock Equity"
"BALANCE SHEET","capitalLeaseObligations","LIABILITIES","105","CapitalLeaseObligations","Capital Lease Obligations","BALANCE SHEET - LIABILITIES - Capital Lease Obligations"
"BALANCE SHEET","preferredStock","EQUITY","106","PreferredStock","Preferred Stock","BALANCE SHEET - EQUITY - Preferred Stock"
"BALANCE SHEET","preferredStockEquity","EQUITY","107","PreferredStockEquity","Preferred Stock Equity","BALANCE SHEET - EQUITY - Preferred Stock Equity"
"BALANCE SHEET","additionalPaidInCapital","EQUITY","108","AdditionalPaidInCapital","Additional Paid In Capital","BALANCE SHEET - EQUITY - Additional Paid In Capital"
"BALANCE SHEET","capitalStock","EQUITY","109","CapitalStock","Capital Stock","BALANCE SHEET - EQUITY - Capital Stock"
"BALANCE SHEET","retainedEarnings","EQUITY","110","RetainedEarnings","Retained Earnings","BALANCE SHEET - EQUITY - Retained Earnings"
"BALANCE SHEET","treasuryStock","EQUITY","111","TreasuryStock","Treasury Stock","BALANCE SHEET - EQUITY - Treasury Stock"
"BALANCE SHEET","tangibleBookValue","EQUITY","112","TangibleBookValue","Tangible Book Value","BALANCE SHEET - EQUITY - Tangible Book Value"
"BALANCE SHEET","unrealizedGainLoss","OTHER","113","UnrealizedGainLoss","Unrealized Gain Loss","BALANCE SHEET - OTHER - Unrealized Gain Loss"
"BALANCE SHEET","otherEquityAdjustments","EQUITY","114","OtherEquityAdjustments","Other Equity Adjustments","BALANCE SHEET - EQUITY - Other Equity Adjustments"
"BALANCE SHEET","preferredSharesNumber","EQUITY","115","PreferredSharesNumber","Preferred Shares Number","BALANCE SHEET - EQUITY - Preferred Shares Number"
"BALANCE SHEET","otherEquityInterest","EQUITY","116","OtherEquityInterest","Other Equity Interest","BALANCE SHEET - EQUITY - Other Equity Interest"
"BALANCE SHEET","foreignCurrencyTranslationAdjustments","OTHER","117","ForeignCurrencyTranslationAdjustments","Foreign Currency Translation Adjustments","BALANCE SHEET - OTHER - Foreign Currency Translation Adjustments"
"BALANCE SHEET","gainsLossesNotAffectingRetainedEarnings","OTHER","118","GainsLossesNotAffectingRetainedEarnings","Gains Losses Not Affecting Retained Earnings","BALANCE SHEET - OTHER - Gains Losses Not Affecting Retained Earnings"
"BALANCE SHEET","minorityInterest","EQUITY","119","MinorityInterest","Minority Interest","BALANCE SHEET - EQUITY - Minority Interest"
"BALANCE SHEET","treasurySharesNumber","EQUITY","120","TreasurySharesNumber","Treasury Shares Number","BALANCE SHEET - EQUITY - Treasury Shares Number"
"BALANCE SHEET","totalEquityGrossMinorityInterest","EQUITY","121","TotalEquityGrossMinorityInterest","Total Equity Gross Minority Interest","BALANCE SHEET - EQUITY - Total Equity Gross Minority Interest"
"BALANCE SHEET","netDebt","OTHER","122","NetDebt","Net Debt","BALANCE SHEET - OTHER - Net Debt"
"BALANCE SHEET","totalDebt","OTHER","123","TotalDebt","Total Debt","BALANCE SHEET - OTHER - Total Debt"
"BALANCE SHEET","generalPartnershipCapital","EQUITY","124","GeneralPartnershipCapital","General Partnership Capital","BALANCE SHEET - EQUITY - General Partnership Capital"
"BALANCE SHEET","totalCapitalization","EQUITY","125","TotalCapitalization","Total Capitalization","BALANCE SHEET - EQUITY - Total Capitalization"
"BALANCE SHEET","limitedPartnershipCapital","EQUITY","126","LimitedPartnershipCapital","Limited Partnership Capital","BALANCE SHEET - EQUITY - Limited Partnership Capital"
"BALANCE SHEET","workingCapital","OTHER","127","WorkingCapital","Working Capital","BALANCE SHEET - OTHER - Working Capital"
"BALANCE SHEET","totalPartnershipCapital","EQUITY","128","TotalPartnershipCapital","Total Partnership Capital","BALANCE SHEET - EQUITY - Total Partnership Capital"
"BALANCE SHEET","restrictedCommonStock","EQUITY","129","RestrictedCommonStock","Restricted Common Stock","BALANCE SHEET - EQUITY - Restricted Common Stock"
"BALANCE SHEET","ordinarySharesNumber","EQUITY","130","OrdinarySharesNumber","Ordinary Shares Number","BALANCE SHEET - EQUITY - Ordinary Shares Number"
"BALANCE SHEET","preferredSecuritiesOutsideStockEquity","EQUITY","131","PreferredSecuritiesOutsideStockEquity","Preferred Securities Outside Stock Equity","BALANCE SHEET - EQUITY - Preferred Securities Outside Stock Equity"
"BALANCE SHEET","stockholdersEquity","EQUITY","132","StockholdersEquity","Stockholders Equity","BALANCE SHEET - EQUITY - Stockholders Equity"
"BALANCE SHEET","shareIssued","EQUITY","133","ShareIssued","Share Issued","BALANCE SHEET - EQUITY - Share Issued"
"BALANCE SHEET","totalNonCurrentAssets","OTHER","134","TotalNonCurrentAssets","Total Non Current Assets","BALANCE SHEET - OTHER - Total Non Current Assets"
"BALANCE SHEET","totalNonCurrentLiabilitiesNetMinorityInterest","OTHER","135","TotalNonCurrentLiabilitiesNetMinorityInterest","Total Non Current Liabilities Net Minority Interest","BALANCE SHEET - OTHER - Total Non Current Liabilities Net Minority Interest"
"BALANCE SHEET","totalTaxPayable","OTHER","136","TotalTaxPayable","Total Tax Payable","BALANCE SHEET - OTHER - Total Tax Payable"
"BALANCE SHEET","lineOfCredit","OTHER","137","LineOfCredit","Line Of Credit","BALANCE SHEET - OTHER - Line Of Credit"
"BALANCE SHEET","employeeBenefits","OTHER","138","EmployeeBenefits","Employee Benefits","BALANCE SHEET - OTHER - Employee Benefits"
"BALANCE SHEET","definedPensionBenefit","OTHER","139","DefinedPensionBenefit","Defined Pension Benefit","BALANCE SHEET - OTHER - Defined Pension Benefit"
"BALANCE SHEET","otherPayable","OTHER","140","OtherPayable","Other Payable","BALANCE SHEET - OTHER - Other Payable"
"BALANCE SHEET","otherReceivables","OTHER","141","OtherReceivables","Other Receivables","BALANCE SHEET - OTHER - Other Receivables"
"BALANCE SHEET","notesReceivable","OTHER","142","NotesReceivable","Notes Receivable","BALANCE SHEET - OTHER - Notes Receivable"
"BALANCE SHEET","loansReceivable","OTHER","143","LoansReceivable","Loans Receivable","BALANCE SHEET - OTHER - Loans Receivable"
"BALANCE SHEET","investedCapital","OTHER","144","InvestedCapital","Invested Capital","BALANCE SHEET - OTHER - Invested Capital"
"CASH FLOWS","receiptsfromCustomers","OPERATING ACTIVITIES","1","ReceiptsfromCustomers","Receiptsfrom Customers","CASH FLOWS - OPERATING ACTIVITIES - Receiptsfrom Customers"
"CASH FLOWS","dividendReceivedCFO","OPERATING ACTIVITIES","2","DividendReceivedCFO","Dividend Received CFO","CASH FLOWS - OPERATING ACTIVITIES - Dividend Received CFO"
"CASH FLOWS","dividendsReceivedDirect","FINANCING ACTIVITIES","3","DividendsReceivedDirect","Dividends Received Direct","CASH FLOWS - FINANCING ACTIVITIES - Dividends Received Direct"
"CASH FLOWS","interestReceivedCFO","OPERATING ACTIVITIES","4","InterestReceivedCFO","Interest Received CFO","CASH FLOWS - OPERATING ACTIVITIES - Interest Received CFO"
"CASH FLOWS","interestReceivedDirect","OPERATING ACTIVITIES","5","InterestReceivedDirect","Interest Received Direct","CASH FLOWS - OPERATING ACTIVITIES - Interest Received Direct"
"CASH FLOWS","classesofCashReceiptsfromOperatingActivities","OPERATING ACTIVITIES","6","ClassesofCashReceiptsfromOperatingActivities","Classesof Cash Receiptsfrom Operating Activities","CASH FLOWS - OPERATING ACTIVITIES - Classesof Cash Receiptsfrom Operating Activities"
"CASH FLOWS","otherCashReceiptsfromOperatingActivities","OPERATING ACTIVITIES","7","OtherCashReceiptsfromOperatingActivities","Other Cash Receiptsfrom Operating Activities","CASH FLOWS - OPERATING ACTIVITIES - Other Cash Receiptsfrom Operating Activities"
"CASH FLOWS","changeInAccountPayable","OPERATING ACTIVITIES","8","ChangeInAccountPayable","Change In Account Payable","CASH FLOWS - OPERATING ACTIVITIES - Change In Account Payable"
"CASH FLOWS","paymentstoSuppliersforGoodsandServices","OPERATING ACTIVITIES","9","PaymentstoSuppliersforGoodsandServices","Paymentsto Suppliersfor Goodsand Services","CASH FLOWS - OPERATING ACTIVITIES - Paymentsto Suppliersfor Goodsand Services"
"CASH FLOWS","paymentsonBehalfofEmployees","OPERATING ACTIVITIES","10","PaymentsonBehalfofEmployees","Paymentson Behalfof Employees","CASH FLOWS - OPERATING ACTIVITIES - Paymentson Behalfof Employees"
"CASH FLOWS","changeInDividendPayable","OPERATING ACTIVITIES","11","ChangeInDividendPayable","Change In Dividend Payable","CASH FLOWS - OPERATING ACTIVITIES - Change In Dividend Payable"
"CASH FLOWS","changeInPayable","OPERATING ACTIVITIES","12","ChangeInPayable","Change In Payable","CASH FLOWS - OPERATING ACTIVITIES - Change In Payable"
"CASH FLOWS","incomeTaxPaidSupplementalData","OPERATING ACTIVITIES","13","IncomeTaxPaidSupplementalData","Income Tax Paid Supplemental Data","CASH FLOWS - OPERATING ACTIVITIES - Income Tax Paid Supplemental Data"
"CASH FLOWS","taxesRefundPaid","OPERATING ACTIVITIES","14","TaxesRefundPaid","Taxes Refund Paid","CASH FLOWS - OPERATING ACTIVITIES - Taxes Refund Paid"
"CASH FLOWS","taxesRefundPaidDirect","OPERATING ACTIVITIES","15","TaxesRefundPaidDirect","Taxes Refund Paid Direct","CASH FLOWS - OPERATING ACTIVITIES - Taxes Refund Paid Direct"
"CASH FLOWS","interestPaidCFO","OPERATING ACTIVITIES","16","InterestPaidCFO","Interest Paid CFO","CASH FLOWS - OPERATING ACTIVITIES - Interest Paid CFO"
"CASH FLOWS","interestPaidDirect","OPERATING ACTIVITIES","17","InterestPaidDirect","Interest Paid Direct","CASH FLOWS - OPERATING ACTIVITIES - Interest Paid Direct"
"CASH FLOWS","dividendPaidCFO","FINANCING ACTIVITIES","18","DividendPaidCFO","Dividend Paid CFO","CASH FLOWS - FINANCING ACTIVITIES - Dividend Paid CFO"
"CASH FLOWS","otherCashPaymentsfromOperatingActivities","OPERATING ACTIVITIES","19","OtherCashPaymentsfromOperatingActivities","Other Cash Paymentsfrom Operating Activities","CASH FLOWS - OPERATING ACTIVITIES - Other Cash Paymentsfrom Operating Activities"
"CASH FLOWS","changeInPayablesAndAccruedExpense","OPERATING ACTIVITIES","20","ChangeInPayablesAndAccruedExpense","Change In Payables And Accrued Expense","CASH FLOWS - OPERATING ACTIVITIES - Change In Payables And Accrued Expense"
"CASH FLOWS","changeInOtherCurrentLiabilities","OPERATING ACTIVITIES","21","ChangeInOtherCurrentLiabilities","Change In Other Current Liabilities","CASH FLOWS - OPERATING ACTIVITIES - Change In Other Current Liabilities"
"CASH FLOWS","changeInOtherWorkingCapital","OPERATING ACTIVITIES","22","ChangeInOtherWorkingCapital","Change In Other Working Capital","CASH FLOWS - OPERATING ACTIVITIES - Change In Other Working Capital"
"CASH FLOWS","changeInInventory","OPERATING ACTIVITIES","23","ChangeInInventory","Change In Inventory","CASH FLOWS - OPERATING ACTIVITIES - Change In Inventory"
"CASH FLOWS","changeInReceivables","OPERATING ACTIVITIES","24","ChangeInReceivables","Change In Receivables","CASH FLOWS - OPERATING ACTIVITIES - Change In Receivables"
"CASH FLOWS","changeInTaxPayable","OPERATING ACTIVITIES","25","ChangeInTaxPayable","Change In Tax Payable","CASH FLOWS - OPERATING ACTIVITIES - Change In Tax Payable"
"CASH FLOWS","changeInPrepaidAssets","OPERATING ACTIVITIES","26","ChangeInPrepaidAssets","Change In Prepaid Assets","CASH FLOWS - OPERATING ACTIVITIES - Change In Prepaid Assets"
"CASH FLOWS","changeInWorkingCapital","OPERATING ACTIVITIES","27","ChangeInWorkingCapital","Change In Working Capital","CASH FLOWS - OPERATING ACTIVITIES - Change In Working Capital"
"CASH FLOWS","changeInAccruedExpense","OPERATING ACTIVITIES","28","ChangeInAccruedExpense","Change In Accrued Expense","CASH FLOWS - OPERATING ACTIVITIES - Change In Accrued Expense"
"CASH FLOWS","changeInIncomeTaxPayable","OPERATING ACTIVITIES","29","ChangeInIncomeTaxPayable","Change In Income Tax Payable","CASH FLOWS - OPERATING ACTIVITIES - Change In Income Tax Payable"
"CASH FLOWS","changesInCash (Operating Component)","OPERATING ACTIVITIES","30","ChangesInCash (Operating Component)","Changes In Cash (Operating Component)","CASH FLOWS - OPERATING ACTIVITIES - Changes In Cash (Operating Component)"
"CASH FLOWS","changeInInterestPayable","OPERATING ACTIVITIES","31","ChangeInInterestPayable","Change In Interest Payable","CASH FLOWS - OPERATING ACTIVITIES - Change In Interest Payable"
"CASH FLOWS","classesofCashPayments","OPERATING ACTIVITIES","32","ClassesofCashPayments","Classesof Cash Payments","CASH FLOWS - OPERATING ACTIVITIES - Classesof Cash Payments"
"CASH FLOWS","deferredIncomeTax","OPERATING ACTIVITIES","33","DeferredIncomeTax","Deferred Income Tax","CASH FLOWS - OPERATING ACTIVITIES - Deferred Income Tax"
"CASH FLOWS","deferredTax","OPERATING ACTIVITIES","34","DeferredTax","Deferred Tax","CASH FLOWS - OPERATING ACTIVITIES - Deferred Tax"
"CASH FLOWS","pensionAndEmployeeBenefitExpense","OPERATING ACTIVITIES","35","PensionAndEmployeeBenefitExpense","Pension And Employee Benefit Expense","CASH FLOWS - OPERATING ACTIVITIES - Pension And Employee Benefit Expense"
"CASH FLOWS","changesInAccountReceivables","OPERATING ACTIVITIES","36","ChangesInAccountReceivables","Changes In Account Receivables","CASH FLOWS - OPERATING ACTIVITIES - Changes In Account Receivables"
"CASH FLOWS","depletion","OPERATING ACTIVITIES","37","Depletion","Depletion","CASH FLOWS - OPERATING ACTIVITIES - Depletion"
"CASH FLOWS","changeInOtherCurrentAssets","OPERATING ACTIVITIES","38","ChangeInOtherCurrentAssets","Change In Other Current Assets","CASH FLOWS - OPERATING ACTIVITIES - Change In Other Current Assets"
"CASH FLOWS","depreciation","OPERATING ACTIVITIES","39","Depreciation","Depreciation","CASH FLOWS - OPERATING ACTIVITIES - Depreciation"
"CASH FLOWS","depreciationAmortizationDepletion","OPERATING ACTIVITIES","40","DepreciationAmortizationDepletion","Depreciation Amortization Depletion","CASH FLOWS - OPERATING ACTIVITIES - Depreciation Amortization Depletion"
"CASH FLOWS","depreciationAndAmortization","OPERATING ACTIVITIES","41","DepreciationAndAmortization","Depreciation And Amortization","CASH FLOWS - OPERATING ACTIVITIES - Depreciation And Amortization"
"CASH FLOWS","interestPaidDirect (Operating)","OPERATING ACTIVITIES","42","InterestPaidDirect (Operating)","Interest Paid Direct (Operating)","CASH FLOWS - OPERATING ACTIVITIES - Interest Paid Direct (Operating)"
"CASH FLOWS","stockBasedCompensation","OPERATING ACTIVITIES","43","StockBasedCompensation","Stock Based Compensation","CASH FLOWS - OPERATING ACTIVITIES - Stock Based Compensation"
"CASH FLOWS","interestPaidSupplementalData","OPERATING ACTIVITIES","44","InterestPaidSupplementalData","Interest Paid Supplemental Data","CASH FLOWS - OPERATING ACTIVITIES - Interest Paid Supplemental Data"
"CASH FLOWS","provisionandWriteOffofAssets","OPERATING ACTIVITIES","45","ProvisionandWriteOffofAssets","Provisionand Write Offof Assets","CASH FLOWS - OPERATING ACTIVITIES - Provisionand Write Offof Assets"
"CASH FLOWS","unrealizedGainLossOnInvestmentSecurities","INVESTING ACTIVITIES","46","UnrealizedGainLossOnInvestmentSecurities","Unrealized Gain Loss On Investment Securities","CASH FLOWS - INVESTING ACTIVITIES - Unrealized Gain Loss On Investment Securities"
"CASH FLOWS","gainLossOnInvestmentSecurities","INVESTING ACTIVITIES","47","GainLossOnInvestmentSecurities","Gain Loss On Investment Securities","CASH FLOWS - INVESTING ACTIVITIES - Gain Loss On Investment Securities"
"CASH FLOWS","gainLossOnSaleOfBusiness","INVESTING ACTIVITIES","48","GainLossOnSaleOfBusiness","Gain Loss On Sale Of Business","CASH FLOWS - INVESTING ACTIVITIES - Gain Loss On Sale Of Business"
"CASH FLOWS","gainLossOnSaleOfPPE","INVESTING ACTIVITIES","49","GainLossOnSaleOfPPE","Gain Loss On Sale Of PPE","CASH FLOWS - INVESTING ACTIVITIES - Gain Loss On Sale Of PPE"
"CASH FLOWS","operatingGainsLosses","OPERATING ACTIVITIES","50","OperatingGainsLosses","Operating Gains Losses","CASH FLOWS - OPERATING ACTIVITIES - Operating Gains Losses"
"CASH FLOWS","cashFlowFromDiscontinuedOperation","OPERATING ACTIVITIES","51","CashFlowFromDiscontinuedOperation","Cash Flow From Discontinued Operation","CASH FLOWS - OPERATING ACTIVITIES - Cash Flow From Discontinued Operation"
"CASH FLOWS","otherNonCashItems","OPERATING ACTIVITIES","52","OtherNonCashItems","Other Non Cash Items","CASH FLOWS - OPERATING ACTIVITIES - Other Non Cash Items"
"CASH FLOWS","cashFromDiscontinuedOperatingActivities","OPERATING ACTIVITIES","53","CashFromDiscontinuedOperatingActivities","Cash From Discontinued Operating Activities","CASH FLOWS - OPERATING ACTIVITIES - Cash From Discontinued Operating Activities"
"CASH FLOWS","otherCashAdjustmentInsideChangeinCash","OPERATING ACTIVITIES","54","OtherCashAdjustmentInsideChangeinCash","Other Cash Adjustment Inside Changein Cash","CASH FLOWS - OPERATING ACTIVITIES - Other Cash Adjustment Inside Changein Cash"
"CASH FLOWS","operatingCashFlow","OPERATING ACTIVITIES","55","OperatingCashFlow","Operating Cash Flow","CASH FLOWS - OPERATING ACTIVITIES - Operating Cash Flow"
"CASH FLOWS","cashFlowFromContinuingOperatingActivities","OPERATING ACTIVITIES","56","CashFlowFromContinuingOperatingActivities","Cash Flow From Continuing Operating Activities","CASH FLOWS - OPERATING ACTIVITIES - Cash Flow From Continuing Operating Activities"
"CASH FLOWS","earningsLossesFromEquityInvestments","OPERATING ACTIVITIES","57","EarningsLossesFromEquityInvestments","Earnings Losses From Equity Investments","CASH FLOWS - OPERATING ACTIVITIES - Earnings Losses From Equity Investments"
"CASH FLOWS","cashFlowFromDiscontinuedOperatingActivities","OPERATING ACTIVITIES","58","CashFlowFromDiscontinuedOperatingActivities","Cash Flow From Discontinued Operating Activities","CASH FLOWS - OPERATING ACTIVITIES - Cash Flow From Discontinued Operating Activities"
"CASH FLOWS","cashFlowsfromusedinOperatingActivitiesDirect","OPERATING ACTIVITIES","59","CashFlowsfromusedinOperatingActivitiesDirect","Cash Flowsfromusedin Operating Activities Direct","CASH FLOWS - OPERATING ACTIVITIES - Cash Flowsfromusedin Operating Activities Direct"
"CASH FLOWS","saleOfBusiness","INVESTING ACTIVITIES","60","SaleOfBusiness","Sale Of Business","CASH FLOWS - INVESTING ACTIVITIES - Sale Of Business"
"CASH FLOWS","saleOfInvestment","INVESTING ACTIVITIES","62","SaleOfInvestment","Sale Of Investment","CASH FLOWS - INVESTING ACTIVITIES - Sale Of Investment"
"CASH FLOWS","saleOfIntangibles","INVESTING ACTIVITIES","63","SaleOfIntangibles","Sale Of Intangibles","CASH FLOWS - INVESTING ACTIVITIES - Sale Of Intangibles"
"CASH FLOWS","saleOfInvestmentProperties","INVESTING ACTIVITIES","64","SaleOfInvestmentProperties","Sale Of Investment Properties","CASH FLOWS - INVESTING ACTIVITIES - Sale Of Investment Properties"
"CASH FLOWS","dividendsReceivedCFI","FINANCING ACTIVITIES","65","DividendsReceivedCFI","Dividends Received CFI","CASH FLOWS - FINANCING ACTIVITIES - Dividends Received CFI"
"CASH FLOWS","interestReceivedCFI","OPERATING ACTIVITIES","66","InterestReceivedCFI","Interest Received CFI","CASH FLOWS - OPERATING ACTIVITIES - Interest Received CFI"
"CASH FLOWS","purchaseOfBusiness","INVESTING ACTIVITIES","67","PurchaseOfBusiness","Purchase Of Business","CASH FLOWS - INVESTING ACTIVITIES - Purchase Of Business"
"CASH FLOWS","purchaseOfPPE","INVESTING ACTIVITIES","68","PurchaseOfPPE","Purchase Of PPE","CASH FLOWS - INVESTING ACTIVITIES - Purchase Of PPE"
"CASH FLOWS","purchaseOfInvestment","INVESTING ACTIVITIES","69","PurchaseOfInvestment","Purchase Of Investment","CASH FLOWS - INVESTING ACTIVITIES - Purchase Of Investment"
"CASH FLOWS","purchaseOfIntangibles","INVESTING ACTIVITIES","70","PurchaseOfIntangibles","Purchase Of Intangibles","CASH FLOWS - INVESTING ACTIVITIES - Purchase Of Intangibles"
"CASH FLOWS","purchaseOfInvestmentProperties","INVESTING ACTIVITIES","71","PurchaseOfInvestmentProperties","Purchase Of Investment Properties","CASH FLOWS - INVESTING ACTIVITIES - Purchase Of Investment Properties"
"CASH FLOWS","netPPEPurchaseAndSale","INVESTING ACTIVITIES","72","NetPPEPurchaseAndSale","Net PPEPurchase And Sale","CASH FLOWS - INVESTING ACTIVITIES - Net PPEPurchase And Sale"
"CASH FLOWS","netBusinessPurchaseAndSale","INVESTING ACTIVITIES","73","NetBusinessPurchaseAndSale","Net Business Purchase And Sale","CASH FLOWS - INVESTING ACTIVITIES - Net Business Purchase And Sale"
"CASH FLOWS","netIncome","OPERATING ACTIVITIES","74","NetIncome","Net Income","CASH FLOWS - OPERATING ACTIVITIES - Net Income"
"CASH FLOWS","netIncomeFromContinuingOperations","OPERATING ACTIVITIES","75","NetIncomeFromContinuingOperations","Net Income From Continuing Operations","CASH FLOWS - OPERATING ACTIVITIES - Net Income From Continuing Operations"
"CASH FLOWS","netInvestmentPurchaseAndSale","INVESTING ACTIVITIES","76","NetInvestmentPurchaseAndSale","Net Investment Purchase And Sale","CASH FLOWS - INVESTING ACTIVITIES - Net Investment Purchase And Sale"
"CASH FLOWS","netIntangiblesPurchaseAndSale","INVESTING ACTIVITIES","77","NetIntangiblesPurchaseAndSale","Net Intangibles Purchase And Sale","CASH FLOWS - INVESTING ACTIVITIES - Net Intangibles Purchase And Sale"
"CASH FLOWS","netInvestmentPropertiesPurchaseAndSale","INVESTING ACTIVITIES","78","NetInvestmentPropertiesPurchaseAndSale","Net Investment Properties Purchase And Sale","CASH FLOWS - INVESTING ACTIVITIES - Net Investment Properties Purchase And Sale"
"CASH FLOWS","otherCashAdjustmentOutsideChangeinCash","INVESTING ACTIVITIES","79","OtherCashAdjustmentOutsideChangeinCash","Other Cash Adjustment Outside Changein Cash","CASH FLOWS - INVESTING ACTIVITIES - Other Cash Adjustment Outside Changein Cash"
"CASH FLOWS","cashFlowFromContinuingInvestingActivities","INVESTING ACTIVITIES","80","CashFlowFromContinuingInvestingActivities","Cash Flow From Continuing Investing Activities","CASH FLOWS - INVESTING ACTIVITIES - Cash Flow From Continuing Investing Activities"
"CASH FLOWS","cashFromDiscontinuedInvestingActivities","INVESTING ACTIVITIES","81","CashFromDiscontinuedInvestingActivities","Cash From Discontinued Investing Activities","CASH FLOWS - INVESTING ACTIVITIES - Cash From Discontinued Investing Activities"
"CASH FLOWS","investingCashFlow","INVESTING ACTIVITIES","82","InvestingCashFlow","Investing Cash Flow","CASH FLOWS - INVESTING ACTIVITIES - Investing Cash Flow"
"CASH FLOWS","issuanceOfDebt","FINANCING ACTIVITIES","83","IssuanceOfDebt","Issuance Of Debt","CASH FLOWS - FINANCING ACTIVITIES - Issuance Of Debt"
"CASH FLOWS","cashFlowFromDiscontinuedInvestingActivities","INVESTING ACTIVITIES","84","CashFlowFromDiscontinuedInvestingActivities","Cash Flow From Discontinued Investing Activities","CASH FLOWS - INVESTING ACTIVITIES - Cash Flow From Discontinued Investing Activities"
"CASH FLOWS","longTermDebtIssuance","FINANCING ACTIVITIES","85","LongTermDebtIssuance","Long Term Debt Issuance","CASH FLOWS - FINANCING ACTIVITIES - Long Term Debt Issuance"
"CASH FLOWS","shortTermDebtIssuance","FINANCING ACTIVITIES","86","ShortTermDebtIssuance","Short Term Debt Issuance","CASH FLOWS - FINANCING ACTIVITIES - Short Term Debt Issuance"
"CASH FLOWS","netShortTermDebtIssuance","FINANCING ACTIVITIES","87","NetShortTermDebtIssuance","Net Short Term Debt Issuance","CASH FLOWS - FINANCING ACTIVITIES - Net Short Term Debt Issuance"
"CASH FLOWS","netLongTermDebtIssuance","FINANCING ACTIVITIES","88","NetLongTermDebtIssuance","Net Long Term Debt Issuance","CASH FLOWS - FINANCING ACTIVITIES - Net Long Term Debt Issuance"
"CASH FLOWS","preferredStockIssuance","FINANCING ACTIVITIES","89","PreferredStockIssuance","Preferred Stock Issuance","CASH FLOWS - FINANCING ACTIVITIES - Preferred Stock Issuance"
"CASH FLOWS","issuanceOfCapitalStock","FINANCING ACTIVITIES","90","IssuanceOfCapitalStock","Issuance Of Capital Stock","CASH FLOWS - FINANCING ACTIVITIES - Issuance Of Capital Stock"
"CASH FLOWS","proceedsFromStockOptionExercised","INVESTING ACTIVITIES","91","ProceedsFromStockOptionExercised","Proceeds From Stock Option Exercised","CASH FLOWS - INVESTING ACTIVITIES - Proceeds From Stock Option Exercised"
"CASH FLOWS","commonStockIssuance","FINANCING ACTIVITIES","92","CommonStockIssuance","Common Stock Issuance","CASH FLOWS - FINANCING ACTIVITIES - Common Stock Issuance"
"CASH FLOWS","repaymentOfDebt","FINANCING ACTIVITIES","93","RepaymentOfDebt","Repayment Of Debt","CASH FLOWS - FINANCING ACTIVITIES - Repayment Of Debt"
"CASH FLOWS","longTermDebtPayments","FINANCING ACTIVITIES","94","LongTermDebtPayments","Long Term Debt Payments","CASH FLOWS - FINANCING ACTIVITIES - Long Term Debt Payments"
"CASH FLOWS","shortTermDebtPayments","FINANCING ACTIVITIES","95","ShortTermDebtPayments","Short Term Debt Payments","CASH FLOWS - FINANCING ACTIVITIES - Short Term Debt Payments"
"CASH FLOWS","netIssuancePaymentsOfDebt","FINANCING ACTIVITIES","96","NetIssuancePaymentsOfDebt","Net Issuance Payments Of Debt","CASH FLOWS - FINANCING ACTIVITIES - Net Issuance Payments Of Debt"
"CASH FLOWS","commonStockPayments","FINANCING ACTIVITIES","97","CommonStockPayments","Common Stock Payments","CASH FLOWS - FINANCING ACTIVITIES - Common Stock Payments"
"CASH FLOWS","preferredStockPayments","FINANCING ACTIVITIES","98","PreferredStockPayments","Preferred Stock Payments","CASH FLOWS - FINANCING ACTIVITIES - Preferred Stock Payments"
"INCOME STATEMENT","pretaxIncome","PRETAX INCOME","40","PretaxIncome","Pretax Income","INCOME STATEMENT - PRETAX INCOME - Pretax Income"
"CASH FLOWS","cashDividendsPaid","FINANCING ACTIVITIES","99","CashDividendsPaid","Cash Dividends Paid","CASH FLOWS - FINANCING ACTIVITIES - Cash Dividends Paid"
"CASH FLOWS","preferredStockDividendPaid","FINANCING ACTIVITIES","100","PreferredStockDividendPaid","Preferred Stock Dividend Paid","CASH FLOWS - FINANCING ACTIVITIES - Preferred Stock Dividend Paid"
"CASH FLOWS","capitalExpenditure","INVESTING ACTIVITIES","101","CapitalExpenditure","Capital Expenditure","CASH FLOWS - INVESTING ACTIVITIES - Capital Expenditure"
"CASH FLOWS","repurchaseOfCapitalStock","FINANCING ACTIVITIES","102","RepurchaseOfCapitalStock","Repurchase Of Capital Stock","CASH FLOWS - FINANCING ACTIVITIES - Repurchase Of Capital Stock"
"CASH FLOWS","capitalExpenditureReported","INVESTING ACTIVITIES","103","CapitalExpenditureReported","Capital Expenditure Reported","CASH FLOWS - INVESTING ACTIVITIES - Capital Expenditure Reported"
"CASH FLOWS","netPreferredStockIssuance","FINANCING ACTIVITIES","104","NetPreferredStockIssuance","Net Preferred Stock Issuance","CASH FLOWS - FINANCING ACTIVITIES - Net Preferred Stock Issuance"
"CASH FLOWS","netCommonStockIssuance","FINANCING ACTIVITIES","105","NetCommonStockIssuance","Net Common Stock Issuance","CASH FLOWS - FINANCING ACTIVITIES - Net Common Stock Issuance"
"CASH FLOWS","netOtherFinancingCharges","FINANCING ACTIVITIES","106","NetOtherFinancingCharges","Net Other Financing Charges","CASH FLOWS - FINANCING ACTIVITIES - Net Other Financing Charges"
"CASH FLOWS","financingCashFlow","FINANCING ACTIVITIES","107","FinancingCashFlow","Financing Cash Flow","CASH FLOWS - FINANCING ACTIVITIES - Financing Cash Flow"
"CASH FLOWS","investmentinFinancialAssets","INVESTING ACTIVITIES","108","InvestmentinFinancialAssets","Investmentin Financial Assets","CASH FLOWS - INVESTING ACTIVITIES - Investmentin Financial Assets"
"CASH FLOWS","cashFlowFromContinuingFinancingActivities","FINANCING ACTIVITIES","109","CashFlowFromContinuingFinancingActivities","Cash Flow From Continuing Financing Activities","CASH FLOWS - FINANCING ACTIVITIES - Cash Flow From Continuing Financing Activities"
"CASH FLOWS","longTermDebtPayments (Investing Component)","INVESTING ACTIVITIES","110","LongTermDebtPayments (Investing Component)","Long Term Debt Payments (Investing Component)","CASH FLOWS - INVESTING ACTIVITIES - Long Term Debt Payments (Investing Component)"
"CASH FLOWS","cashFromDiscontinuedFinancingActivities","OPERATING ACTIVITIES","111","CashFromDiscontinuedFinancingActivities","Cash From Discontinued Financing Activities","CASH FLOWS - OPERATING ACTIVITIES - Cash From Discontinued Financing Activities"
"CASH FLOWS","beginningCashPosition","STARTING ENDING BALANCES","112","BeginningCashPosition","Beginning Cash Position","CASH FLOWS - STARTING ENDING BALANCES - Beginning Cash Position"
"CASH FLOWS","netOtherInvestingChanges","INVESTING ACTIVITIES","113","NetOtherInvestingChanges","Net Other Investing Changes","CASH FLOWS - INVESTING ACTIVITIES - Net Other Investing Changes"
"CASH FLOWS","endCashPosition","STARTING ENDING BALANCES","114","EndCashPosition","End Cash Position","CASH FLOWS - STARTING ENDING BALANCES - End Cash Position"
"CASH FLOWS","longTermEquityInvestment","INVESTING ACTIVITIES","115","LongTermEquityInvestment","Long Term Equity Investment","CASH FLOWS - INVESTING ACTIVITIES - Long Term Equity Investment"
"CASH FLOWS","changesInCash","OPERATING ACTIVITIES","116","ChangesInCash","Changes In Cash","CASH FLOWS - OPERATING ACTIVITIES - Changes In Cash"
"CASH FLOWS","netForeignCurrencyExchangeGainLoss","INVESTING ACTIVITIES","117","NetForeignCurrencyExchangeGainLoss","Net Foreign Currency Exchange Gain Loss","CASH FLOWS - INVESTING ACTIVITIES - Net Foreign Currency Exchange Gain Loss"
"CASH FLOWS","changeInCashSupplementalAsReported","SUPPLEMENTAL DISCLOSURES","118","ChangeInCashSupplementalAsReported","Change In Cash Supplemental As Reported","CASH FLOWS - SUPPLEMENTAL DISCLOSURES - Change In Cash Supplemental As Reported"
"CASH FLOWS","cashFlowFromDiscontinuedFinancingActivities","FINANCING ACTIVITIES","119","CashFlowFromDiscontinuedFinancingActivities","Cash Flow From Discontinued Financing Activities","CASH FLOWS - FINANCING ACTIVITIES - Cash Flow From Discontinued Financing Activities"
"CASH FLOWS","excessTaxBenefitFromStockBasedCompensation","FINANCING ACTIVITIES","120","ExcessTaxBenefitFromStockBasedCompensation","Excess Tax Benefit From Stock Based Compensation","CASH FLOWS - FINANCING ACTIVITIES - Excess Tax Benefit From Stock Based Compensation"
"CASH FLOWS","effectOfExchangeRateChanges","OPERATING ACTIVITIES","121","EffectOfExchangeRateChanges","Effect Of Exchange Rate Changes","CASH FLOWS - OPERATING ACTIVITIES - Effect Of Exchange Rate Changes"
"CASH FLOWS","freeCashFlow","FINANCING ACTIVITIES","122","FreeCashFlow","Free Cash Flow","CASH FLOWS - FINANCING ACTIVITIES - Free Cash Flow"
"CASH FLOWS","amortizationCashFlow","OPERATING ACTIVITIES","123","AmortizationCashFlow","Amortization Cash Flow","CASH FLOWS - OPERATING ACTIVITIES - Amortization Cash Flow"
"CASH FLOWS","amortizationOfIntangibles","OPERATING ACTIVITIES","124","AmortizationOfIntangibles","Amortization Of Intangibles","CASH FLOWS - OPERATING ACTIVITIES - Amortization Of Intangibles"
"CASH FLOWS","amortizationOfSecurities","OPERATING ACTIVITIES","125","AmortizationOfSecurities","Amortization Of Securities","CASH FLOWS - OPERATING ACTIVITIES - Amortization Of Securities"
"CASH FLOWS","assetImpairmentCharge","OPERATING ACTIVITIES","126","AssetImpairmentCharge","Asset Impairment Charge","CASH FLOWS - OPERATING ACTIVITIES - Asset Impairment Charge"
"CASH FLOWS","dividendsPaidDirect","FINANCING ACTIVITIES","127","DividendsPaidDirect","Dividends Paid Direct","CASH FLOWS - FINANCING ACTIVITIES - Dividends Paid Direct"
"CASH FLOWS","otherCashAdjustmentOutsideChangeinCash","INVESTING ACTIVITIES","128","OtherCashAdjustmentOutsideChangeinCash","Other Cash Adjustment Outside Changein Cash","CASH FLOWS - INVESTING ACTIVITIES - Other Cash Adjustment Outside Changein Cash"
"CASH FLOWS","otherNonCashItems","OPERATING ACTIVITIES","129","OtherNonCashItems","Other Non Cash Items","CASH FLOWS - OPERATING ACTIVITIES - Other Non Cash Items"
"CASH FLOWS","longTermDebtPayments (Financing Component)","FINANCING ACTIVITIES","130","LongTermDebtPayments (Financing Component)","Long Term Debt Payments (Financing Component)","CASH FLOWS - FINANCING ACTIVITIES - Long Term Debt Payments (Financing Component)"
"CASH FLOWS","interestPaidCFF","FINANCING ACTIVITIES","131","InterestPaidCFF","Interest Paid CFF","CASH FLOWS - FINANCING ACTIVITIES - Interest Paid CFF"
"CASH FLOWS","commonStockDividendPaid","FINANCING ACTIVITIES","132","CommonStockDividendPaid","Common Stock Dividend Paid","CASH FLOWS - FINANCING ACTIVITIES - Common Stock Dividend Paid"
"INCOME STATEMENT","totalRevenue","REVENUE","1","TotalRevenue","Total Revenue","INCOME STATEMENT - REVENUE - Total Revenue"
"INCOME STATEMENT","operatingRevenue","REVENUE","2","OperatingRevenue","Operating Revenue","INCOME STATEMENT - REVENUE - Operating Revenue"
"INCOME STATEMENT","costOfRevenue","COST OF REVENUE","3","CostOfRevenue","Cost Of Revenue","INCOME STATEMENT - COST OF REVENUE - Cost Of Revenue"
"INCOME STATEMENT","reconciledCostOfRevenue","COST OF REVENUE","4","ReconciledCostOfRevenue","Reconciled Cost Of Revenue","INCOME STATEMENT - COST OF REVENUE - Reconciled Cost Of Revenue"
"INCOME STATEMENT","grossProfit","REVENUE","5","GrossProfit","Gross Profit","INCOME STATEMENT - REVENUE - Gross Profit"
"INCOME STATEMENT","researchAndDevelopment","OPERATING EXPENSES","6","ResearchAndDevelopment","Research And Development","INCOME STATEMENT - OPERATING EXPENSES - Research And Development"
"INCOME STATEMENT","sellingAndMarketingExpense","OPERATING EXPENSES","7","SellingAndMarketingExpense","Selling And Marketing Expense","INCOME STATEMENT - OPERATING EXPENSES - Selling And Marketing Expense"
"INCOME STATEMENT","sellingGeneralAndAdministration","OPERATING EXPENSES","8","SellingGeneralAndAdministration","Selling General And Administration","INCOME STATEMENT - OPERATING EXPENSES - Selling General And Administration"
"INCOME STATEMENT","salariesAndWages","OPERATING EXPENSES","9","SalariesAndWages","Salaries And Wages","INCOME STATEMENT - OPERATING EXPENSES - Salaries And Wages"
"INCOME STATEMENT","depreciationAndAmortizationInIncomeStatement","COST OF REVENUE","10","DepreciationAndAmortizationInIncomeStatement","Depreciation And Amortization In Income Statement","INCOME STATEMENT - COST OF REVENUE - Depreciation And Amortization In Income Statement"
"INCOME STATEMENT","generalAndAdministrativeExpense","OPERATING EXPENSES","11","GeneralAndAdministrativeExpense","General And Administrative Expense","INCOME STATEMENT - OPERATING EXPENSES - General And Administrative Expense"
"INCOME STATEMENT","rentAndLandingFees","OPERATING EXPENSES","12","RentAndLandingFees","Rent And Landing Fees","INCOME STATEMENT - OPERATING EXPENSES - Rent And Landing Fees"
"INCOME STATEMENT","rentExpenseSupplemental","OPERATING EXPENSES","13","RentExpenseSupplemental","Rent Expense Supplemental","INCOME STATEMENT - OPERATING EXPENSES - Rent Expense Supplemental"
"INCOME STATEMENT","depreciationAmortizationDepletionIncomeStatement","COST OF REVENUE","14","DepreciationAmortizationDepletionIncomeStatement","Depreciation Amortization Depletion Income Statement","INCOME STATEMENT - COST OF REVENUE - Depreciation Amortization Depletion Income Statement"
"INCOME STATEMENT","depreciationIncomeStatement","COST OF REVENUE","15","DepreciationIncomeStatement","Depreciation Income Statement","INCOME STATEMENT - COST OF REVENUE - Depreciation Income Statement"
"INCOME STATEMENT","amortization","AMORTIZATION","16","Amortization","Amortization","INCOME STATEMENT - AMORTIZATION - Amortization"
"INCOME STATEMENT","amortizationOfIntangiblesIncomeStatement","AMORTIZATION","17","AmortizationOfIntangiblesIncomeStatement","Amortization Of Intangibles Income Statement","INCOME STATEMENT - AMORTIZATION - Amortization Of Intangibles Income Statement"
"INCOME STATEMENT","depletionIncomeStatement","COST OF REVENUE","18","DepletionIncomeStatement","Depletion Income Statement","INCOME STATEMENT - COST OF REVENUE - Depletion Income Statement"
"INCOME STATEMENT","reconciledDepreciation","OTHER ITEMS","19","ReconciledDepreciation","Reconciled Depreciation","INCOME STATEMENT - OTHER ITEMS - Reconciled Depreciation"
"INCOME STATEMENT","otherOperatingExpenses","OPERATING EXPENSES","20","OtherOperatingExpenses","Other Operating Expenses","INCOME STATEMENT - OPERATING EXPENSES - Other Operating Expenses"
"INCOME STATEMENT","operatingExpense","OPERATING EXPENSES","21","OperatingExpense","Operating Expense","INCOME STATEMENT - OPERATING EXPENSES - Operating Expense"
"INCOME STATEMENT","EBIT","OPERATING INCOME","22","EBIT","EBIT","INCOME STATEMENT - OPERATING INCOME - EBIT"
"INCOME STATEMENT","exciseTaxes","OPERATING EXPENSES","23","ExciseTaxes","Excise Taxes","INCOME STATEMENT - OPERATING EXPENSES - Excise Taxes"
"INCOME STATEMENT","operatingIncome","OPERATING INCOME","24","OperatingIncome","Operating Income","INCOME STATEMENT - OPERATING INCOME - Operating Income"
"INCOME STATEMENT","interestIncome","INTEREST INCOME OR EXPENSE","25","InterestIncome","Interest Income","INCOME STATEMENT - INTEREST INCOME OR EXPENSE - Interest Income"
"INCOME STATEMENT","interestIncomeNonOperating","INTEREST INCOME OR EXPENSE","26","InterestIncomeNonOperating","Interest Income Non Operating","INCOME STATEMENT - INTEREST INCOME OR EXPENSE - Interest Income Non Operating"
"INCOME STATEMENT","interestExpense","INTEREST INCOME OR EXPENSE","27","InterestExpense","Interest Expense","INCOME STATEMENT - INTEREST INCOME OR EXPENSE - Interest Expense"
"INCOME STATEMENT","interestExpenseNonOperating","INTEREST INCOME OR EXPENSE","28","InterestExpenseNonOperating","Interest Expense Non Operating","INCOME STATEMENT - INTEREST INCOME OR EXPENSE - Interest Expense Non Operating"
"INCOME STATEMENT","netInterestIncome","INTEREST INCOME OR EXPENSE","29","NetInterestIncome","Net Interest Income","INCOME STATEMENT - INTEREST INCOME OR EXPENSE - Net Interest Income"
"INCOME STATEMENT","ebit","OPERATING INCOME","30","Ebit","Ebit","INCOME STATEMENT - OPERATING INCOME - Ebit"
"INCOME STATEMENT","netNonOperatingInterestIncomeExpense","INTEREST INCOME OR EXPENSE","31","NetNonOperatingInterestIncomeExpense","Net Non Operating Interest Income Expense","INCOME STATEMENT - INTEREST INCOME OR EXPENSE - Net Non Operating Interest Income Expense"
"INCOME STATEMENT","otherIncomeExpense","OTHER INCOME OR EXPENSE","32","OtherIncomeExpense","Other Income Expense","INCOME STATEMENT - OTHER INCOME OR EXPENSE - Other Income Expense"
"INCOME STATEMENT","otherNonOperatingIncomeExpenses","OTHER INCOME OR EXPENSE","33","OtherNonOperatingIncomeExpenses","Other Non Operating Income Expenses","INCOME STATEMENT - OTHER INCOME OR EXPENSE - Other Non Operating Income Expenses"
"INCOME STATEMENT","gainOnSaleOfBusiness","OTHER INCOME OR EXPENSE","34","GainOnSaleOfBusiness","Gain On Sale Of Business","INCOME STATEMENT - OTHER INCOME OR EXPENSE - Gain On Sale Of Business"
"INCOME STATEMENT","gainOnSaleOfPPE","OTHER INCOME OR EXPENSE","35","GainOnSaleOfPPE","Gain On Sale Of PPE","INCOME STATEMENT - OTHER INCOME OR EXPENSE - Gain On Sale Of PPE"
"INCOME STATEMENT","gainOnSaleOfSecurity","OTHER INCOME OR EXPENSE","36","GainOnSaleOfSecurity","Gain On Sale Of Security","INCOME STATEMENT - OTHER INCOME OR EXPENSE - Gain On Sale Of Security"
"INCOME STATEMENT","insuranceAndClaims","OPERATING EXPENSES","37","InsuranceAndClaims","Insurance And Claims","INCOME STATEMENT - OPERATING EXPENSES - Insurance And Claims"
"INCOME STATEMENT","restructuringAndMergernAcquisition","SPECIAL OPERATING ITEMS","38","RestructuringAndMergernAcquisition","Restructuring And Mergern Acquisition","INCOME STATEMENT - SPECIAL OPERATING ITEMS - Restructuring And Mergern Acquisition"
"INCOME STATEMENT","securitiesAmortization","OTHER ITEMS","39","SecuritiesAmortization","Securities Amortization","INCOME STATEMENT - OTHER ITEMS - Securities Amortization"
"INCOME STATEMENT","earningsFromEquityInterest","OTHER INCOME OR EXPENSE","41","EarningsFromEquityInterest","Earnings From Equity Interest","INCOME STATEMENT - OTHER INCOME OR EXPENSE - Earnings From Equity Interest"
"INCOME STATEMENT","earningsFromEquityInterestNetOfTax","OTHER INCOME OR EXPENSE","42","EarningsFromEquityInterestNetOfTax","Earnings From Equity Interest Net Of Tax","INCOME STATEMENT - OTHER INCOME OR EXPENSE - Earnings From Equity Interest Net Of Tax"
"INCOME STATEMENT","taxProvision","TAX PROVISION","43","TaxProvision","Tax Provision","INCOME STATEMENT - TAX PROVISION - Tax Provision"
"INCOME STATEMENT","otherTaxes","TAX PROVISION","44","OtherTaxes","Other Taxes","INCOME STATEMENT - TAX PROVISION - Other Taxes"
"INCOME STATEMENT","taxEffectOfUnusualItems","TAX PROVISION","45","TaxEffectOfUnusualItems","Tax Effect Of Unusual Items","INCOME STATEMENT - TAX PROVISION - Tax Effect Of Unusual Items"
"INCOME STATEMENT","taxRateForCalcs","TAX PROVISION","46","TaxRateForCalcs","Tax Rate For Calcs","INCOME STATEMENT - TAX PROVISION - Tax Rate For Calcs"
"INCOME STATEMENT","netIncome","NET INCOME","47","NetIncome","Net Income","INCOME STATEMENT - NET INCOME - Net Income"
"INCOME STATEMENT","netIncomeCommonStockholders","NET INCOME","48","NetIncomeCommonStockholders","Net Income Common Stockholders","INCOME STATEMENT - NET INCOME - Net Income Common Stockholders"
"INCOME STATEMENT","netIncomeContinuousOperations","NET INCOME","49","NetIncomeContinuousOperations","Net Income Continuous Operations","INCOME STATEMENT - NET INCOME - Net Income Continuous Operations"
"INCOME STATEMENT","netIncomeDiscontinuousOperations","NET INCOME","50","NetIncomeDiscontinuousOperations","Net Income Discontinuous Operations","INCOME STATEMENT - NET INCOME - Net Income Discontinuous Operations"
"INCOME STATEMENT","netIncomeExtraordinary","NET INCOME","51","NetIncomeExtraordinary","Net Income Extraordinary","INCOME STATEMENT - NET INCOME - Net Income Extraordinary"
"INCOME STATEMENT","netIncomeFromContinuingAndDiscontinuedOperation","NET INCOME","52","NetIncomeFromContinuingAndDiscontinuedOperation","Net Income From Continuing And Discontinued Operation","INCOME STATEMENT - NET INCOME - Net Income From Continuing And Discontinued Operation"
"INCOME STATEMENT","netIncomeFromContinuingOperationNetMinorityInterest","NET INCOME","53","NetIncomeFromContinuingOperationNetMinorityInterest","Net Income From Continuing Operation Net Minority Interest","INCOME STATEMENT - NET INCOME - Net Income From Continuing Operation Net Minority Interest"
"INCOME STATEMENT","netIncomeIncludingNoncontrollingInterests","NET INCOME","54","NetIncomeIncludingNoncontrollingInterests","Net Income Including Noncontrolling Interests","INCOME STATEMENT - NET INCOME - Net Income Including Noncontrolling Interests"
"INCOME STATEMENT","normalizedIncome","NET INCOME","55","NormalizedIncome","Normalized Income","INCOME STATEMENT - NET INCOME - Normalized Income"
"INCOME STATEMENT","minorityInterests","DIVIDENDS AND MINORITY INTERESTS","56","MinorityInterests","Minority Interests","INCOME STATEMENT - DIVIDENDS AND MINORITY INTERESTS - Minority Interests"
"INCOME STATEMENT","dilutedNIAvailtoComStockholders","NET INCOME","57","DilutedNIAvailtoComStockholders","Diluted NIAvailto Com Stockholders","INCOME STATEMENT - NET INCOME - Diluted NIAvailto Com Stockholders"
"INCOME STATEMENT","otherunderPreferredStockDividend","DIVIDENDS AND MINORITY INTERESTS","58","OtherunderPreferredStockDividend","Otherunder Preferred Stock Dividend","INCOME STATEMENT - DIVIDENDS AND MINORITY INTERESTS - Otherunder Preferred Stock Dividend"
"INCOME STATEMENT","preferredStockDividends","DIVIDENDS AND MINORITY INTERESTS","59","PreferredStockDividends","Preferred Stock Dividends","INCOME STATEMENT - DIVIDENDS AND MINORITY INTERESTS - Preferred Stock Dividends"
"INCOME STATEMENT","basicEPS","EPS","60","BasicEPS","Basic EPS","INCOME STATEMENT - EPS - Basic EPS"
"INCOME STATEMENT","dilutedEPS","EPS","61","DilutedEPS","Diluted EPS","INCOME STATEMENT - EPS - Diluted EPS"
"INCOME STATEMENT","basicAverageShares","EPS","62","BasicAverageShares","Basic Average Shares","INCOME STATEMENT - EPS - Basic Average Shares"
"INCOME STATEMENT","dilutedAverageShares","EPS","63","DilutedAverageShares","Diluted Average Shares","INCOME STATEMENT - EPS - Diluted Average Shares"
"INCOME STATEMENT","netIncomeFromTaxLossCarryforward","NET INCOME","64","NetIncomeFromTaxLossCarryforward","Net Income From Tax Loss Carryforward","INCOME STATEMENT - NET INCOME - Net Income From Tax Loss Carryforward"
"INCOME STATEMENT","averageDilutionEarnings","EPS","65","AverageDilutionEarnings","Average Dilution Earnings","INCOME STATEMENT - EPS - Average Dilution Earnings"
"INCOME STATEMENT","EBITDA","OPERATING INCOME","66","EBITDA","EBITDA","INCOME STATEMENT - OPERATING INCOME - EBITDA"
"INCOME STATEMENT","normalizedEBITDA","OPERATING INCOME","67","NormalizedEBITDA","Normalized EBITDA","INCOME STATEMENT - OPERATING INCOME - Normalized EBITDA"
"INCOME STATEMENT","totalExpenses","OPERATING EXPENSES","68","TotalExpenses","Total Expenses","INCOME STATEMENT - OPERATING EXPENSES - Total Expenses"
"INCOME STATEMENT","totalOperatingIncomeAsReported","OPERATING INCOME","69","TotalOperatingIncomeAsReported","Total Operating Income As Reported","INCOME STATEMENT - OPERATING INCOME - Total Operating Income As Reported"
"INCOME STATEMENT","specialIncomeCharges","SPECIAL INCOME OR CHARGES","70","SpecialIncomeCharges","Special Income Charges","INCOME STATEMENT - SPECIAL INCOME OR CHARGES - Special Income Charges"
"INCOME STATEMENT","otherSpecialCharges","OTHER SPECIAL CHARGES","71","OtherSpecialCharges","Other Special Charges","INCOME STATEMENT - OTHER SPECIAL CHARGES - Other Special Charges"
"INCOME STATEMENT","writeOff","SPECIAL OPERATING ITEMS","72","WriteOff","Write Off","INCOME STATEMENT - SPECIAL OPERATING ITEMS - Write Off"
"INCOME STATEMENT","impairmentOfCapitalAssets","SPECIAL OPERATING ITEMS","73","ImpairmentOfCapitalAssets","Impairment Of Capital Assets","INCOME STATEMENT - SPECIAL OPERATING ITEMS - Impairment Of Capital Assets"
"INCOME STATEMENT","totalOtherFinanceCost","OTHER SPECIAL CHARGES","74","TotalOtherFinanceCost","Total Other Finance Cost","INCOME STATEMENT - OTHER SPECIAL CHARGES - Total Other Finance Cost"
"INCOME STATEMENT","totalUnusualItems","SPECIAL INCOME OR CHARGES","75","TotalUnusualItems","Total Unusual Items","INCOME STATEMENT - SPECIAL INCOME OR CHARGES - Total Unusual Items"
"INCOME STATEMENT","totalUnusualItemsExcludingGoodwill","SPECIAL INCOME OR CHARGES","76","TotalUnusualItemsExcludingGoodwill","Total Unusual Items Excluding Goodwill","INCOME STATEMENT - SPECIAL INCOME OR CHARGES - Total Unusual Items Excluding Goodwill"
"INCOME STATEMENT","provisionForDoubtfulAccounts","COST OF REVENUE","77","ProvisionForDoubtfulAccounts","Provision For Doubtful Accounts","INCOME STATEMENT - COST OF REVENUE - Provision For Doubtful Accounts"
"INCOME STATEMENT","otherGandA","OPERATING EXPENSES","78","OtherGandA","Other Gand A","INCOME STATEMENT - OPERATING EXPENSES - Other Gand A"
